data,vel_100m
2022-12-31 21:00:00,6.8864684
2022-12-31 22:00:00,7.072185
2022-12-31 23:00:00,7.2377076
2023-01-01 00:00:00,8.167923
2023-01-01 01:00:00,9.108778
2023-01-01 02:00:00,8.881234
2023-01-01 03:00:00,8.388439
2023-01-01 04:00:00,8.137483
2023-01-01 05:00:00,8.225099
2023-01-01 06:00:00,8.369733
2023-01-01 07:00:00,8.004496
2023-01-01 08:00:00,8.799783
2023-01-01 09:00:00,8.316802
2023-01-01 10:00:00,7.763512
2023-01-01 11:00:00,7.319135
2023-01-01 12:00:00,6.7901154
2023-01-01 13:00:00,6.332006
2023-01-01 14:00:00,5.919002
2023-01-01 15:00:00,5.587201
2023-01-01 16:00:00,5.247311
2023-01-01 17:00:00,4.6601567
2023-01-01 18:00:00,5.254333
2023-01-01 19:00:00,6.1518483
2023-01-01 20:00:00,6.7389193
2023-01-01 21:00:00,7.130929
2023-01-01 22:00:00,7.405408
2023-01-01 23:00:00,7.8100295
2023-01-02 00:00:00,7.519393
2023-01-02 01:00:00,6.956613
2023-01-02 02:00:00,6.6784987
2023-01-02 03:00:00,6.4285975
2023-01-02 04:00:00,5.9506726
2023-01-02 05:00:00,5.5806766
2023-01-02 06:00:00,5.4472084
2023-01-02 07:00:00,5.6008587
2023-01-02 08:00:00,6.0928516
2023-01-02 09:00:00,5.7540603
2023-01-02 10:00:00,5.2631044
2023-01-02 11:00:00,4.4768443
2023-01-02 12:00:00,4.3398666
2023-01-02 13:00:00,4.4247384
2023-01-02 14:00:00,4.109398
2023-01-02 15:00:00,3.6839244
2023-01-02 16:00:00,3.787479
2023-01-02 17:00:00,3.24356
2023-01-02 18:00:00,3.111825
2023-01-02 19:00:00,3.8283029
2023-01-02 20:00:00,4.7708917
2023-01-02 21:00:00,5.9356065
2023-01-02 22:00:00,6.1203027
2023-01-02 23:00:00,6.082949
2023-01-03 00:00:00,5.5870113
2023-01-03 01:00:00,5.296511
2023-01-03 02:00:00,5.358398
2023-01-03 03:00:00,5.565976
2023-01-03 04:00:00,5.794596
2023-01-03 05:00:00,5.7978635
2023-01-03 06:00:00,5.463963
2023-01-03 07:00:00,5.4363937
2023-01-03 08:00:00,5.4623957
2023-01-03 09:00:00,5.0525723
2023-01-03 10:00:00,4.595397
2023-01-03 11:00:00,4.2221737
2023-01-03 12:00:00,3.4174104
2023-01-03 13:00:00,3.0502539
2023-01-03 14:00:00,3.6137094
2023-01-03 15:00:00,2.932041
2023-01-03 16:00:00,3.357904
2023-01-03 17:00:00,1.6672423
2023-01-03 18:00:00,2.2341642
2023-01-03 19:00:00,2.4639943
2023-01-03 20:00:00,2.6105824
2023-01-03 21:00:00,2.9165354
2023-01-03 22:00:00,3.6393476
2023-01-03 23:00:00,4.3984203
2023-01-04 00:00:00,4.425841
2023-01-04 01:00:00,4.061537
2023-01-04 02:00:00,3.8241916
2023-01-04 03:00:00,4.3784976
2023-01-04 04:00:00,4.1718826
2023-01-04 05:00:00,3.9201205
2023-01-04 06:00:00,3.8662162
2023-01-04 07:00:00,3.6819408
2023-01-04 08:00:00,4.4539633
2023-01-04 09:00:00,5.156382
2023-01-04 10:00:00,5.303118
2023-01-04 11:00:00,5.0837812
2023-01-04 12:00:00,4.5772386
2023-01-04 13:00:00,4.3500595
2023-01-04 14:00:00,3.8470488
2023-01-04 15:00:00,3.8498042
2023-01-04 16:00:00,3.4570274
2023-01-04 17:00:00,2.1855521
2023-01-04 18:00:00,3.555427
2023-01-04 19:00:00,2.9632092
2023-01-04 20:00:00,3.3406107
2023-01-04 21:00:00,3.5759475
2023-01-04 22:00:00,3.8437674
2023-01-04 23:00:00,3.8254645
2023-01-05 00:00:00,3.705038
2023-01-05 01:00:00,3.5421915
2023-01-05 02:00:00,3.5876644
2023-01-05 03:00:00,4.371816
2023-01-05 04:00:00,5.856187
2023-01-05 05:00:00,6.880149
2023-01-05 06:00:00,7.146892
2023-01-05 07:00:00,6.2995486
2023-01-05 08:00:00,6.305164
2023-01-05 09:00:00,6.2288957
2023-01-05 10:00:00,6.4052835
2023-01-05 11:00:00,5.5429196
2023-01-05 12:00:00,4.720979
2023-01-05 13:00:00,4.125624
2023-01-05 14:00:00,3.996285
2023-01-05 15:00:00,4.351234
2023-01-05 16:00:00,4.3140373
2023-01-05 17:00:00,4.3678155
2023-01-05 18:00:00,3.8083348
2023-01-05 19:00:00,3.0503528
2023-01-05 20:00:00,2.258816
2023-01-05 21:00:00,1.9078737
2023-01-05 22:00:00,1.5617396
2023-01-05 23:00:00,1.467044
2023-01-06 00:00:00,1.8802575
2023-01-06 01:00:00,2.1878865
2023-01-06 02:00:00,2.4925966
2023-01-06 03:00:00,2.874277
2023-01-06 04:00:00,3.3716934
2023-01-06 05:00:00,3.8625267
2023-01-06 06:00:00,4.5917163
2023-01-06 07:00:00,4.134382
2023-01-06 08:00:00,3.7212405
2023-01-06 09:00:00,4.1811113
2023-01-06 10:00:00,3.8253603
2023-01-06 11:00:00,3.471814
2023-01-06 12:00:00,3.1587784
2023-01-06 13:00:00,2.7622752
2023-01-06 14:00:00,2.38373
2023-01-06 15:00:00,2.147335
2023-01-06 16:00:00,2.1155937
2023-01-06 17:00:00,1.8649703
2023-01-06 18:00:00,1.7928
2023-01-06 19:00:00,1.3724535
2023-01-06 20:00:00,1.0149885
2023-01-06 21:00:00,0.49694186
2023-01-06 22:00:00,0.42927065
2023-01-06 23:00:00,1.5118749
2023-01-07 00:00:00,2.638979
2023-01-07 01:00:00,3.492729
2023-01-07 02:00:00,3.9714587
2023-01-07 03:00:00,4.457462
2023-01-07 04:00:00,4.818292
2023-01-07 05:00:00,5.4775715
2023-01-07 06:00:00,6.1384706
2023-01-07 07:00:00,6.810552
2023-01-07 08:00:00,7.168288
2023-01-07 09:00:00,6.746225
2023-01-07 10:00:00,6.496383
2023-01-07 11:00:00,6.424785
2023-01-07 12:00:00,6.112198
2023-01-07 13:00:00,5.5980787
2023-01-07 14:00:00,5.029279
2023-01-07 15:00:00,4.315809
2023-01-07 16:00:00,4.316559
2023-01-07 17:00:00,3.982793
2023-01-07 18:00:00,3.6873348
2023-01-07 19:00:00,3.2231069
2023-01-07 20:00:00,2.7025106
2023-01-07 21:00:00,1.9162756
2023-01-07 22:00:00,1.6304741
2023-01-07 23:00:00,1.4675181
2023-01-08 00:00:00,1.724362
2023-01-08 01:00:00,3.0846467
2023-01-08 02:00:00,4.5470843
2023-01-08 03:00:00,5.472654
2023-01-08 04:00:00,6.3110304
2023-01-08 05:00:00,6.786671
2023-01-08 06:00:00,6.8995447
2023-01-08 07:00:00,6.0527973
2023-01-08 08:00:00,6.1910396
2023-01-08 09:00:00,5.9867864
2023-01-08 10:00:00,6.0234747
2023-01-08 11:00:00,5.5985928
2023-01-08 12:00:00,5.0742717
2023-01-08 13:00:00,4.4871397
2023-01-08 14:00:00,4.1633167
2023-01-08 15:00:00,4.036892
2023-01-08 16:00:00,3.8950582
2023-01-08 17:00:00,3.8385997
2023-01-08 18:00:00,3.9682832
2023-01-08 19:00:00,4.1145096
2023-01-08 20:00:00,4.090578
2023-01-08 21:00:00,3.602561
2023-01-08 22:00:00,2.8601494
2023-01-08 23:00:00,2.4057627
2023-01-09 00:00:00,2.3318586
2023-01-09 01:00:00,2.8307216
2023-01-09 02:00:00,3.9685328
2023-01-09 03:00:00,5.284495
2023-01-09 04:00:00,7.068393
2023-01-09 05:00:00,8.107306
2023-01-09 06:00:00,8.143488
2023-01-09 07:00:00,6.9692297
2023-01-09 08:00:00,6.8773737
2023-01-09 09:00:00,6.791253
2023-01-09 10:00:00,6.0175104
2023-01-09 11:00:00,5.4053493
2023-01-09 12:00:00,4.9060445
2023-01-09 13:00:00,4.2386823
2023-01-09 14:00:00,3.83418
2023-01-09 15:00:00,3.4882061
2023-01-09 16:00:00,3.446254
2023-01-09 17:00:00,3.4222224
2023-01-09 18:00:00,3.4961896
2023-01-09 19:00:00,4.442885
2023-01-09 20:00:00,4.3438687
2023-01-09 21:00:00,3.8789523
2023-01-09 22:00:00,3.609421
2023-01-09 23:00:00,3.8701742
2023-01-10 00:00:00,3.655591
2023-01-10 01:00:00,2.930642
2023-01-10 02:00:00,3.173196
2023-01-10 03:00:00,4.301563
2023-01-10 04:00:00,5.81821
2023-01-10 05:00:00,6.743612
2023-01-10 06:00:00,6.8035727
2023-01-10 07:00:00,6.271825
2023-01-10 08:00:00,6.176155
2023-01-10 09:00:00,6.5371428
2023-01-10 10:00:00,6.0054073
2023-01-10 11:00:00,5.662584
2023-01-10 12:00:00,5.0084624
2023-01-10 13:00:00,4.189157
2023-01-10 14:00:00,3.5831819
2023-01-10 15:00:00,3.5052702
2023-01-10 16:00:00,3.6906614
2023-01-10 17:00:00,3.8580513
2023-01-10 18:00:00,3.6642694
2023-01-10 19:00:00,3.3487525
2023-01-10 20:00:00,3.4483457
2023-01-10 21:00:00,3.4862778
2023-01-10 22:00:00,3.0419211
2023-01-10 23:00:00,2.4674914
2023-01-11 00:00:00,2.5684156
2023-01-11 01:00:00,3.9943001
2023-01-11 02:00:00,5.574556
2023-01-11 03:00:00,6.57959
2023-01-11 04:00:00,7.246727
2023-01-11 05:00:00,7.287151
2023-01-11 06:00:00,7.0974627
2023-01-11 07:00:00,6.3781605
2023-01-11 08:00:00,6.659568
2023-01-11 09:00:00,5.845973
2023-01-11 10:00:00,4.8469095
2023-01-11 11:00:00,3.7711399
2023-01-11 12:00:00,2.8855474
2023-01-11 13:00:00,2.5077043
2023-01-11 14:00:00,2.313025
2023-01-11 15:00:00,1.9027933
2023-01-11 16:00:00,1.772332
2023-01-11 17:00:00,2.1671453
2023-01-11 18:00:00,2.7682734
2023-01-11 19:00:00,3.0326107
2023-01-11 20:00:00,3.0832016
2023-01-11 21:00:00,2.8890266
2023-01-11 22:00:00,2.4133523
2023-01-11 23:00:00,1.9288553
2023-01-12 00:00:00,1.5837042
2023-01-12 01:00:00,1.5095135
2023-01-12 02:00:00,2.461015
2023-01-12 03:00:00,4.6782537
2023-01-12 04:00:00,5.7617908
2023-01-12 05:00:00,6.3422027
2023-01-12 06:00:00,6.909874
2023-01-12 07:00:00,6.582819
2023-01-12 08:00:00,6.7644453
2023-01-12 09:00:00,6.140322
2023-01-12 10:00:00,5.526438
2023-01-12 11:00:00,5.243663
2023-01-12 12:00:00,4.620839
2023-01-12 13:00:00,4.132292
2023-01-12 14:00:00,3.7985463
2023-01-12 15:00:00,3.644732
2023-01-12 16:00:00,3.7072628
2023-01-12 17:00:00,3.6470408
2023-01-12 18:00:00,3.1603222
2023-01-12 19:00:00,2.1707788
2023-01-12 20:00:00,2.5877664
2023-01-12 21:00:00,3.1247401
2023-01-12 22:00:00,3.023986
2023-01-12 23:00:00,2.8860548
2023-01-13 00:00:00,3.186498
2023-01-13 01:00:00,3.6131725
2023-01-13 02:00:00,4.791685
2023-01-13 03:00:00,5.7318573
2023-01-13 04:00:00,5.7096567
2023-01-13 05:00:00,6.183132
2023-01-13 06:00:00,6.9017715
2023-01-13 07:00:00,6.431809
2023-01-13 08:00:00,7.0070987
2023-01-13 09:00:00,7.400953
2023-01-13 10:00:00,6.2987995
2023-01-13 11:00:00,5.750097
2023-01-13 12:00:00,5.221368
2023-01-13 13:00:00,4.473148
2023-01-13 14:00:00,3.9213
2023-01-13 15:00:00,3.7454004
2023-01-13 16:00:00,3.7351897
2023-01-13 17:00:00,4.0538116
2023-01-13 18:00:00,3.7465644
2023-01-13 19:00:00,1.7548064
2023-01-13 20:00:00,1.8764094
2023-01-13 21:00:00,2.3467731
2023-01-13 22:00:00,2.266994
2023-01-13 23:00:00,1.786893
2023-01-14 00:00:00,1.0942926
2023-01-14 01:00:00,1.9260743
2023-01-14 02:00:00,3.4501865
2023-01-14 03:00:00,4.468842
2023-01-14 04:00:00,5.6686296
2023-01-14 05:00:00,6.4187903
2023-01-14 06:00:00,6.7800546
2023-01-14 07:00:00,6.772539
2023-01-14 08:00:00,7.519914
2023-01-14 09:00:00,6.919905
2023-01-14 10:00:00,6.140364
2023-01-14 11:00:00,5.8391094
2023-01-14 12:00:00,5.864397
2023-01-14 13:00:00,5.7931805
2023-01-14 14:00:00,5.5861697
2023-01-14 15:00:00,5.3171024
2023-01-14 16:00:00,4.919126
2023-01-14 17:00:00,4.634561
2023-01-14 18:00:00,3.6478226
2023-01-14 19:00:00,3.2952473
2023-01-14 20:00:00,2.7249503
2023-01-14 21:00:00,1.6223772
2023-01-14 22:00:00,1.9647217
2023-01-14 23:00:00,3.5790002
2023-01-15 00:00:00,4.330809
2023-01-15 01:00:00,4.753019
2023-01-15 02:00:00,5.972392
2023-01-15 03:00:00,6.324696
2023-01-15 04:00:00,6.0903006
2023-01-15 05:00:00,6.321592
2023-01-15 06:00:00,6.997105
2023-01-15 07:00:00,6.7553635
2023-01-15 08:00:00,6.961923
2023-01-15 09:00:00,7.0593786
2023-01-15 10:00:00,6.6568146
2023-01-15 11:00:00,6.0453386
2023-01-15 12:00:00,5.6629515
2023-01-15 13:00:00,5.2152023
2023-01-15 14:00:00,5.081735
2023-01-15 15:00:00,4.9959035
2023-01-15 16:00:00,5.3552523
2023-01-15 17:00:00,5.4626403
2023-01-15 18:00:00,5.399287
2023-01-15 19:00:00,7.2789664
2023-01-15 20:00:00,7.443792
2023-01-15 21:00:00,7.593267
2023-01-15 22:00:00,7.550543
2023-01-15 23:00:00,7.231272
2023-01-16 00:00:00,6.805565
2023-01-16 01:00:00,6.5828066
2023-01-16 02:00:00,6.448731
2023-01-16 03:00:00,6.476603
2023-01-16 04:00:00,6.705197
2023-01-16 05:00:00,6.9963975
2023-01-16 06:00:00,7.2130837
2023-01-16 07:00:00,6.1959424
2023-01-16 08:00:00,6.6260014
2023-01-16 09:00:00,6.349393
2023-01-16 10:00:00,6.2785034
2023-01-16 11:00:00,6.005994
2023-01-16 12:00:00,5.414561
2023-01-16 13:00:00,4.9555106
2023-01-16 14:00:00,4.609668
2023-01-16 15:00:00,4.2794366
2023-01-16 16:00:00,3.866954
2023-01-16 17:00:00,3.7682197
2023-01-16 18:00:00,3.6106925
2023-01-16 19:00:00,4.880335
2023-01-16 20:00:00,5.5050006
2023-01-16 21:00:00,5.388118
2023-01-16 22:00:00,5.1943116
2023-01-16 23:00:00,5.283602
2023-01-17 00:00:00,5.3195972
2023-01-17 01:00:00,5.1285763
2023-01-17 02:00:00,5.2256365
2023-01-17 03:00:00,5.5765505
2023-01-17 04:00:00,5.901251
2023-01-17 05:00:00,6.0315948
2023-01-17 06:00:00,6.0936646
2023-01-17 07:00:00,6.8708715
2023-01-17 08:00:00,7.6526685
2023-01-17 09:00:00,6.5665436
2023-01-17 10:00:00,6.182422
2023-01-17 11:00:00,6.040285
2023-01-17 12:00:00,5.6799517
2023-01-17 13:00:00,5.455853
2023-01-17 14:00:00,5.26004
2023-01-17 15:00:00,5.1791606
2023-01-17 16:00:00,4.993033
2023-01-17 17:00:00,5.193757
2023-01-17 18:00:00,4.9058127
2023-01-17 19:00:00,4.989833
2023-01-17 20:00:00,5.2667665
2023-01-17 21:00:00,5.4041367
2023-01-17 22:00:00,5.3836436
2023-01-17 23:00:00,5.7954984
2023-01-18 00:00:00,6.6766167
2023-01-18 01:00:00,7.420022
2023-01-18 02:00:00,7.854384
2023-01-18 03:00:00,7.8438544
2023-01-18 04:00:00,7.6878233
2023-01-18 05:00:00,7.4995327
2023-01-18 06:00:00,7.2912173
2023-01-18 07:00:00,6.2315497
2023-01-18 08:00:00,6.950461
2023-01-18 09:00:00,6.565892
2023-01-18 10:00:00,6.33907
2023-01-18 11:00:00,5.704131
2023-01-18 12:00:00,5.4162655
2023-01-18 13:00:00,5.110261
2023-01-18 14:00:00,4.7981644
2023-01-18 15:00:00,4.7570653
2023-01-18 16:00:00,4.856397
2023-01-18 17:00:00,4.725707
2023-01-18 18:00:00,4.6794963
2023-01-18 19:00:00,7.1404443
2023-01-18 20:00:00,7.8062706
2023-01-18 21:00:00,7.02845
2023-01-18 22:00:00,7.169972
2023-01-18 23:00:00,7.674301
2023-01-19 00:00:00,8.213508
2023-01-19 01:00:00,8.234169
2023-01-19 02:00:00,7.3262606
2023-01-19 03:00:00,6.218332
2023-01-19 04:00:00,5.5664244
2023-01-19 05:00:00,5.25094
2023-01-19 06:00:00,5.08907
2023-01-19 07:00:00,4.8127384
2023-01-19 08:00:00,4.975294
2023-01-19 09:00:00,4.74314
2023-01-19 10:00:00,4.393043
2023-01-19 11:00:00,4.372898
2023-01-19 12:00:00,4.4835844
2023-01-19 13:00:00,4.087208
2023-01-19 14:00:00,3.447846
2023-01-19 15:00:00,2.9429557
2023-01-19 16:00:00,2.579411
2023-01-19 17:00:00,2.421789
2023-01-19 18:00:00,2.5177329
2023-01-19 19:00:00,2.2290587
2023-01-19 20:00:00,2.009936
2023-01-19 21:00:00,2.824871
2023-01-19 22:00:00,2.8995168
2023-01-19 23:00:00,3.2720346
2023-01-20 00:00:00,2.8021262
2023-01-20 01:00:00,1.7751777
2023-01-20 02:00:00,0.75402814
2023-01-20 03:00:00,1.8410337
2023-01-20 04:00:00,3.9220183
2023-01-20 05:00:00,4.805838
2023-01-20 06:00:00,5.1928573
2023-01-20 07:00:00,4.418903
2023-01-20 08:00:00,3.6926973
2023-01-20 09:00:00,3.536935
2023-01-20 10:00:00,3.4517746
2023-01-20 11:00:00,3.7383513
2023-01-20 12:00:00,3.732268
2023-01-20 13:00:00,3.4118981
2023-01-20 14:00:00,3.2653124
2023-01-20 15:00:00,3.8310127
2023-01-20 16:00:00,4.072416
2023-01-20 17:00:00,3.4040635
2023-01-20 18:00:00,2.4747484
2023-01-20 19:00:00,0.92858213
2023-01-20 20:00:00,1.610307
2023-01-20 21:00:00,2.2216504
2023-01-20 22:00:00,2.51377
2023-01-20 23:00:00,2.9024887
2023-01-21 00:00:00,2.9819777
2023-01-21 01:00:00,2.6132824
2023-01-21 02:00:00,2.1995451
2023-01-21 03:00:00,2.1196454
2023-01-21 04:00:00,2.3278043
2023-01-21 05:00:00,2.448036
2023-01-21 06:00:00,2.730826
2023-01-21 07:00:00,2.9404335
2023-01-21 08:00:00,2.6339898
2023-01-21 09:00:00,3.5844455
2023-01-21 10:00:00,3.274204
2023-01-21 11:00:00,2.6977968
2023-01-21 12:00:00,2.2087083
2023-01-21 13:00:00,1.9446256
2023-01-21 14:00:00,1.6404833
2023-01-21 15:00:00,1.3141184
2023-01-21 16:00:00,1.8147249
2023-01-21 17:00:00,1.4856814
2023-01-21 18:00:00,1.1362747
2023-01-21 19:00:00,0.3565376
2023-01-21 20:00:00,0.5383668
2023-01-21 21:00:00,0.4789311
2023-01-21 22:00:00,0.53266925
2023-01-21 23:00:00,1.0117542
2023-01-22 00:00:00,0.27288717
2023-01-22 01:00:00,1.0275723
2023-01-22 02:00:00,2.2143393
2023-01-22 03:00:00,2.503613
2023-01-22 04:00:00,0.63989425
2023-01-22 05:00:00,2.680527
2023-01-22 06:00:00,3.432121
2023-01-22 07:00:00,2.869286
2023-01-22 08:00:00,2.0390077
2023-01-22 09:00:00,2.2421513
2023-01-22 10:00:00,2.313128
2023-01-22 11:00:00,1.7590865
2023-01-22 12:00:00,1.3391298
2023-01-22 13:00:00,1.1343615
2023-01-22 14:00:00,0.92247456
2023-01-22 15:00:00,0.62231517
2023-01-22 16:00:00,0.7016892
2023-01-22 17:00:00,1.2072347
2023-01-22 18:00:00,0.06262692
2023-01-22 19:00:00,1.2122567
2023-01-22 20:00:00,0.88037366
2023-01-22 21:00:00,1.4700834
2023-01-22 22:00:00,1.6349745
2023-01-22 23:00:00,1.1523238
2023-01-23 00:00:00,1.4090716
2023-01-23 01:00:00,1.2135004
2023-01-23 02:00:00,2.0256426
2023-01-23 03:00:00,2.8179696
2023-01-23 04:00:00,3.0567658
2023-01-23 05:00:00,2.8548203
2023-01-23 06:00:00,2.7285044
2023-01-23 07:00:00,2.9268696
2023-01-23 08:00:00,2.2474713
2023-01-23 09:00:00,1.684955
2023-01-23 10:00:00,1.1271462
2023-01-23 11:00:00,1.048608
2023-01-23 12:00:00,0.048579868
2023-01-23 13:00:00,1.1799228
2023-01-23 14:00:00,2.1208131
2023-01-23 15:00:00,3.1414154
2023-01-23 16:00:00,3.0348856
2023-01-23 17:00:00,1.6949286
2023-01-23 18:00:00,0.8023579
2023-01-23 19:00:00,0.6745289
2023-01-23 20:00:00,1.4660876
2023-01-23 21:00:00,2.8272758
2023-01-23 22:00:00,3.1038585
2023-01-23 23:00:00,1.9406002
2023-01-24 00:00:00,0.53719765
2023-01-24 01:00:00,1.2762026
2023-01-24 02:00:00,2.1068454
2023-01-24 03:00:00,2.4259396
2023-01-24 04:00:00,2.434523
2023-01-24 05:00:00,2.1325405
2023-01-24 06:00:00,1.4518751
2023-01-24 07:00:00,0.21432166
2023-01-24 08:00:00,1.2511365
2023-01-24 09:00:00,2.2211833
2023-01-24 10:00:00,2.1118474
2023-01-24 11:00:00,2.0573354
2023-01-24 12:00:00,2.011689
2023-01-24 13:00:00,2.224156
2023-01-24 14:00:00,2.6216147
2023-01-24 15:00:00,2.826978
2023-01-24 16:00:00,2.9594932
2023-01-24 17:00:00,3.0675442
2023-01-24 18:00:00,2.8289545
2023-01-24 19:00:00,4.5468674
2023-01-24 20:00:00,3.198555
2023-01-24 21:00:00,2.5541809
2023-01-24 22:00:00,2.2867708
2023-01-24 23:00:00,3.081055
2023-01-25 00:00:00,4.4738717
2023-01-25 01:00:00,4.8741093
2023-01-25 02:00:00,4.600235
2023-01-25 03:00:00,5.8510323
2023-01-25 04:00:00,7.373141
2023-01-25 05:00:00,7.357613
2023-01-25 06:00:00,6.77762
2023-01-25 07:00:00,5.83946
2023-01-25 08:00:00,6.338787
2023-01-25 09:00:00,5.869989
2023-01-25 10:00:00,5.23052
2023-01-25 11:00:00,4.3777323
2023-01-25 12:00:00,3.5840056
2023-01-25 13:00:00,2.9147096
2023-01-25 14:00:00,2.4007864
2023-01-25 15:00:00,2.5513875
2023-01-25 16:00:00,2.768868
2023-01-25 17:00:00,2.6256766
2023-01-25 18:00:00,2.4478085
2023-01-25 19:00:00,3.1643116
2023-01-25 20:00:00,3.3487377
2023-01-25 21:00:00,3.6103377
2023-01-25 22:00:00,3.5282378
2023-01-25 23:00:00,2.7793653
2023-01-26 00:00:00,3.002658
2023-01-26 01:00:00,4.114087
2023-01-26 02:00:00,5.103082
2023-01-26 03:00:00,5.397675
2023-01-26 04:00:00,4.8702426
2023-01-26 05:00:00,4.301143
2023-01-26 06:00:00,3.6909645
2023-01-26 07:00:00,2.7270343
2023-01-26 08:00:00,3.4888692
2023-01-26 09:00:00,3.547209
2023-01-26 10:00:00,3.1436858
2023-01-26 11:00:00,2.5338354
2023-01-26 12:00:00,2.035279
2023-01-26 13:00:00,1.5396184
2023-01-26 14:00:00,1.3465946
2023-01-26 15:00:00,1.9134754
2023-01-26 16:00:00,2.2668376
2023-01-26 17:00:00,2.438015
2023-01-26 18:00:00,2.6465843
2023-01-26 19:00:00,2.749759
2023-01-26 20:00:00,3.29707
2023-01-26 21:00:00,3.2588568
2023-01-26 22:00:00,2.4892673
2023-01-26 23:00:00,1.7818149
2023-01-27 00:00:00,1.5299548
2023-01-27 01:00:00,2.0993047
2023-01-27 02:00:00,1.8021518
2023-01-27 03:00:00,1.007343
2023-01-27 04:00:00,2.0945754
2023-01-27 05:00:00,4.0006614
2023-01-27 06:00:00,4.0944915
2023-01-27 07:00:00,2.6616838
2023-01-27 08:00:00,3.4763718
2023-01-27 09:00:00,4.215833
2023-01-27 10:00:00,3.6580243
2023-01-27 11:00:00,3.2778854
2023-01-27 12:00:00,3.2006254
2023-01-27 13:00:00,3.1502655
2023-01-27 14:00:00,3.2477605
2023-01-27 15:00:00,2.909545
2023-01-27 16:00:00,2.6652408
2023-01-27 17:00:00,2.7698667
2023-01-27 18:00:00,2.2020574
2023-01-27 19:00:00,0.8111607
2023-01-27 20:00:00,0.9461963
2023-01-27 21:00:00,1.8521804
2023-01-27 22:00:00,1.1543427
2023-01-27 23:00:00,1.4859767
2023-01-28 00:00:00,2.1208436
2023-01-28 01:00:00,1.57362
2023-01-28 02:00:00,2.0705857
2023-01-28 03:00:00,3.5252016
2023-01-28 04:00:00,4.553203
2023-01-28 05:00:00,4.5711617
2023-01-28 06:00:00,5.100685
2023-01-28 07:00:00,5.071234
2023-01-28 08:00:00,5.0298786
2023-01-28 09:00:00,5.571526
2023-01-28 10:00:00,4.767443
2023-01-28 11:00:00,4.5911603
2023-01-28 12:00:00,4.657599
2023-01-28 13:00:00,4.4442835
2023-01-28 14:00:00,3.9220588
2023-01-28 15:00:00,3.3586571
2023-01-28 16:00:00,3.3394327
2023-01-28 17:00:00,3.2269819
2023-01-28 18:00:00,2.2488103
2023-01-28 19:00:00,1.4962476
2023-01-28 20:00:00,1.267066
2023-01-28 21:00:00,1.7507582
2023-01-28 22:00:00,4.28911
2023-01-28 23:00:00,6.4702277
2023-01-29 00:00:00,7.2403946
2023-01-29 01:00:00,8.178574
2023-01-29 02:00:00,8.825519
2023-01-29 03:00:00,8.664832
2023-01-29 04:00:00,8.506035
2023-01-29 05:00:00,8.425344
2023-01-29 06:00:00,8.573499
2023-01-29 07:00:00,8.101695
2023-01-29 08:00:00,8.235359
2023-01-29 09:00:00,8.007252
2023-01-29 10:00:00,7.4783616
2023-01-29 11:00:00,6.9882746
2023-01-29 12:00:00,6.617877
2023-01-29 13:00:00,6.3461194
2023-01-29 14:00:00,6.0741687
2023-01-29 15:00:00,5.8150373
2023-01-29 16:00:00,5.584913
2023-01-29 17:00:00,4.6526484
2023-01-29 18:00:00,3.6415107
2023-01-29 19:00:00,2.8106024
2023-01-29 20:00:00,3.1771557
2023-01-29 21:00:00,4.150009
2023-01-29 22:00:00,4.852248
2023-01-29 23:00:00,5.0672812
2023-01-30 00:00:00,5.025295
2023-01-30 01:00:00,5.447105
2023-01-30 02:00:00,6.3197093
2023-01-30 03:00:00,6.9839053
2023-01-30 04:00:00,7.393956
2023-01-30 05:00:00,7.7943664
2023-01-30 06:00:00,8.032896
2023-01-30 07:00:00,7.6062565
2023-01-30 08:00:00,7.8237143
2023-01-30 09:00:00,7.4183187
2023-01-30 10:00:00,6.9907265
2023-01-30 11:00:00,6.6613817
2023-01-30 12:00:00,6.043316
2023-01-30 13:00:00,5.240685
2023-01-30 14:00:00,4.4085693
2023-01-30 15:00:00,3.7432842
2023-01-30 16:00:00,3.3148417
2023-01-30 17:00:00,2.8378403
2023-01-30 18:00:00,1.7359473
2023-01-30 19:00:00,1.2748557
2023-01-30 20:00:00,0.9922479
2023-01-30 21:00:00,0.5063563
2023-01-30 22:00:00,1.4708511
2023-01-30 23:00:00,2.7143497
2023-01-31 00:00:00,4.704115
2023-01-31 01:00:00,7.066826
2023-01-31 02:00:00,7.7679343
2023-01-31 03:00:00,7.390715
2023-01-31 04:00:00,7.2055116
2023-01-31 05:00:00,7.0547276
2023-01-31 06:00:00,6.9122896
2023-01-31 07:00:00,5.8289447
2023-01-31 08:00:00,7.6628356
2023-01-31 09:00:00,7.201825
2023-01-31 10:00:00,7.019089
2023-01-31 11:00:00,6.7046633
2023-01-31 12:00:00,6.304539
2023-01-31 13:00:00,5.881362
2023-01-31 14:00:00,5.0869417
2023-01-31 15:00:00,4.2843127
2023-01-31 16:00:00,3.7760668
2023-01-31 17:00:00,3.3413954
2023-01-31 18:00:00,2.5866916
2023-01-31 19:00:00,2.8856175
2023-01-31 20:00:00,3.7240384
2023-01-31 21:00:00,5.403505
2023-01-31 22:00:00,9.209223
2023-01-31 23:00:00,10.905569
2023-02-01 00:00:00,10.468105
2023-02-01 01:00:00,9.766336
2023-02-01 02:00:00,9.161425
2023-02-01 03:00:00,8.633195
2023-02-01 04:00:00,8.386593
2023-02-01 05:00:00,8.24057
2023-02-01 06:00:00,8.282579
2023-02-01 07:00:00,7.7852435
2023-02-01 08:00:00,8.324628
2023-02-01 09:00:00,7.9553046
2023-02-01 10:00:00,7.5691996
2023-02-01 11:00:00,7.56089
2023-02-01 12:00:00,7.3217545
2023-02-01 13:00:00,6.665259
2023-02-01 14:00:00,6.2200346
2023-02-01 15:00:00,5.947178
2023-02-01 16:00:00,5.8179255
2023-02-01 17:00:00,5.6681924
2023-02-01 18:00:00,5.2832685
2023-02-01 19:00:00,6.2569346
2023-02-01 20:00:00,6.5439153
2023-02-01 21:00:00,6.4475636
2023-02-01 22:00:00,6.114776
2023-02-01 23:00:00,6.0908537
2023-02-02 00:00:00,5.996915
2023-02-02 01:00:00,5.9790115
2023-02-02 02:00:00,5.7546916
2023-02-02 03:00:00,5.6787686
2023-02-02 04:00:00,5.86196
2023-02-02 05:00:00,6.355141
2023-02-02 06:00:00,6.8555517
2023-02-02 07:00:00,6.6733985
2023-02-02 08:00:00,7.18307
2023-02-02 09:00:00,7.6175323
2023-02-02 10:00:00,6.208298
2023-02-02 11:00:00,5.475097
2023-02-02 12:00:00,4.718948
2023-02-02 13:00:00,4.1947184
2023-02-02 14:00:00,3.8921177
2023-02-02 15:00:00,3.5932865
2023-02-02 16:00:00,3.6286507
2023-02-02 17:00:00,3.509593
2023-02-02 18:00:00,3.291153
2023-02-02 19:00:00,3.4418972
2023-02-02 20:00:00,3.8923163
2023-02-02 21:00:00,3.7453527
2023-02-02 22:00:00,3.6986747
2023-02-02 23:00:00,3.29883
2023-02-03 00:00:00,2.798736
2023-02-03 01:00:00,2.6342516
2023-02-03 02:00:00,3.7730849
2023-02-03 03:00:00,5.227052
2023-02-03 04:00:00,5.7889705
2023-02-03 05:00:00,5.5895443
2023-02-03 06:00:00,5.112617
2023-02-03 07:00:00,4.937487
2023-02-03 08:00:00,5.9132633
2023-02-03 09:00:00,5.38709
2023-02-03 10:00:00,4.6979585
2023-02-03 11:00:00,4.239943
2023-02-03 12:00:00,4.1533756
2023-02-03 13:00:00,4.151296
2023-02-03 14:00:00,3.6746812
2023-02-03 15:00:00,3.5110075
2023-02-03 16:00:00,3.4334593
2023-02-03 17:00:00,2.9690814
2023-02-03 18:00:00,2.6326694
2023-02-03 19:00:00,1.3566608
2023-02-03 20:00:00,0.8733983
2023-02-03 21:00:00,0.60589373
2023-02-03 22:00:00,0.79488254
2023-02-03 23:00:00,1.7865834
2023-02-04 00:00:00,2.6183383
2023-02-04 01:00:00,2.224813
2023-02-04 02:00:00,1.2292091
2023-02-04 03:00:00,3.165034
2023-02-04 04:00:00,4.699611
2023-02-04 05:00:00,4.445371
2023-02-04 06:00:00,5.136552
2023-02-04 07:00:00,4.811241
2023-02-04 08:00:00,6.5992856
2023-02-04 09:00:00,6.593549
2023-02-04 10:00:00,6.2220592
2023-02-04 11:00:00,5.9537845
2023-02-04 12:00:00,5.57272
2023-02-04 13:00:00,5.387614
2023-02-04 14:00:00,5.3637056
2023-02-04 15:00:00,5.2083054
2023-02-04 16:00:00,5.1489987
2023-02-04 17:00:00,4.611209
2023-02-04 18:00:00,4.0267196
2023-02-04 19:00:00,3.7075691
2023-02-04 20:00:00,3.9977996
2023-02-04 21:00:00,4.997958
2023-02-04 22:00:00,5.738219
2023-02-04 23:00:00,6.170571
2023-02-05 00:00:00,6.393476
2023-02-05 01:00:00,6.744015
2023-02-05 02:00:00,7.0097585
2023-02-05 03:00:00,6.729711
2023-02-05 04:00:00,6.4764404
2023-02-05 05:00:00,6.4740496
2023-02-05 06:00:00,6.4297595
2023-02-05 07:00:00,5.463903
2023-02-05 08:00:00,5.6571317
2023-02-05 09:00:00,5.3869624
2023-02-05 10:00:00,5.0471487
2023-02-05 11:00:00,4.8994713
2023-02-05 12:00:00,4.4630566
2023-02-05 13:00:00,3.9586568
2023-02-05 14:00:00,3.6437478
2023-02-05 15:00:00,3.3005428
2023-02-05 16:00:00,3.024466
2023-02-05 17:00:00,2.832086
2023-02-05 18:00:00,2.4493322
2023-02-05 19:00:00,2.3573658
2023-02-05 20:00:00,2.4445195
2023-02-05 21:00:00,1.9885733
2023-02-05 22:00:00,0.96648383
2023-02-05 23:00:00,2.2670069
2023-02-06 00:00:00,4.653877
2023-02-06 01:00:00,6.56589
2023-02-06 02:00:00,6.985402
2023-02-06 03:00:00,6.740836
2023-02-06 04:00:00,6.251529
2023-02-06 05:00:00,5.749085
2023-02-06 06:00:00,5.385105
2023-02-06 07:00:00,5.82278
2023-02-06 08:00:00,6.0003676
2023-02-06 09:00:00,5.4057493
2023-02-06 10:00:00,4.601639
2023-02-06 11:00:00,3.997944
2023-02-06 12:00:00,4.2539577
2023-02-06 13:00:00,3.8146503
2023-02-06 14:00:00,3.5903907
2023-02-06 15:00:00,3.1419394
2023-02-06 16:00:00,2.8942616
2023-02-06 17:00:00,3.127975
2023-02-06 18:00:00,2.884622
2023-02-06 19:00:00,3.4430406
2023-02-06 20:00:00,3.7594647
2023-02-06 21:00:00,4.267081
2023-02-06 22:00:00,4.120932
2023-02-06 23:00:00,3.5810509
2023-02-07 00:00:00,3.3021667
2023-02-07 01:00:00,3.4475782
2023-02-07 02:00:00,3.401864
2023-02-07 03:00:00,3.9941328
2023-02-07 04:00:00,4.9724307
2023-02-07 05:00:00,5.3881335
2023-02-07 06:00:00,5.6975045
2023-02-07 07:00:00,4.4733796
2023-02-07 08:00:00,4.7184825
2023-02-07 09:00:00,4.359668
2023-02-07 10:00:00,4.649123
2023-02-07 11:00:00,4.658268
2023-02-07 12:00:00,4.3864217
2023-02-07 13:00:00,4.228163
2023-02-07 14:00:00,4.3051224
2023-02-07 15:00:00,4.683984
2023-02-07 16:00:00,5.25672
2023-02-07 17:00:00,4.1544194
2023-02-07 18:00:00,2.5342128
2023-02-07 19:00:00,2.6880455
2023-02-07 20:00:00,2.7558665
2023-02-07 21:00:00,3.006193
2023-02-07 22:00:00,4.0927157
2023-02-07 23:00:00,4.857018
2023-02-08 00:00:00,4.985303
2023-02-08 01:00:00,5.4259644
2023-02-08 02:00:00,6.5468836
2023-02-08 03:00:00,6.940053
2023-02-08 04:00:00,6.73239
2023-02-08 05:00:00,6.469383
2023-02-08 06:00:00,6.4446797
2023-02-08 07:00:00,5.7970243
2023-02-08 08:00:00,6.3023796
2023-02-08 09:00:00,6.065678
2023-02-08 10:00:00,5.66379
2023-02-08 11:00:00,5.147669
2023-02-08 12:00:00,4.7699733
2023-02-08 13:00:00,4.454432
2023-02-08 14:00:00,4.1350265
2023-02-08 15:00:00,3.7529695
2023-02-08 16:00:00,3.6086166
2023-02-08 17:00:00,3.5825613
2023-02-08 18:00:00,2.9611495
2023-02-08 19:00:00,3.5931861
2023-02-08 20:00:00,4.1033382
2023-02-08 21:00:00,4.674234
2023-02-08 22:00:00,5.3319116
2023-02-08 23:00:00,5.7466683
2023-02-09 00:00:00,5.9669895
2023-02-09 01:00:00,6.196242
2023-02-09 02:00:00,6.693457
2023-02-09 03:00:00,7.680445
2023-02-09 04:00:00,8.392871
2023-02-09 05:00:00,8.338956
2023-02-09 06:00:00,8.105922
2023-02-09 07:00:00,7.5476937
2023-02-09 08:00:00,7.20826
2023-02-09 09:00:00,6.612544
2023-02-09 10:00:00,6.207702
2023-02-09 11:00:00,5.657886
2023-02-09 12:00:00,5.271752
2023-02-09 13:00:00,4.7697263
2023-02-09 14:00:00,4.285207
2023-02-09 15:00:00,3.7723863
2023-02-09 16:00:00,3.4796042
2023-02-09 17:00:00,3.0143638
2023-02-09 18:00:00,2.0720255
2023-02-09 19:00:00,3.057496
2023-02-09 20:00:00,2.5070767
2023-02-09 21:00:00,1.582826
2023-02-09 22:00:00,2.6599412
2023-02-09 23:00:00,4.5258017
2023-02-10 00:00:00,5.318853
2023-02-10 01:00:00,5.7829137
2023-02-10 02:00:00,7.383867
2023-02-10 03:00:00,8.678095
2023-02-10 04:00:00,8.69634
2023-02-10 05:00:00,8.4593725
2023-02-10 06:00:00,8.321465
2023-02-10 07:00:00,7.719602
2023-02-10 08:00:00,8.04255
2023-02-10 09:00:00,7.9358983
2023-02-10 10:00:00,7.614947
2023-02-10 11:00:00,6.9529386
2023-02-10 12:00:00,5.945769
2023-02-10 13:00:00,5.1428704
2023-02-10 14:00:00,4.5267334
2023-02-10 15:00:00,4.397103
2023-02-10 16:00:00,4.385473
2023-02-10 17:00:00,4.2562704
2023-02-10 18:00:00,4.011735
2023-02-10 19:00:00,5.940587
2023-02-10 20:00:00,7.024517
2023-02-10 21:00:00,7.745068
2023-02-10 22:00:00,7.8767104
2023-02-10 23:00:00,8.049476
2023-02-11 00:00:00,8.752094
2023-02-11 01:00:00,9.553314
2023-02-11 02:00:00,9.508383
2023-02-11 03:00:00,8.995875
2023-02-11 04:00:00,8.693569
2023-02-11 05:00:00,8.571616
2023-02-11 06:00:00,8.398862
2023-02-11 07:00:00,7.420951
2023-02-11 08:00:00,8.0476465
2023-02-11 09:00:00,7.797073
2023-02-11 10:00:00,7.2313995
2023-02-11 11:00:00,6.837826
2023-02-11 12:00:00,6.6576395
2023-02-11 13:00:00,6.367304
2023-02-11 14:00:00,6.1627
2023-02-11 15:00:00,6.2361345
2023-02-11 16:00:00,6.4988627
2023-02-11 17:00:00,5.865059
2023-02-11 18:00:00,5.582573
2023-02-11 19:00:00,5.713778
2023-02-11 20:00:00,5.8984213
2023-02-11 21:00:00,5.9461737
2023-02-11 22:00:00,5.732465
2023-02-11 23:00:00,6.1461473
2023-02-12 00:00:00,7.120798
2023-02-12 01:00:00,7.9861054
2023-02-12 02:00:00,8.3719015
2023-02-12 03:00:00,8.390418
2023-02-12 04:00:00,8.175481
2023-02-12 05:00:00,8.007519
2023-02-12 06:00:00,7.7003055
2023-02-12 07:00:00,6.894016
2023-02-12 08:00:00,7.397141
2023-02-12 09:00:00,6.837747
2023-02-12 10:00:00,6.0499525
2023-02-12 11:00:00,5.243744
2023-02-12 12:00:00,4.588039
2023-02-12 13:00:00,3.944655
2023-02-12 14:00:00,3.5984552
2023-02-12 15:00:00,3.568839
2023-02-12 16:00:00,3.743399
2023-02-12 17:00:00,3.7241719
2023-02-12 18:00:00,3.2718434
2023-02-12 19:00:00,3.331286
2023-02-12 20:00:00,3.3218915
2023-02-12 21:00:00,3.4405951
2023-02-12 22:00:00,3.467761
2023-02-12 23:00:00,3.7654436
2023-02-13 00:00:00,5.6594033
2023-02-13 01:00:00,7.3656063
2023-02-13 02:00:00,8.055432
2023-02-13 03:00:00,8.184589
2023-02-13 04:00:00,7.969445
2023-02-13 05:00:00,8.033866
2023-02-13 06:00:00,8.182887
2023-02-13 07:00:00,7.8924294
2023-02-13 08:00:00,8.329117
2023-02-13 09:00:00,8.231719
2023-02-13 10:00:00,7.932394
2023-02-13 11:00:00,7.3128214
2023-02-13 12:00:00,6.509999
2023-02-13 13:00:00,5.8499475
2023-02-13 14:00:00,5.4705896
2023-02-13 15:00:00,5.3444095
2023-02-13 16:00:00,5.331627
2023-02-13 17:00:00,5.1983695
2023-02-13 18:00:00,4.6275744
2023-02-13 19:00:00,4.619767
2023-02-13 20:00:00,5.6082835
2023-02-13 21:00:00,6.8374953
2023-02-13 22:00:00,8.090597
2023-02-13 23:00:00,8.705041
2023-02-14 00:00:00,8.543908
2023-02-14 01:00:00,8.810516
2023-02-14 02:00:00,8.978362
2023-02-14 03:00:00,8.630086
2023-02-14 04:00:00,8.186927
2023-02-14 05:00:00,7.871062
2023-02-14 06:00:00,7.730373
2023-02-14 07:00:00,7.4885516
2023-02-14 08:00:00,7.645874
2023-02-14 09:00:00,7.1773033
2023-02-14 10:00:00,6.5482903
2023-02-14 11:00:00,6.1946673
2023-02-14 12:00:00,6.0060987
2023-02-14 13:00:00,5.6285925
2023-02-14 14:00:00,5.3052006
2023-02-14 15:00:00,5.15696
2023-02-14 16:00:00,5.122298
2023-02-14 17:00:00,4.9774337
2023-02-14 18:00:00,4.3896003
2023-02-14 19:00:00,4.174964
2023-02-14 20:00:00,5.308994
2023-02-14 21:00:00,6.3197103
2023-02-14 22:00:00,6.9762015
2023-02-14 23:00:00,6.9581356
2023-02-15 00:00:00,6.688326
2023-02-15 01:00:00,7.046865
2023-02-15 02:00:00,7.6421604
2023-02-15 03:00:00,7.5290327
2023-02-15 04:00:00,7.1606984
2023-02-15 05:00:00,7.0538497
2023-02-15 06:00:00,6.954981
2023-02-15 07:00:00,6.6582294
2023-02-15 08:00:00,6.5735464
2023-02-15 09:00:00,6.1697497
2023-02-15 10:00:00,5.8358808
2023-02-15 11:00:00,5.330785
2023-02-15 12:00:00,4.761199
2023-02-15 13:00:00,3.996255
2023-02-15 14:00:00,3.0868056
2023-02-15 15:00:00,2.670682
2023-02-15 16:00:00,2.69841
2023-02-15 17:00:00,2.8083363
2023-02-15 18:00:00,3.1223128
2023-02-15 19:00:00,4.142022
2023-02-15 20:00:00,4.3615737
2023-02-15 21:00:00,4.205791
2023-02-15 22:00:00,3.4886553
2023-02-15 23:00:00,3.510094
2023-02-16 00:00:00,3.6735737
2023-02-16 01:00:00,3.2988503
2023-02-16 02:00:00,2.1611128
2023-02-16 03:00:00,0.8405724
2023-02-16 04:00:00,2.9918907
2023-02-16 05:00:00,4.3127046
2023-02-16 06:00:00,4.047764
2023-02-16 07:00:00,3.6978328
2023-02-16 08:00:00,3.9792166
2023-02-16 09:00:00,4.516347
2023-02-16 10:00:00,4.0053124
2023-02-16 11:00:00,3.6555886
2023-02-16 12:00:00,3.2223475
2023-02-16 13:00:00,2.957011
2023-02-16 14:00:00,2.8790429
2023-02-16 15:00:00,2.5611544
2023-02-16 16:00:00,2.2716427
2023-02-16 17:00:00,2.0218022
2023-02-16 18:00:00,1.2752084
2023-02-16 19:00:00,1.3503844
2023-02-16 20:00:00,2.351429
2023-02-16 21:00:00,3.2813005
2023-02-16 22:00:00,4.3430862
2023-02-16 23:00:00,5.2416806
2023-02-17 00:00:00,5.3238053
2023-02-17 01:00:00,5.334524
2023-02-17 02:00:00,4.608406
2023-02-17 03:00:00,2.9638605
2023-02-17 04:00:00,3.0287328
2023-02-17 05:00:00,3.240578
2023-02-17 06:00:00,2.655249
2023-02-17 07:00:00,2.3234317
2023-02-17 08:00:00,1.9614238
2023-02-17 09:00:00,3.231225
2023-02-17 10:00:00,3.189277
2023-02-17 11:00:00,2.6841092
2023-02-17 12:00:00,2.0319533
2023-02-17 13:00:00,1.7282392
2023-02-17 14:00:00,1.7458038
2023-02-17 15:00:00,1.1221787
2023-02-17 16:00:00,1.48646
2023-02-17 17:00:00,2.0398238
2023-02-17 18:00:00,1.6384442
2023-02-17 19:00:00,1.3761748
2023-02-17 20:00:00,2.985451
2023-02-17 21:00:00,3.7994797
2023-02-17 22:00:00,3.9402552
2023-02-17 23:00:00,4.206149
2023-02-18 00:00:00,3.992818
2023-02-18 01:00:00,3.6073203
2023-02-18 02:00:00,2.983225
2023-02-18 03:00:00,2.6693301
2023-02-18 04:00:00,3.2601728
2023-02-18 05:00:00,3.8261902
2023-02-18 06:00:00,4.555874
2023-02-18 07:00:00,4.2559247
2023-02-18 08:00:00,5.033532
2023-02-18 09:00:00,5.315122
2023-02-18 10:00:00,4.892023
2023-02-18 11:00:00,4.356407
2023-02-18 12:00:00,4.114025
2023-02-18 13:00:00,3.7200139
2023-02-18 14:00:00,3.6567075
2023-02-18 15:00:00,3.7655485
2023-02-18 16:00:00,3.832447
2023-02-18 17:00:00,3.7729738
2023-02-18 18:00:00,3.1331139
2023-02-18 19:00:00,3.2666621
2023-02-18 20:00:00,3.631736
2023-02-18 21:00:00,3.0846248
2023-02-18 22:00:00,3.0034642
2023-02-18 23:00:00,2.280004
2023-02-19 00:00:00,1.5850935
2023-02-19 01:00:00,1.059537
2023-02-19 02:00:00,1.6382368
2023-02-19 03:00:00,3.3839273
2023-02-19 04:00:00,4.320003
2023-02-19 05:00:00,4.893883
2023-02-19 06:00:00,5.193098
2023-02-19 07:00:00,4.7180386
2023-02-19 08:00:00,5.4456
2023-02-19 09:00:00,7.163128
2023-02-19 10:00:00,5.9974585
2023-02-19 11:00:00,4.890886
2023-02-19 12:00:00,4.022816
2023-02-19 13:00:00,3.56552
2023-02-19 14:00:00,3.7800806
2023-02-19 15:00:00,3.7430685
2023-02-19 16:00:00,3.264797
2023-02-19 17:00:00,2.4001524
2023-02-19 18:00:00,1.5452415
2023-02-19 19:00:00,2.3658085
2023-02-19 20:00:00,0.63197863
2023-02-19 21:00:00,1.8111352
2023-02-19 22:00:00,4.084336
2023-02-19 23:00:00,5.0209227
2023-02-20 00:00:00,4.338918
2023-02-20 01:00:00,3.2436073
2023-02-20 02:00:00,2.8974543
2023-02-20 03:00:00,3.8628867
2023-02-20 04:00:00,3.849589
2023-02-20 05:00:00,3.8464816
2023-02-20 06:00:00,4.2218084
2023-02-20 07:00:00,3.814422
2023-02-20 08:00:00,3.5606556
2023-02-20 09:00:00,3.9046674
2023-02-20 10:00:00,4.1620307
2023-02-20 11:00:00,4.247015
2023-02-20 12:00:00,3.9638665
2023-02-20 13:00:00,4.4302125
2023-02-20 14:00:00,4.863757
2023-02-20 15:00:00,5.3011503
2023-02-20 16:00:00,5.534053
2023-02-20 17:00:00,4.9636736
2023-02-20 18:00:00,4.972814
2023-02-20 19:00:00,6.322537
2023-02-20 20:00:00,5.9548273
2023-02-20 21:00:00,5.60425
2023-02-20 22:00:00,5.586811
2023-02-20 23:00:00,6.070515
2023-02-21 00:00:00,7.099087
2023-02-21 01:00:00,8.300384
2023-02-21 02:00:00,8.801552
2023-02-21 03:00:00,8.70522
2023-02-21 04:00:00,8.785414
2023-02-21 05:00:00,9.166747
2023-02-21 06:00:00,9.370554
2023-02-21 07:00:00,7.9549785
2023-02-21 08:00:00,8.173209
2023-02-21 09:00:00,8.055757
2023-02-21 10:00:00,9.058778
2023-02-21 11:00:00,9.599509
2023-02-21 12:00:00,9.4752445
2023-02-21 13:00:00,9.166144
2023-02-21 14:00:00,8.765597
2023-02-21 15:00:00,8.473462
2023-02-21 16:00:00,8.415002
2023-02-21 17:00:00,7.7986403
2023-02-21 18:00:00,7.0830803
2023-02-21 19:00:00,8.656718
2023-02-21 20:00:00,8.863845
2023-02-21 21:00:00,8.804974
2023-02-21 22:00:00,9.038366
2023-02-21 23:00:00,9.211156
2023-02-22 00:00:00,8.83656
2023-02-22 01:00:00,8.277377
2023-02-22 02:00:00,8.073402
2023-02-22 03:00:00,8.194651
2023-02-22 04:00:00,8.280492
2023-02-22 05:00:00,8.159806
2023-02-22 06:00:00,8.045573
2023-02-22 07:00:00,7.2810287
2023-02-22 08:00:00,8.554987
2023-02-22 09:00:00,8.560772
2023-02-22 10:00:00,8.049578
2023-02-22 11:00:00,7.4410405
2023-02-22 12:00:00,7.161345
2023-02-22 13:00:00,6.769974
2023-02-22 14:00:00,6.1269784
2023-02-22 15:00:00,5.5050154
2023-02-22 16:00:00,5.2687263
2023-02-22 17:00:00,4.8788605
2023-02-22 18:00:00,3.941292
2023-02-22 19:00:00,3.7542484
2023-02-22 20:00:00,5.2206116
2023-02-22 21:00:00,6.947429
2023-02-22 22:00:00,7.483291
2023-02-22 23:00:00,7.584074
2023-02-23 00:00:00,7.8476224
2023-02-23 01:00:00,8.032487
2023-02-23 02:00:00,8.035992
2023-02-23 03:00:00,7.6900125
2023-02-23 04:00:00,7.2160425
2023-02-23 05:00:00,6.6960917
2023-02-23 06:00:00,6.27764
2023-02-23 07:00:00,5.019959
2023-02-23 08:00:00,5.68286
2023-02-23 09:00:00,5.3982286
2023-02-23 10:00:00,5.1809683
2023-02-23 11:00:00,4.929608
2023-02-23 12:00:00,4.649804
2023-02-23 13:00:00,4.435278
2023-02-23 14:00:00,4.1742477
2023-02-23 15:00:00,3.8270888
2023-02-23 16:00:00,3.476397
2023-02-23 17:00:00,3.0882068
2023-02-23 18:00:00,2.538376
2023-02-23 19:00:00,2.5014422
2023-02-23 20:00:00,1.8153782
2023-02-23 21:00:00,1.7593318
2023-02-23 22:00:00,3.0237296
2023-02-23 23:00:00,4.508786
2023-02-24 00:00:00,5.546446
2023-02-24 01:00:00,6.4623594
2023-02-24 02:00:00,6.853723
2023-02-24 03:00:00,6.829996
2023-02-24 04:00:00,6.645251
2023-02-24 05:00:00,6.5092382
2023-02-24 06:00:00,6.2296543
2023-02-24 07:00:00,5.7998347
2023-02-24 08:00:00,6.9515986
2023-02-24 09:00:00,5.677967
2023-02-24 10:00:00,4.7093844
2023-02-24 11:00:00,4.199505
2023-02-24 12:00:00,3.5506458
2023-02-24 13:00:00,3.05639
2023-02-24 14:00:00,2.648673
2023-02-24 15:00:00,2.4776945
2023-02-24 16:00:00,2.6983428
2023-02-24 17:00:00,2.6637495
2023-02-24 18:00:00,2.5107026
2023-02-24 19:00:00,1.5035326
2023-02-24 20:00:00,0.49203137
2023-02-24 21:00:00,0.6906961
2023-02-24 22:00:00,4.6270375
2023-02-24 23:00:00,7.9117894
2023-02-25 00:00:00,7.360791
2023-02-25 01:00:00,6.037033
2023-02-25 02:00:00,5.8116703
2023-02-25 03:00:00,5.9616857
2023-02-25 04:00:00,5.8529325
2023-02-25 05:00:00,5.66852
2023-02-25 06:00:00,5.4895134
2023-02-25 07:00:00,5.9497256
2023-02-25 08:00:00,6.8174276
2023-02-25 09:00:00,6.6091022
2023-02-25 10:00:00,5.9503236
2023-02-25 11:00:00,5.343834
2023-02-25 12:00:00,5.50312
2023-02-25 13:00:00,5.5056014
2023-02-25 14:00:00,4.8073945
2023-02-25 15:00:00,4.5114512
2023-02-25 16:00:00,4.626406
2023-02-25 17:00:00,4.6632175
2023-02-25 18:00:00,3.9904819
2023-02-25 19:00:00,2.216461
2023-02-25 20:00:00,2.313196
2023-02-25 21:00:00,2.4477751
2023-02-25 22:00:00,4.148873
2023-02-25 23:00:00,6.2881765
2023-02-26 00:00:00,6.1411176
2023-02-26 01:00:00,5.980327
2023-02-26 02:00:00,5.8018913
2023-02-26 03:00:00,5.4512715
2023-02-26 04:00:00,5.295235
2023-02-26 05:00:00,4.9446573
2023-02-26 06:00:00,4.796055
2023-02-26 07:00:00,5.2955794
2023-02-26 08:00:00,5.6407857
2023-02-26 09:00:00,5.344396
2023-02-26 10:00:00,5.5557594
2023-02-26 11:00:00,4.4477925
2023-02-26 12:00:00,3.6519616
2023-02-26 13:00:00,3.3260024
2023-02-26 14:00:00,2.9285014
2023-02-26 15:00:00,2.832321
2023-02-26 16:00:00,3.1200597
2023-02-26 17:00:00,3.473081
2023-02-26 18:00:00,3.4956467
2023-02-26 19:00:00,2.8916285
2023-02-26 20:00:00,2.8902466
2023-02-26 21:00:00,2.6497889
2023-02-26 22:00:00,2.7732613
2023-02-26 23:00:00,2.9672966
2023-02-27 00:00:00,5.912075
2023-02-27 01:00:00,6.7946563
2023-02-27 02:00:00,6.6411524
2023-02-27 03:00:00,6.6224504
2023-02-27 04:00:00,6.761431
2023-02-27 05:00:00,6.9360466
2023-02-27 06:00:00,6.95146
2023-02-27 07:00:00,6.8945355
2023-02-27 08:00:00,8.291613
2023-02-27 09:00:00,7.857553
2023-02-27 10:00:00,7.439606
2023-02-27 11:00:00,6.725503
2023-02-27 12:00:00,5.875839
2023-02-27 13:00:00,5.3786755
2023-02-27 14:00:00,5.1427264
2023-02-27 15:00:00,5.0004435
2023-02-27 16:00:00,5.03791
2023-02-27 17:00:00,4.622885
2023-02-27 18:00:00,4.2355523
2023-02-27 19:00:00,4.358466
2023-02-27 20:00:00,4.2284555
2023-02-27 21:00:00,4.125062
2023-02-27 22:00:00,4.084284
2023-02-27 23:00:00,4.719864
2023-02-28 00:00:00,6.999906
2023-02-28 01:00:00,8.035911
2023-02-28 02:00:00,7.758474
2023-02-28 03:00:00,7.8046017
2023-02-28 04:00:00,8.060604
2023-02-28 05:00:00,8.140387
2023-02-28 06:00:00,8.210033
2023-02-28 07:00:00,7.894939
2023-02-28 08:00:00,8.2331705
2023-02-28 09:00:00,7.8776283
2023-02-28 10:00:00,7.351891
2023-02-28 11:00:00,6.6282763
2023-02-28 12:00:00,5.870569
2023-02-28 13:00:00,5.4285088
2023-02-28 14:00:00,5.119222
2023-02-28 15:00:00,4.7826495
2023-02-28 16:00:00,4.8122463
2023-02-28 17:00:00,4.607959
2023-02-28 18:00:00,4.663929
2023-02-28 19:00:00,4.6245503
2023-02-28 20:00:00,4.564438
2023-02-28 21:00:00,4.424014
2023-02-28 22:00:00,4.4840603
2023-02-28 23:00:00,5.569793
2023-03-01 00:00:00,6.8786407
2023-03-01 01:00:00,7.620367
2023-03-01 02:00:00,7.6348696
2023-03-01 03:00:00,7.517668
2023-03-01 04:00:00,7.4188366
2023-03-01 05:00:00,7.178425
2023-03-01 06:00:00,7.2083297
2023-03-01 07:00:00,6.4603972
2023-03-01 08:00:00,7.6433163
2023-03-01 09:00:00,7.593989
2023-03-01 10:00:00,7.138082
2023-03-01 11:00:00,6.5741057
2023-03-01 12:00:00,6.245255
2023-03-01 13:00:00,6.0627956
2023-03-01 14:00:00,5.6028395
2023-03-01 15:00:00,5.015287
2023-03-01 16:00:00,4.5641923
2023-03-01 17:00:00,3.8201156
2023-03-01 18:00:00,3.8328655
2023-03-01 19:00:00,4.656285
2023-03-01 20:00:00,4.685384
2023-03-01 21:00:00,5.8109975
2023-03-01 22:00:00,7.0633817
2023-03-01 23:00:00,7.340571
2023-03-02 00:00:00,7.269544
2023-03-02 01:00:00,7.748826
2023-03-02 02:00:00,8.423365
2023-03-02 03:00:00,8.54163
2023-03-02 04:00:00,8.243125
2023-03-02 05:00:00,7.7930994
2023-03-02 06:00:00,7.488956
2023-03-02 07:00:00,6.7319565
2023-03-02 08:00:00,7.8275146
2023-03-02 09:00:00,7.7002845
2023-03-02 10:00:00,7.236482
2023-03-02 11:00:00,6.6960225
2023-03-02 12:00:00,6.3564067
2023-03-02 13:00:00,5.99715
2023-03-02 14:00:00,5.775782
2023-03-02 15:00:00,5.6370554
2023-03-02 16:00:00,5.549215
2023-03-02 17:00:00,4.8573084
2023-03-02 18:00:00,4.648471
2023-03-02 19:00:00,5.2303762
2023-03-02 20:00:00,5.9937334
2023-03-02 21:00:00,6.989946
2023-03-02 22:00:00,7.6835914
2023-03-02 23:00:00,8.488139
2023-03-03 00:00:00,9.106816
2023-03-03 01:00:00,9.070665
2023-03-03 02:00:00,8.697986
2023-03-03 03:00:00,8.293664
2023-03-03 04:00:00,8.096774
2023-03-03 05:00:00,8.076106
2023-03-03 06:00:00,7.947248
2023-03-03 07:00:00,7.1231265
2023-03-03 08:00:00,7.2795053
2023-03-03 09:00:00,6.973276
2023-03-03 10:00:00,6.7645473
2023-03-03 11:00:00,6.634167
2023-03-03 12:00:00,6.25125
2023-03-03 13:00:00,5.6339827
2023-03-03 14:00:00,5.1793833
2023-03-03 15:00:00,5.1422157
2023-03-03 16:00:00,5.1395473
2023-03-03 17:00:00,5.215007
2023-03-03 18:00:00,5.1972914
2023-03-03 19:00:00,4.953928
2023-03-03 20:00:00,4.97783
2023-03-03 21:00:00,5.85921
2023-03-03 22:00:00,7.077902
2023-03-03 23:00:00,7.4215846
2023-03-04 00:00:00,7.2867775
2023-03-04 01:00:00,7.2203445
2023-03-04 02:00:00,6.9547563
2023-03-04 03:00:00,7.2948236
2023-03-04 04:00:00,7.6967506
2023-03-04 05:00:00,8.070487
2023-03-04 06:00:00,8.015284
2023-03-04 07:00:00,7.369095
2023-03-04 08:00:00,7.955349
2023-03-04 09:00:00,8.339485
2023-03-04 10:00:00,8.326069
2023-03-04 11:00:00,7.972482
2023-03-04 12:00:00,6.9112124
2023-03-04 13:00:00,5.7040915
2023-03-04 14:00:00,4.870734
2023-03-04 15:00:00,4.682964
2023-03-04 16:00:00,4.8002715
2023-03-04 17:00:00,4.575675
2023-03-04 18:00:00,4.163755
2023-03-04 19:00:00,4.1235137
2023-03-04 20:00:00,4.3827443
2023-03-04 21:00:00,5.1678543
2023-03-04 22:00:00,6.419194
2023-03-04 23:00:00,7.1006193
2023-03-05 00:00:00,7.136769
2023-03-05 01:00:00,7.222054
2023-03-05 02:00:00,7.5912056
2023-03-05 03:00:00,7.948373
2023-03-05 04:00:00,7.7248883
2023-03-05 05:00:00,7.291948
2023-03-05 06:00:00,7.0920725
2023-03-05 07:00:00,6.967616
2023-03-05 08:00:00,7.4153547
2023-03-05 09:00:00,7.0616336
2023-03-05 10:00:00,6.507774
2023-03-05 11:00:00,5.896886
2023-03-05 12:00:00,5.225322
2023-03-05 13:00:00,4.617898
2023-03-05 14:00:00,4.1365147
2023-03-05 15:00:00,3.6375723
2023-03-05 16:00:00,3.186324
2023-03-05 17:00:00,2.7538958
2023-03-05 18:00:00,2.7965112
2023-03-05 19:00:00,3.7177503
2023-03-05 20:00:00,4.3538446
2023-03-05 21:00:00,4.1400514
2023-03-05 22:00:00,3.6273065
2023-03-05 23:00:00,3.881344
2023-03-06 00:00:00,4.679014
2023-03-06 01:00:00,4.441345
2023-03-06 02:00:00,3.0353913
2023-03-06 03:00:00,2.1257377
2023-03-06 04:00:00,3.7765086
2023-03-06 05:00:00,4.920765
2023-03-06 06:00:00,5.386632
2023-03-06 07:00:00,5.833212
2023-03-06 08:00:00,6.195149
2023-03-06 09:00:00,6.2854776
2023-03-06 10:00:00,5.692291
2023-03-06 11:00:00,5.211334
2023-03-06 12:00:00,4.622706
2023-03-06 13:00:00,4.280642
2023-03-06 14:00:00,4.3377047
2023-03-06 15:00:00,4.4521813
2023-03-06 16:00:00,4.5219827
2023-03-06 17:00:00,4.4255433
2023-03-06 18:00:00,4.0295987
2023-03-06 19:00:00,4.047592
2023-03-06 20:00:00,3.7670486
2023-03-06 21:00:00,3.9572523
2023-03-06 22:00:00,3.9432495
2023-03-06 23:00:00,3.4899917
2023-03-07 00:00:00,3.545168
2023-03-07 01:00:00,4.9702725
2023-03-07 02:00:00,6.530523
2023-03-07 03:00:00,6.957338
2023-03-07 04:00:00,7.1436563
2023-03-07 05:00:00,7.1424947
2023-03-07 06:00:00,7.166203
2023-03-07 07:00:00,6.8701897
2023-03-07 08:00:00,6.932719
2023-03-07 09:00:00,6.6794887
2023-03-07 10:00:00,6.429942
2023-03-07 11:00:00,6.3315125
2023-03-07 12:00:00,6.366743
2023-03-07 13:00:00,6.7696066
2023-03-07 14:00:00,6.592684
2023-03-07 15:00:00,6.4355793
2023-03-07 16:00:00,6.335398
2023-03-07 17:00:00,6.0897393
2023-03-07 18:00:00,6.2504826
2023-03-07 19:00:00,5.7730403
2023-03-07 20:00:00,5.584555
2023-03-07 21:00:00,5.746018
2023-03-07 22:00:00,6.3575196
2023-03-07 23:00:00,7.13939
2023-03-08 00:00:00,8.432345
2023-03-08 01:00:00,9.522918
2023-03-08 02:00:00,9.220409
2023-03-08 03:00:00,8.903678
2023-03-08 04:00:00,8.668572
2023-03-08 05:00:00,8.628034
2023-03-08 06:00:00,8.665107
2023-03-08 07:00:00,8.0275545
2023-03-08 08:00:00,8.641112
2023-03-08 09:00:00,8.212693
2023-03-08 10:00:00,7.6598115
2023-03-08 11:00:00,7.0275965
2023-03-08 12:00:00,6.295408
2023-03-08 13:00:00,5.409705
2023-03-08 14:00:00,4.635169
2023-03-08 15:00:00,4.381465
2023-03-08 16:00:00,4.490822
2023-03-08 17:00:00,4.4166303
2023-03-08 18:00:00,3.874623
2023-03-08 19:00:00,4.894381
2023-03-08 20:00:00,4.839992
2023-03-08 21:00:00,5.192133
2023-03-08 22:00:00,5.771234
2023-03-08 23:00:00,6.16128
2023-03-09 00:00:00,6.912936
2023-03-09 01:00:00,8.351147
2023-03-09 02:00:00,9.261857
2023-03-09 03:00:00,9.228683
2023-03-09 04:00:00,9.006008
2023-03-09 05:00:00,8.790616
2023-03-09 06:00:00,8.650568
2023-03-09 07:00:00,8.535883
2023-03-09 08:00:00,9.594728
2023-03-09 09:00:00,8.879049
2023-03-09 10:00:00,8.148412
2023-03-09 11:00:00,7.425096
2023-03-09 12:00:00,6.7062607
2023-03-09 13:00:00,5.988995
2023-03-09 14:00:00,5.478497
2023-03-09 15:00:00,4.969258
2023-03-09 16:00:00,4.744105
2023-03-09 17:00:00,4.3811855
2023-03-09 18:00:00,4.971233
2023-03-09 19:00:00,6.481869
2023-03-09 20:00:00,6.501946
2023-03-09 21:00:00,6.416189
2023-03-09 22:00:00,6.483696
2023-03-09 23:00:00,7.594501
2023-03-10 00:00:00,9.120369
2023-03-10 01:00:00,9.245053
2023-03-10 02:00:00,8.75106
2023-03-10 03:00:00,8.37134
2023-03-10 04:00:00,7.9591365
2023-03-10 05:00:00,7.5722876
2023-03-10 06:00:00,7.352671
2023-03-10 07:00:00,6.61499
2023-03-10 08:00:00,7.3080816
2023-03-10 09:00:00,7.095135
2023-03-10 10:00:00,6.6472473
2023-03-10 11:00:00,6.149997
2023-03-10 12:00:00,5.53712
2023-03-10 13:00:00,4.600597
2023-03-10 14:00:00,4.1076345
2023-03-10 15:00:00,4.189151
2023-03-10 16:00:00,4.425082
2023-03-10 17:00:00,4.6772685
2023-03-10 18:00:00,4.999179
2023-03-10 19:00:00,5.2498655
2023-03-10 20:00:00,5.352201
2023-03-10 21:00:00,5.578988
2023-03-10 22:00:00,5.646503
2023-03-10 23:00:00,5.8644423
2023-03-11 00:00:00,6.136038
2023-03-11 01:00:00,6.7330847
2023-03-11 02:00:00,7.849751
2023-03-11 03:00:00,8.396091
2023-03-11 04:00:00,8.445305
2023-03-11 05:00:00,8.19121
2023-03-11 06:00:00,7.7309785
2023-03-11 07:00:00,7.1961355
2023-03-11 08:00:00,7.380988
2023-03-11 09:00:00,7.2392397
2023-03-11 10:00:00,6.9140306
2023-03-11 11:00:00,6.253178
2023-03-11 12:00:00,5.7043295
2023-03-11 13:00:00,5.2221684
2023-03-11 14:00:00,4.690854
2023-03-11 15:00:00,4.399382
2023-03-11 16:00:00,4.27937
2023-03-11 17:00:00,4.231987
2023-03-11 18:00:00,4.1541476
2023-03-11 19:00:00,4.7522454
2023-03-11 20:00:00,4.988728
2023-03-11 21:00:00,4.5452504
2023-03-11 22:00:00,3.9601417
2023-03-11 23:00:00,4.0302906
2023-03-12 00:00:00,5.256804
2023-03-12 01:00:00,6.679961
2023-03-12 02:00:00,7.411496
2023-03-12 03:00:00,7.535521
2023-03-12 04:00:00,7.6744156
2023-03-12 05:00:00,7.6699543
2023-03-12 06:00:00,7.5677032
2023-03-12 07:00:00,7.7621727
2023-03-12 08:00:00,8.076922
2023-03-12 09:00:00,7.6562552
2023-03-12 10:00:00,7.2521367
2023-03-12 11:00:00,7.1272964
2023-03-12 12:00:00,6.1002626
2023-03-12 13:00:00,5.38793
2023-03-12 14:00:00,4.9252644
2023-03-12 15:00:00,4.801451
2023-03-12 16:00:00,5.000301
2023-03-12 17:00:00,5.104397
2023-03-12 18:00:00,4.328986
2023-03-12 19:00:00,4.997378
2023-03-12 20:00:00,5.1198444
2023-03-12 21:00:00,5.604048
2023-03-12 22:00:00,7.2246747
2023-03-12 23:00:00,8.395241
2023-03-13 00:00:00,8.959107
2023-03-13 01:00:00,9.404567
2023-03-13 02:00:00,9.15079
2023-03-13 03:00:00,8.579802
2023-03-13 04:00:00,8.189499
2023-03-13 05:00:00,7.8103843
2023-03-13 06:00:00,7.3242846
2023-03-13 07:00:00,6.4067774
2023-03-13 08:00:00,6.9666653
2023-03-13 09:00:00,6.6969857
2023-03-13 10:00:00,6.1681747
2023-03-13 11:00:00,5.803314
2023-03-13 12:00:00,4.9020762
2023-03-13 13:00:00,4.3290486
2023-03-13 14:00:00,3.868952
2023-03-13 15:00:00,3.5711775
2023-03-13 16:00:00,3.2527294
2023-03-13 17:00:00,3.0116694
2023-03-13 18:00:00,2.091473
2023-03-13 19:00:00,3.0871086
2023-03-13 20:00:00,3.1451063
2023-03-13 21:00:00,1.8554925
2023-03-13 22:00:00,1.3656335
2023-03-13 23:00:00,3.3257654
2023-03-14 00:00:00,4.167206
2023-03-14 01:00:00,3.280633
2023-03-14 02:00:00,3.1455603
2023-03-14 03:00:00,3.2853262
2023-03-14 04:00:00,3.6612022
2023-03-14 05:00:00,4.6172748
2023-03-14 06:00:00,5.458409
2023-03-14 07:00:00,3.6945431
2023-03-14 08:00:00,3.5839934
2023-03-14 09:00:00,4.108204
2023-03-14 10:00:00,3.9341793
2023-03-14 11:00:00,3.3961601
2023-03-14 12:00:00,3.2398455
2023-03-14 13:00:00,2.8376105
2023-03-14 14:00:00,2.5377936
2023-03-14 15:00:00,2.0062675
2023-03-14 16:00:00,1.8726861
2023-03-14 17:00:00,3.0077364
2023-03-14 18:00:00,4.384821
2023-03-14 19:00:00,4.635545
2023-03-14 20:00:00,4.1619816
2023-03-14 21:00:00,4.3370333
2023-03-14 22:00:00,5.212982
2023-03-14 23:00:00,5.2638187
2023-03-15 00:00:00,5.124417
2023-03-15 01:00:00,4.465692
2023-03-15 02:00:00,4.279509
2023-03-15 03:00:00,4.116883
2023-03-15 04:00:00,4.4113235
2023-03-15 05:00:00,5.1167316
2023-03-15 06:00:00,5.4696097
2023-03-15 07:00:00,4.8292036
2023-03-15 08:00:00,5.617885
2023-03-15 09:00:00,5.84753
2023-03-15 10:00:00,5.4998913
2023-03-15 11:00:00,5.188643
2023-03-15 12:00:00,4.0944204
2023-03-15 13:00:00,3.2267325
2023-03-15 14:00:00,2.5435264
2023-03-15 15:00:00,3.130902
2023-03-15 16:00:00,1.8107014
2023-03-15 17:00:00,2.2642906
2023-03-15 18:00:00,2.9485054
2023-03-15 19:00:00,3.4212885
2023-03-15 20:00:00,3.7496252
2023-03-15 21:00:00,3.9472215
2023-03-15 22:00:00,3.8663447
2023-03-15 23:00:00,3.6007957
2023-03-16 00:00:00,2.9746053
2023-03-16 01:00:00,2.1159487
2023-03-16 02:00:00,2.0194697
2023-03-16 03:00:00,2.194166
2023-03-16 04:00:00,2.0840378
2023-03-16 05:00:00,1.8833117
2023-03-16 06:00:00,2.13062
2023-03-16 07:00:00,2.7599232
2023-03-16 08:00:00,1.9539124
2023-03-16 09:00:00,3.304189
2023-03-16 10:00:00,3.9277828
2023-03-16 11:00:00,3.8281658
2023-03-16 12:00:00,3.386798
2023-03-16 13:00:00,2.9690456
2023-03-16 14:00:00,2.35647
2023-03-16 15:00:00,1.8921272
2023-03-16 16:00:00,1.5002767
2023-03-16 17:00:00,1.602053
2023-03-16 18:00:00,1.9055225
2023-03-16 19:00:00,1.8762722
2023-03-16 20:00:00,2.417661
2023-03-16 21:00:00,3.013017
2023-03-16 22:00:00,3.0870204
2023-03-16 23:00:00,2.7526588
2023-03-17 00:00:00,1.9998072
2023-03-17 01:00:00,1.453603
2023-03-17 02:00:00,2.4097893
2023-03-17 03:00:00,3.9377737
2023-03-17 04:00:00,4.7601876
2023-03-17 05:00:00,5.030259
2023-03-17 06:00:00,5.1856637
2023-03-17 07:00:00,5.444168
2023-03-17 08:00:00,6.706755
2023-03-17 09:00:00,6.76184
2023-03-17 10:00:00,6.2268004
2023-03-17 11:00:00,5.456656
2023-03-17 12:00:00,4.7754683
2023-03-17 13:00:00,4.252875
2023-03-17 14:00:00,3.6463943
2023-03-17 15:00:00,3.627171
2023-03-17 16:00:00,3.4206462
2023-03-17 17:00:00,3.114264
2023-03-17 18:00:00,2.0695698
2023-03-17 19:00:00,2.0765138
2023-03-17 20:00:00,1.9402555
2023-03-17 21:00:00,1.6007596
2023-03-17 22:00:00,2.4045494
2023-03-17 23:00:00,2.8364413
2023-03-18 00:00:00,3.0037334
2023-03-18 01:00:00,2.3607123
2023-03-18 02:00:00,1.2496508
2023-03-18 03:00:00,0.91504884
2023-03-18 04:00:00,1.299075
2023-03-18 05:00:00,1.1014019
2023-03-18 06:00:00,0.50346106
2023-03-18 07:00:00,1.3213139
2023-03-18 08:00:00,1.7230616
2023-03-18 09:00:00,2.027146
2023-03-18 10:00:00,2.4340498
2023-03-18 11:00:00,2.878138
2023-03-18 12:00:00,2.918929
2023-03-18 13:00:00,2.841936
2023-03-18 14:00:00,3.0802293
2023-03-18 15:00:00,3.5397677
2023-03-18 16:00:00,3.2159765
2023-03-18 17:00:00,3.3528152
2023-03-18 18:00:00,3.7775393
2023-03-18 19:00:00,3.5813863
2023-03-18 20:00:00,3.090451
2023-03-18 21:00:00,2.9761446
2023-03-18 22:00:00,2.5533447
2023-03-18 23:00:00,1.7969421
2023-03-19 00:00:00,2.5127523
2023-03-19 01:00:00,2.7959764
2023-03-19 02:00:00,1.8939282
2023-03-19 03:00:00,2.0227737
2023-03-19 04:00:00,3.2609754
2023-03-19 05:00:00,3.6912525
2023-03-19 06:00:00,3.8619769
2023-03-19 07:00:00,4.303068
2023-03-19 08:00:00,3.4996789
2023-03-19 09:00:00,5.320797
2023-03-19 10:00:00,4.980621
2023-03-19 11:00:00,4.73715
2023-03-19 12:00:00,4.4661293
2023-03-19 13:00:00,3.8073742
2023-03-19 14:00:00,3.1610823
2023-03-19 15:00:00,2.4384947
2023-03-19 16:00:00,2.0717237
2023-03-19 17:00:00,1.6085471
2023-03-19 18:00:00,0.43976274
2023-03-19 19:00:00,1.4878715
2023-03-19 20:00:00,2.5926769
2023-03-19 21:00:00,3.1126235
2023-03-19 22:00:00,3.8041399
2023-03-19 23:00:00,3.970376
2023-03-20 00:00:00,4.2735643
2023-03-20 01:00:00,4.6680093
2023-03-20 02:00:00,3.8530638
2023-03-20 03:00:00,3.540317
2023-03-20 04:00:00,3.3327458
2023-03-20 05:00:00,2.8032718
2023-03-20 06:00:00,2.1462324
2023-03-20 07:00:00,5.7035275
2023-03-20 08:00:00,6.4267406
2023-03-20 09:00:00,5.9387627
2023-03-20 10:00:00,5.782988
2023-03-20 11:00:00,5.313846
2023-03-20 12:00:00,4.500826
2023-03-20 13:00:00,3.9725757
2023-03-20 14:00:00,3.2310748
2023-03-20 15:00:00,3.7842731
2023-03-20 16:00:00,3.5449088
2023-03-20 17:00:00,3.4341314
2023-03-20 18:00:00,3.0701559
2023-03-20 19:00:00,3.1262114
2023-03-20 20:00:00,3.3447733
2023-03-20 21:00:00,2.9372892
2023-03-20 22:00:00,3.0513175
2023-03-20 23:00:00,3.5617354
2023-03-21 00:00:00,3.6022654
2023-03-21 01:00:00,3.0731215
2023-03-21 02:00:00,2.6781092
2023-03-21 03:00:00,2.4032967
2023-03-21 04:00:00,2.3339322
2023-03-21 05:00:00,2.4243808
2023-03-21 06:00:00,2.524141
2023-03-21 07:00:00,2.658893
2023-03-21 08:00:00,2.3799934
2023-03-21 09:00:00,2.4069836
2023-03-21 10:00:00,2.0951073
2023-03-21 11:00:00,1.4528587
2023-03-21 12:00:00,0.5818699
2023-03-21 13:00:00,0.60737115
2023-03-21 14:00:00,1.0049807
2023-03-21 15:00:00,0.76712984
2023-03-21 16:00:00,1.8620847
2023-03-21 17:00:00,2.3900623
2023-03-21 18:00:00,2.7800968
2023-03-21 19:00:00,3.1499913
2023-03-21 20:00:00,3.784636
2023-03-21 21:00:00,3.5417166
2023-03-21 22:00:00,3.523949
2023-03-21 23:00:00,3.4717252
2023-03-22 00:00:00,4.3496113
2023-03-22 01:00:00,3.8692954
2023-03-22 02:00:00,3.7763152
2023-03-22 03:00:00,3.6146812
2023-03-22 04:00:00,3.588511
2023-03-22 05:00:00,3.9370973
2023-03-22 06:00:00,4.277889
2023-03-22 07:00:00,3.3479257
2023-03-22 08:00:00,2.9668415
2023-03-22 09:00:00,3.7628787
2023-03-22 10:00:00,3.7686946
2023-03-22 11:00:00,3.3314905
2023-03-22 12:00:00,3.3155851
2023-03-22 13:00:00,3.1081173
2023-03-22 14:00:00,2.9133046
2023-03-22 15:00:00,3.17927
2023-03-22 16:00:00,3.814948
2023-03-22 17:00:00,4.4065003
2023-03-22 18:00:00,5.1801195
2023-03-22 19:00:00,5.22264
2023-03-22 20:00:00,6.1773896
2023-03-22 21:00:00,6.3727894
2023-03-22 22:00:00,6.027424
2023-03-22 23:00:00,6.104484
2023-03-23 00:00:00,6.379543
2023-03-23 01:00:00,6.666418
2023-03-23 02:00:00,6.8537374
2023-03-23 03:00:00,6.808166
2023-03-23 04:00:00,7.028919
2023-03-23 05:00:00,7.13635
2023-03-23 06:00:00,7.4123354
2023-03-23 07:00:00,9.129279
2023-03-23 08:00:00,9.650538
2023-03-23 09:00:00,9.421296
2023-03-23 10:00:00,9.539245
2023-03-23 11:00:00,9.245453
2023-03-23 12:00:00,8.672053
2023-03-23 13:00:00,8.351978
2023-03-23 14:00:00,7.2474513
2023-03-23 15:00:00,6.9902196
2023-03-23 16:00:00,6.9813886
2023-03-23 17:00:00,6.3259487
2023-03-23 18:00:00,6.5147567
2023-03-23 19:00:00,7.6013947
2023-03-23 20:00:00,8.372932
2023-03-23 21:00:00,9.018853
2023-03-23 22:00:00,9.25781
2023-03-23 23:00:00,9.159549
2023-03-24 00:00:00,8.862626
2023-03-24 01:00:00,8.724201
2023-03-24 02:00:00,8.617879
2023-03-24 03:00:00,8.280489
2023-03-24 04:00:00,7.641683
2023-03-24 05:00:00,7.2962
2023-03-24 06:00:00,7.051428
2023-03-24 07:00:00,6.1887565
2023-03-24 08:00:00,7.548792
2023-03-24 09:00:00,7.96472
2023-03-24 10:00:00,7.663534
2023-03-24 11:00:00,7.0283594
2023-03-24 12:00:00,6.2990427
2023-03-24 13:00:00,5.386024
2023-03-24 14:00:00,4.8261137
2023-03-24 15:00:00,4.1267295
2023-03-24 16:00:00,3.48705
2023-03-24 17:00:00,2.9835145
2023-03-24 18:00:00,3.1172252
2023-03-24 19:00:00,2.8867369
2023-03-24 20:00:00,4.559181
2023-03-24 21:00:00,5.8053117
2023-03-24 22:00:00,5.857668
2023-03-24 23:00:00,5.4363523
2023-03-25 00:00:00,5.128774
2023-03-25 01:00:00,4.717444
2023-03-25 02:00:00,5.4194584
2023-03-25 03:00:00,5.6594687
2023-03-25 04:00:00,5.130529
2023-03-25 05:00:00,4.7734017
2023-03-25 06:00:00,5.1685834
2023-03-25 07:00:00,6.604881
2023-03-25 08:00:00,6.4635653
2023-03-25 09:00:00,6.303615
2023-03-25 10:00:00,5.441648
2023-03-25 11:00:00,4.8236923
2023-03-25 12:00:00,4.7224936
2023-03-25 13:00:00,4.3913984
2023-03-25 14:00:00,4.1633034
2023-03-25 15:00:00,3.807048
2023-03-25 16:00:00,3.2643394
2023-03-25 17:00:00,3.1647706
2023-03-25 18:00:00,3.016501
2023-03-25 19:00:00,4.1073
2023-03-25 20:00:00,3.4980845
2023-03-25 21:00:00,4.176797
2023-03-25 22:00:00,4.7022038
2023-03-25 23:00:00,5.3080807
2023-03-26 00:00:00,5.7316794
2023-03-26 01:00:00,6.0775537
2023-03-26 02:00:00,6.261135
2023-03-26 03:00:00,6.371456
2023-03-26 04:00:00,6.509356
2023-03-26 05:00:00,6.4645414
2023-03-26 06:00:00,6.3398046
2023-03-26 07:00:00,6.157891
2023-03-26 08:00:00,7.41214
2023-03-26 09:00:00,7.0821815
2023-03-26 10:00:00,6.424315
2023-03-26 11:00:00,5.7496443
2023-03-26 12:00:00,4.9802227
2023-03-26 13:00:00,4.0335317
2023-03-26 14:00:00,3.9562025
2023-03-26 15:00:00,4.2682815
2023-03-26 16:00:00,3.8455431
2023-03-26 17:00:00,4.0104437
2023-03-26 18:00:00,4.2108684
2023-03-26 19:00:00,4.803929
2023-03-26 20:00:00,4.9380474
2023-03-26 21:00:00,5.17079
2023-03-26 22:00:00,6.4644375
2023-03-26 23:00:00,6.580468
2023-03-27 00:00:00,6.3392034
2023-03-27 01:00:00,6.159821
2023-03-27 02:00:00,5.4716163
2023-03-27 03:00:00,5.3935404
2023-03-27 04:00:00,5.4744115
2023-03-27 05:00:00,5.4018855
2023-03-27 06:00:00,5.2029853
2023-03-27 07:00:00,5.3945193
2023-03-27 08:00:00,6.3603473
2023-03-27 09:00:00,6.561326
2023-03-27 10:00:00,6.1545815
2023-03-27 11:00:00,5.148501
2023-03-27 12:00:00,4.211882
2023-03-27 13:00:00,3.8174188
2023-03-27 14:00:00,3.5225255
2023-03-27 15:00:00,3.3961642
2023-03-27 16:00:00,3.884698
2023-03-27 17:00:00,4.5757537
2023-03-27 18:00:00,4.0771556
2023-03-27 19:00:00,3.9186783
2023-03-27 20:00:00,4.23701
2023-03-27 21:00:00,4.770008
2023-03-27 22:00:00,5.3773093
2023-03-27 23:00:00,6.416641
2023-03-28 00:00:00,6.8219852
2023-03-28 01:00:00,6.7474656
2023-03-28 02:00:00,6.521534
2023-03-28 03:00:00,6.304929
2023-03-28 04:00:00,6.32297
2023-03-28 05:00:00,6.5723634
2023-03-28 06:00:00,6.826235
2023-03-28 07:00:00,6.5806794
2023-03-28 08:00:00,7.1276813
2023-03-28 09:00:00,7.106249
2023-03-28 10:00:00,6.5428834
2023-03-28 11:00:00,6.1684294
2023-03-28 12:00:00,5.8117137
2023-03-28 13:00:00,5.427198
2023-03-28 14:00:00,5.2800326
2023-03-28 15:00:00,5.0974293
2023-03-28 16:00:00,5.2504883
2023-03-28 17:00:00,4.8264213
2023-03-28 18:00:00,4.329587
2023-03-28 19:00:00,4.8201437
2023-03-28 20:00:00,5.330004
2023-03-28 21:00:00,5.8633327
2023-03-28 22:00:00,6.574293
2023-03-28 23:00:00,6.9611306
2023-03-29 00:00:00,6.940652
2023-03-29 01:00:00,6.797923
2023-03-29 02:00:00,6.7386537
2023-03-29 03:00:00,6.894607
2023-03-29 04:00:00,7.0706105
2023-03-29 05:00:00,7.2275343
2023-03-29 06:00:00,7.4979677
2023-03-29 07:00:00,7.981714
2023-03-29 08:00:00,8.123742
2023-03-29 09:00:00,8.237887
2023-03-29 10:00:00,7.741255
2023-03-29 11:00:00,7.401223
2023-03-29 12:00:00,6.745062
2023-03-29 13:00:00,6.081935
2023-03-29 14:00:00,5.7793703
2023-03-29 15:00:00,5.5118594
2023-03-29 16:00:00,5.3214307
2023-03-29 17:00:00,4.8715467
2023-03-29 18:00:00,5.0871086
2023-03-29 19:00:00,5.835853
2023-03-29 20:00:00,5.931614
2023-03-29 21:00:00,6.187979
2023-03-29 22:00:00,7.5080276
2023-03-29 23:00:00,8.772362
2023-03-30 00:00:00,8.85274
2023-03-30 01:00:00,8.582183
2023-03-30 02:00:00,8.488405
2023-03-30 03:00:00,8.099001
2023-03-30 04:00:00,7.736972
2023-03-30 05:00:00,7.3842134
2023-03-30 06:00:00,6.9915524
2023-03-30 07:00:00,6.6762114
2023-03-30 08:00:00,8.67941
2023-03-30 09:00:00,8.784431
2023-03-30 10:00:00,8.586755
2023-03-30 11:00:00,8.221888
2023-03-30 12:00:00,8.040334
2023-03-30 13:00:00,7.948942
2023-03-30 14:00:00,7.5293813
2023-03-30 15:00:00,7.3668375
2023-03-30 16:00:00,7.077415
2023-03-30 17:00:00,6.2790704
2023-03-30 18:00:00,6.0664797
2023-03-30 19:00:00,6.0849714
2023-03-30 20:00:00,6.4729776
2023-03-30 21:00:00,7.3719664
2023-03-30 22:00:00,8.149701
2023-03-30 23:00:00,8.556389
2023-03-31 00:00:00,8.812292
2023-03-31 01:00:00,8.938405
2023-03-31 02:00:00,8.503115
2023-03-31 03:00:00,7.8785434
2023-03-31 04:00:00,7.4908786
2023-03-31 05:00:00,7.5605955
2023-03-31 06:00:00,7.554186
2023-03-31 07:00:00,7.601021
2023-03-31 08:00:00,7.558137
2023-03-31 09:00:00,6.9667625
2023-03-31 10:00:00,7.083825
2023-03-31 11:00:00,7.3194876
2023-03-31 12:00:00,6.897631
2023-03-31 13:00:00,6.231665
2023-03-31 14:00:00,5.860223
2023-03-31 15:00:00,5.7205353
2023-03-31 16:00:00,5.5226526
2023-03-31 17:00:00,5.2050576
2023-03-31 18:00:00,5.454929
2023-03-31 19:00:00,5.715024
2023-03-31 20:00:00,5.1853733
2023-03-31 21:00:00,4.767966
2023-03-31 22:00:00,5.0280437
2023-03-31 23:00:00,5.675711
2023-04-01 00:00:00,5.9281077
2023-04-01 01:00:00,6.083377
2023-04-01 02:00:00,6.2648435
2023-04-01 03:00:00,6.566016
2023-04-01 04:00:00,6.696903
2023-04-01 05:00:00,6.5606456
2023-04-01 06:00:00,6.340234
2023-04-01 07:00:00,5.9283385
2023-04-01 08:00:00,6.1853814
2023-04-01 09:00:00,5.998903
2023-04-01 10:00:00,5.6162457
2023-04-01 11:00:00,5.3272824
2023-04-01 12:00:00,4.8402305
2023-04-01 13:00:00,4.333066
2023-04-01 14:00:00,3.7526374
2023-04-01 15:00:00,3.4112735
2023-04-01 16:00:00,3.2253127
2023-04-01 17:00:00,3.1794758
2023-04-01 18:00:00,3.4354076
2023-04-01 19:00:00,4.374695
2023-04-01 20:00:00,5.1082053
2023-04-01 21:00:00,5.5230727
2023-04-01 22:00:00,5.3691387
2023-04-01 23:00:00,4.7900925
2023-04-02 00:00:00,4.5624895
2023-04-02 01:00:00,4.6153383
2023-04-02 02:00:00,4.494912
2023-04-02 03:00:00,3.9375644
2023-04-02 04:00:00,3.3362513
2023-04-02 05:00:00,2.9268794
2023-04-02 06:00:00,2.703908
2023-04-02 07:00:00,2.0775077
2023-04-02 08:00:00,1.676347
2023-04-02 09:00:00,1.8044955
2023-04-02 10:00:00,2.2310574
2023-04-02 11:00:00,1.9809128
2023-04-02 12:00:00,1.4169878
2023-04-02 13:00:00,1.2798777
2023-04-02 14:00:00,1.5050883
2023-04-02 15:00:00,2.0509393
2023-04-02 16:00:00,2.5271447
2023-04-02 17:00:00,2.672441
2023-04-02 18:00:00,2.8306954
2023-04-02 19:00:00,4.3484483
2023-04-02 20:00:00,5.3012223
2023-04-02 21:00:00,5.613871
2023-04-02 22:00:00,5.477068
2023-04-02 23:00:00,5.19382
2023-04-03 00:00:00,4.4528294
2023-04-03 01:00:00,3.944304
2023-04-03 02:00:00,3.793238
2023-04-03 03:00:00,3.65366
2023-04-03 04:00:00,3.366164
2023-04-03 05:00:00,3.1649048
2023-04-03 06:00:00,3.3584526
2023-04-03 07:00:00,4.324502
2023-04-03 08:00:00,4.3764935
2023-04-03 09:00:00,5.125049
2023-04-03 10:00:00,4.4533057
2023-04-03 11:00:00,4.034038
2023-04-03 12:00:00,3.8072839
2023-04-03 13:00:00,3.6424155
2023-04-03 14:00:00,3.5439034
2023-04-03 15:00:00,3.4688292
2023-04-03 16:00:00,3.6920495
2023-04-03 17:00:00,3.5906298
2023-04-03 18:00:00,2.6982028
2023-04-03 19:00:00,2.2211812
2023-04-03 20:00:00,2.0772839
2023-04-03 21:00:00,2.4069278
2023-04-03 22:00:00,3.1213937
2023-04-03 23:00:00,3.6247385
2023-04-04 00:00:00,3.9206579
2023-04-04 01:00:00,3.8457115
2023-04-04 02:00:00,3.7833073
2023-04-04 03:00:00,3.8248925
2023-04-04 04:00:00,3.9268427
2023-04-04 05:00:00,4.296303
2023-04-04 06:00:00,4.651206
2023-04-04 07:00:00,4.0420165
2023-04-04 08:00:00,5.3408275
2023-04-04 09:00:00,6.0746346
2023-04-04 10:00:00,5.9331
2023-04-04 11:00:00,5.6665287
2023-04-04 12:00:00,5.4616604
2023-04-04 13:00:00,5.3358617
2023-04-04 14:00:00,5.1468725
2023-04-04 15:00:00,5.0620527
2023-04-04 16:00:00,5.01083
2023-04-04 17:00:00,4.5267563
2023-04-04 18:00:00,4.409665
2023-04-04 19:00:00,5.1248984
2023-04-04 20:00:00,5.408756
2023-04-04 21:00:00,6.007663
2023-04-04 22:00:00,7.032477
2023-04-04 23:00:00,7.939972
2023-04-05 00:00:00,8.136034
2023-04-05 01:00:00,7.9806347
2023-04-05 02:00:00,7.758023
2023-04-05 03:00:00,7.5748973
2023-04-05 04:00:00,7.1425834
2023-04-05 05:00:00,6.8259907
2023-04-05 06:00:00,6.620336
2023-04-05 07:00:00,7.022798
2023-04-05 08:00:00,7.7750664
2023-04-05 09:00:00,7.5334587
2023-04-05 10:00:00,6.907256
2023-04-05 11:00:00,6.1812696
2023-04-05 12:00:00,5.5779405
2023-04-05 13:00:00,4.924898
2023-04-05 14:00:00,4.760779
2023-04-05 15:00:00,4.9693446
2023-04-05 16:00:00,4.8807774
2023-04-05 17:00:00,5.0693445
2023-04-05 18:00:00,4.655835
2023-04-05 19:00:00,5.5460544
2023-04-05 20:00:00,5.560695
2023-04-05 21:00:00,5.940166
2023-04-05 22:00:00,5.9313054
2023-04-05 23:00:00,6.0036855
2023-04-06 00:00:00,5.7109723
2023-04-06 01:00:00,5.199907
2023-04-06 02:00:00,5.3157215
2023-04-06 03:00:00,5.7333546
2023-04-06 04:00:00,6.3346834
2023-04-06 05:00:00,6.528961
2023-04-06 06:00:00,6.359833
2023-04-06 07:00:00,5.4199476
2023-04-06 08:00:00,6.3681035
2023-04-06 09:00:00,6.5305533
2023-04-06 10:00:00,7.0454
2023-04-06 11:00:00,6.807624
2023-04-06 12:00:00,6.4245677
2023-04-06 13:00:00,6.181386
2023-04-06 14:00:00,6.035557
2023-04-06 15:00:00,6.0364804
2023-04-06 16:00:00,6.1631746
2023-04-06 17:00:00,5.9268184
2023-04-06 18:00:00,5.8090487
2023-04-06 19:00:00,6.006438
2023-04-06 20:00:00,5.782001
2023-04-06 21:00:00,5.495734
2023-04-06 22:00:00,6.041162
2023-04-06 23:00:00,6.7122626
2023-04-07 00:00:00,7.1233096
2023-04-07 01:00:00,7.0052075
2023-04-07 02:00:00,6.860753
2023-04-07 03:00:00,6.793676
2023-04-07 04:00:00,6.746472
2023-04-07 05:00:00,6.564237
2023-04-07 06:00:00,6.3758516
2023-04-07 07:00:00,6.8012023
2023-04-07 08:00:00,7.8064876
2023-04-07 09:00:00,6.9154487
2023-04-07 10:00:00,6.366892
2023-04-07 11:00:00,5.9275846
2023-04-07 12:00:00,5.2940884
2023-04-07 13:00:00,4.790533
2023-04-07 14:00:00,4.6845617
2023-04-07 15:00:00,4.4276295
2023-04-07 16:00:00,4.424743
2023-04-07 17:00:00,4.9943094
2023-04-07 18:00:00,4.612998
2023-04-07 19:00:00,5.2876954
2023-04-07 20:00:00,5.529474
2023-04-07 21:00:00,5.719282
2023-04-07 22:00:00,5.375497
2023-04-07 23:00:00,4.7590327
2023-04-08 00:00:00,4.483853
2023-04-08 01:00:00,4.6517406
2023-04-08 02:00:00,5.2106104
2023-04-08 03:00:00,5.714426
2023-04-08 04:00:00,6.0588636
2023-04-08 05:00:00,6.3816943
2023-04-08 06:00:00,6.5299277
2023-04-08 07:00:00,6.3267455
2023-04-08 08:00:00,6.7052593
2023-04-08 09:00:00,5.994332
2023-04-08 10:00:00,5.5413866
2023-04-08 11:00:00,5.08043
2023-04-08 12:00:00,4.5512624
2023-04-08 13:00:00,4.377773
2023-04-08 14:00:00,4.4542117
2023-04-08 15:00:00,3.7312684
2023-04-08 16:00:00,3.0626285
2023-04-08 17:00:00,2.4524467
2023-04-08 18:00:00,3.5126443
2023-04-08 19:00:00,3.464994
2023-04-08 20:00:00,3.663045
2023-04-08 21:00:00,3.7642415
2023-04-08 22:00:00,3.9522078
2023-04-08 23:00:00,4.34707
2023-04-09 00:00:00,4.2539067
2023-04-09 01:00:00,5.0087867
2023-04-09 02:00:00,4.678296
2023-04-09 03:00:00,3.9486432
2023-04-09 04:00:00,3.7285242
2023-04-09 05:00:00,4.004164
2023-04-09 06:00:00,4.1189165
2023-04-09 07:00:00,3.5539088
2023-04-09 08:00:00,3.2247221
2023-04-09 09:00:00,4.0004406
2023-04-09 10:00:00,4.5749226
2023-04-09 11:00:00,4.7299113
2023-04-09 12:00:00,4.843071
2023-04-09 13:00:00,4.494357
2023-04-09 14:00:00,5.451419
2023-04-09 15:00:00,5.0735846
2023-04-09 16:00:00,4.31501
2023-04-09 17:00:00,3.5015306
2023-04-09 18:00:00,3.45367
2023-04-09 19:00:00,3.3034334
2023-04-09 20:00:00,3.96089
2023-04-09 21:00:00,4.5776515
2023-04-09 22:00:00,4.967411
2023-04-09 23:00:00,5.027449
2023-04-10 00:00:00,4.767252
2023-04-10 01:00:00,4.6754694
2023-04-10 02:00:00,4.583002
2023-04-10 03:00:00,4.3288403
2023-04-10 04:00:00,4.189082
2023-04-10 05:00:00,4.395614
2023-04-10 06:00:00,4.4514427
2023-04-10 07:00:00,4.7804456
2023-04-10 08:00:00,5.783946
2023-04-10 09:00:00,6.0187674
2023-04-10 10:00:00,5.5808787
2023-04-10 11:00:00,4.6788616
2023-04-10 12:00:00,4.102507
2023-04-10 13:00:00,3.5546525
2023-04-10 14:00:00,3.4102573
2023-04-10 15:00:00,3.1756294
2023-04-10 16:00:00,3.163966
2023-04-10 17:00:00,3.1577544
2023-04-10 18:00:00,3.8936553
2023-04-10 19:00:00,3.0249817
2023-04-10 20:00:00,2.7441723
2023-04-10 21:00:00,2.7967026
2023-04-10 22:00:00,3.1620986
2023-04-10 23:00:00,4.4544954
2023-04-11 00:00:00,5.706086
2023-04-11 01:00:00,6.2362475
2023-04-11 02:00:00,6.5311213
2023-04-11 03:00:00,7.0971656
2023-04-11 04:00:00,7.2152634
2023-04-11 05:00:00,6.8102536
2023-04-11 06:00:00,6.6144123
2023-04-11 07:00:00,5.5549803
2023-04-11 08:00:00,7.7252183
2023-04-11 09:00:00,7.2645774
2023-04-11 10:00:00,6.7405944
2023-04-11 11:00:00,5.948266
2023-04-11 12:00:00,5.615448
2023-04-11 13:00:00,5.32668
2023-04-11 14:00:00,4.959195
2023-04-11 15:00:00,4.824876
2023-04-11 16:00:00,4.6507545
2023-04-11 17:00:00,4.228836
2023-04-11 18:00:00,4.683496
2023-04-11 19:00:00,4.891232
2023-04-11 20:00:00,5.360799
2023-04-11 21:00:00,5.494508
2023-04-11 22:00:00,5.191489
2023-04-11 23:00:00,4.8725495
2023-04-12 00:00:00,4.710921
2023-04-12 01:00:00,5.1681437
2023-04-12 02:00:00,5.897819
2023-04-12 03:00:00,6.2091856
2023-04-12 04:00:00,6.3220925
2023-04-12 05:00:00,6.4628043
2023-04-12 06:00:00,6.4822154
2023-04-12 07:00:00,5.6648026
2023-04-12 08:00:00,6.3778667
2023-04-12 09:00:00,6.2012677
2023-04-12 10:00:00,5.7083607
2023-04-12 11:00:00,5.1505218
2023-04-12 12:00:00,4.664248
2023-04-12 13:00:00,4.493939
2023-04-12 14:00:00,4.4996147
2023-04-12 15:00:00,4.50433
2023-04-12 16:00:00,4.580288
2023-04-12 17:00:00,4.3885474
2023-04-12 18:00:00,4.616875
2023-04-12 19:00:00,4.7891536
2023-04-12 20:00:00,4.8471203
2023-04-12 21:00:00,4.905725
2023-04-12 22:00:00,5.4405756
2023-04-12 23:00:00,6.276353
2023-04-13 00:00:00,6.800954
2023-04-13 01:00:00,7.215742
2023-04-13 02:00:00,7.551504
2023-04-13 03:00:00,7.692419
2023-04-13 04:00:00,7.6314526
2023-04-13 05:00:00,7.677712
2023-04-13 06:00:00,7.7506847
2023-04-13 07:00:00,7.5216675
2023-04-13 08:00:00,7.8483562
2023-04-13 09:00:00,7.409761
2023-04-13 10:00:00,6.8896756
2023-04-13 11:00:00,6.4851027
2023-04-13 12:00:00,5.923829
2023-04-13 13:00:00,5.290862
2023-04-13 14:00:00,4.8543053
2023-04-13 15:00:00,4.6528835
2023-04-13 16:00:00,4.4409814
2023-04-13 17:00:00,4.281867
2023-04-13 18:00:00,4.8162775
2023-04-13 19:00:00,5.2471995
2023-04-13 20:00:00,4.78608
2023-04-13 21:00:00,4.4894266
2023-04-13 22:00:00,4.4868417
2023-04-13 23:00:00,5.433576
2023-04-14 00:00:00,6.7310967
2023-04-14 01:00:00,7.5903134
2023-04-14 02:00:00,7.672161
2023-04-14 03:00:00,7.216289
2023-04-14 04:00:00,6.8115163
2023-04-14 05:00:00,6.742814
2023-04-14 06:00:00,6.7952175
2023-04-14 07:00:00,7.5620403
2023-04-14 08:00:00,7.644261
2023-04-14 09:00:00,6.9512277
2023-04-14 10:00:00,6.3959827
2023-04-14 11:00:00,6.095347
2023-04-14 12:00:00,5.5473514
2023-04-14 13:00:00,5.1514196
2023-04-14 14:00:00,4.8664093
2023-04-14 15:00:00,4.523837
2023-04-14 16:00:00,4.0871887
2023-04-14 17:00:00,3.6932795
2023-04-14 18:00:00,3.868356
2023-04-14 19:00:00,4.352571
2023-04-14 20:00:00,4.859646
2023-04-14 21:00:00,5.067191
2023-04-14 22:00:00,5.0166297
2023-04-14 23:00:00,5.0407753
2023-04-15 00:00:00,5.763373
2023-04-15 01:00:00,6.0970354
2023-04-15 02:00:00,6.011872
2023-04-15 03:00:00,6.28659
2023-04-15 04:00:00,6.738501
2023-04-15 05:00:00,6.9532394
2023-04-15 06:00:00,6.998537
2023-04-15 07:00:00,6.520597
2023-04-15 08:00:00,7.8461328
2023-04-15 09:00:00,7.775959
2023-04-15 10:00:00,6.818478
2023-04-15 11:00:00,5.9521313
2023-04-15 12:00:00,5.103726
2023-04-15 13:00:00,4.4128947
2023-04-15 14:00:00,3.9415352
2023-04-15 15:00:00,3.5878837
2023-04-15 16:00:00,3.4248881
2023-04-15 17:00:00,3.4296832
2023-04-15 18:00:00,3.8288183
2023-04-15 19:00:00,4.845424
2023-04-15 20:00:00,5.0195756
2023-04-15 21:00:00,5.3135133
2023-04-15 22:00:00,5.1845474
2023-04-15 23:00:00,5.273536
2023-04-16 00:00:00,5.481981
2023-04-16 01:00:00,6.1967754
2023-04-16 02:00:00,6.646746
2023-04-16 03:00:00,6.6928635
2023-04-16 04:00:00,6.5691924
2023-04-16 05:00:00,6.1941032
2023-04-16 06:00:00,5.886708
2023-04-16 07:00:00,5.345654
2023-04-16 08:00:00,4.5896215
2023-04-16 09:00:00,4.39659
2023-04-16 10:00:00,3.887193
2023-04-16 11:00:00,2.5985222
2023-04-16 12:00:00,1.6616539
2023-04-16 13:00:00,1.3714832
2023-04-16 14:00:00,1.3183002
2023-04-16 15:00:00,1.4183882
2023-04-16 16:00:00,1.4297109
2023-04-16 17:00:00,1.6846313
2023-04-16 18:00:00,1.6481506
2023-04-16 19:00:00,0.79888463
2023-04-16 20:00:00,0.6803926
2023-04-16 21:00:00,1.3224096
2023-04-16 22:00:00,2.7475896
2023-04-16 23:00:00,3.9304974
2023-04-17 00:00:00,4.3817987
2023-04-17 01:00:00,4.6189957
2023-04-17 02:00:00,5.517244
2023-04-17 03:00:00,6.710239
2023-04-17 04:00:00,6.962713
2023-04-17 05:00:00,6.6277847
2023-04-17 06:00:00,6.121486
2023-04-17 07:00:00,5.248117
2023-04-17 08:00:00,6.097394
2023-04-17 09:00:00,5.4009023
2023-04-17 10:00:00,4.6411757
2023-04-17 11:00:00,3.7589135
2023-04-17 12:00:00,3.039202
2023-04-17 13:00:00,2.5093403
2023-04-17 14:00:00,2.2168753
2023-04-17 15:00:00,2.2067223
2023-04-17 16:00:00,2.451192
2023-04-17 17:00:00,2.8310485
2023-04-17 18:00:00,3.7560768
2023-04-17 19:00:00,5.005114
2023-04-17 20:00:00,4.9437356
2023-04-17 21:00:00,4.47139
2023-04-17 22:00:00,3.8660817
2023-04-17 23:00:00,3.1903768
2023-04-18 00:00:00,3.201642
2023-04-18 01:00:00,3.644733
2023-04-18 02:00:00,4.460605
2023-04-18 03:00:00,5.458095
2023-04-18 04:00:00,5.9480357
2023-04-18 05:00:00,5.3911505
2023-04-18 06:00:00,4.4825087
2023-04-18 07:00:00,3.9378622
2023-04-18 08:00:00,3.5643022
2023-04-18 09:00:00,3.801352
2023-04-18 10:00:00,3.578327
2023-04-18 11:00:00,3.1305711
2023-04-18 12:00:00,2.8018632
2023-04-18 13:00:00,2.2652645
2023-04-18 14:00:00,1.8442105
2023-04-18 15:00:00,1.8549747
2023-04-18 16:00:00,2.1769655
2023-04-18 17:00:00,2.0107372
2023-04-18 18:00:00,3.335361
2023-04-18 19:00:00,4.059577
2023-04-18 20:00:00,4.3404827
2023-04-18 21:00:00,5.3509965
2023-04-18 22:00:00,6.618103
2023-04-18 23:00:00,7.034831
2023-04-19 00:00:00,7.111267
2023-04-19 01:00:00,6.8086424
2023-04-19 02:00:00,6.4325213
2023-04-19 03:00:00,6.100367
2023-04-19 04:00:00,5.8519745
2023-04-19 05:00:00,5.515565
2023-04-19 06:00:00,5.194812
2023-04-19 07:00:00,3.7079937
2023-04-19 08:00:00,4.1816754
2023-04-19 09:00:00,3.715024
2023-04-19 10:00:00,3.4937296
2023-04-19 11:00:00,3.1092334
2023-04-19 12:00:00,2.9937124
2023-04-19 13:00:00,2.9262397
2023-04-19 14:00:00,3.0729494
2023-04-19 15:00:00,3.2050776
2023-04-19 16:00:00,3.3093834
2023-04-19 17:00:00,2.70652
2023-04-19 18:00:00,2.4280248
2023-04-19 19:00:00,2.1783242
2023-04-19 20:00:00,3.322757
2023-04-19 21:00:00,3.7380426
2023-04-19 22:00:00,3.9607806
2023-04-19 23:00:00,4.3754196
2023-04-20 00:00:00,4.708386
2023-04-20 01:00:00,4.6424637
2023-04-20 02:00:00,4.5317745
2023-04-20 03:00:00,4.309385
2023-04-20 04:00:00,4.1159387
2023-04-20 05:00:00,3.9158804
2023-04-20 06:00:00,3.63042
2023-04-20 07:00:00,2.7291777
2023-04-20 08:00:00,2.1897285
2023-04-20 09:00:00,1.6696845
2023-04-20 10:00:00,1.4632844
2023-04-20 11:00:00,1.5349321
2023-04-20 12:00:00,1.7924219
2023-04-20 13:00:00,1.959024
2023-04-20 14:00:00,2.1164222
2023-04-20 15:00:00,2.0752757
2023-04-20 16:00:00,1.7716247
2023-04-20 17:00:00,1.7757188
2023-04-20 18:00:00,2.1635883
2023-04-20 19:00:00,2.1053474
2023-04-20 20:00:00,2.461933
2023-04-20 21:00:00,2.7649908
2023-04-20 22:00:00,3.1300654
2023-04-20 23:00:00,3.2731557
2023-04-21 00:00:00,3.3073401
2023-04-21 01:00:00,3.3524263
2023-04-21 02:00:00,3.6344943
2023-04-21 03:00:00,4.0106177
2023-04-21 04:00:00,4.055829
2023-04-21 05:00:00,3.891333
2023-04-21 06:00:00,3.5636125
2023-04-21 07:00:00,3.3969283
2023-04-21 08:00:00,2.7111676
2023-04-21 09:00:00,2.4959843
2023-04-21 10:00:00,3.6310775
2023-04-21 11:00:00,3.9859993
2023-04-21 12:00:00,4.117982
2023-04-21 13:00:00,4.5900383
2023-04-21 14:00:00,4.944979
2023-04-21 15:00:00,5.226254
2023-04-21 16:00:00,5.583029
2023-04-21 17:00:00,5.6709685
2023-04-21 18:00:00,5.4243765
2023-04-21 19:00:00,4.914485
2023-04-21 20:00:00,4.705992
2023-04-21 21:00:00,4.8513017
2023-04-21 22:00:00,6.0318847
2023-04-21 23:00:00,7.2639437
2023-04-22 00:00:00,8.184505
2023-04-22 01:00:00,8.680522
2023-04-22 02:00:00,8.991844
2023-04-22 03:00:00,9.288292
2023-04-22 04:00:00,9.124786
2023-04-22 05:00:00,8.977706
2023-04-22 06:00:00,9.006583
2023-04-22 07:00:00,9.182583
2023-04-22 08:00:00,11.784233
2023-04-22 09:00:00,11.3539095
2023-04-22 10:00:00,10.812895
2023-04-22 11:00:00,9.017201
2023-04-22 12:00:00,9.308013
2023-04-22 13:00:00,8.655037
2023-04-22 14:00:00,8.6162615
2023-04-22 15:00:00,8.113931
2023-04-22 16:00:00,7.489931
2023-04-22 17:00:00,7.311875
2023-04-22 18:00:00,7.922386
2023-04-22 19:00:00,7.913291
2023-04-22 20:00:00,8.057801
2023-04-22 21:00:00,8.524502
2023-04-22 22:00:00,8.866634
2023-04-22 23:00:00,8.924929
2023-04-23 00:00:00,8.568736
2023-04-23 01:00:00,8.187392
2023-04-23 02:00:00,7.7281857
2023-04-23 03:00:00,7.377415
2023-04-23 04:00:00,7.1706924
2023-04-23 05:00:00,7.1323147
2023-04-23 06:00:00,7.0816975
2023-04-23 07:00:00,7.953843
2023-04-23 08:00:00,8.322669
2023-04-23 09:00:00,8.630385
2023-04-23 10:00:00,8.213415
2023-04-23 11:00:00,7.90299
2023-04-23 12:00:00,7.456686
2023-04-23 13:00:00,7.0322556
2023-04-23 14:00:00,6.920639
2023-04-23 15:00:00,6.104518
2023-04-23 16:00:00,5.4025593
2023-04-23 17:00:00,4.97527
2023-04-23 18:00:00,4.7283344
2023-04-23 19:00:00,5.124707
2023-04-23 20:00:00,5.1667285
2023-04-23 21:00:00,5.6462526
2023-04-23 22:00:00,6.4245124
2023-04-23 23:00:00,7.216328
2023-04-24 00:00:00,7.5408115
2023-04-24 01:00:00,7.4952035
2023-04-24 02:00:00,7.4860888
2023-04-24 03:00:00,7.4110956
2023-04-24 04:00:00,7.376454
2023-04-24 05:00:00,7.4351206
2023-04-24 06:00:00,7.551481
2023-04-24 07:00:00,8.273875
2023-04-24 08:00:00,9.321854
2023-04-24 09:00:00,9.367463
2023-04-24 10:00:00,9.177665
2023-04-24 11:00:00,8.489514
2023-04-24 12:00:00,7.7106047
2023-04-24 13:00:00,7.5017443
2023-04-24 14:00:00,7.2677245
2023-04-24 15:00:00,7.3230343
2023-04-24 16:00:00,7.06095
2023-04-24 17:00:00,6.553383
2023-04-24 18:00:00,6.423808
2023-04-24 19:00:00,6.7332373
2023-04-24 20:00:00,7.1200542
2023-04-24 21:00:00,7.692214
2023-04-24 22:00:00,8.128914
2023-04-24 23:00:00,8.180202
2023-04-25 00:00:00,8.304227
2023-04-25 01:00:00,8.497226
2023-04-25 02:00:00,8.492614
2023-04-25 03:00:00,8.296238
2023-04-25 04:00:00,8.026627
2023-04-25 05:00:00,7.676357
2023-04-25 06:00:00,7.345111
2023-04-25 07:00:00,6.795304
2023-04-25 08:00:00,6.9721975
2023-04-25 09:00:00,7.3006015
2023-04-25 10:00:00,7.31735
2023-04-25 11:00:00,7.196391
2023-04-25 12:00:00,6.8501506
2023-04-25 13:00:00,6.440526
2023-04-25 14:00:00,6.0298533
2023-04-25 15:00:00,5.8455114
2023-04-25 16:00:00,6.001644
2023-04-25 17:00:00,5.731355
2023-04-25 18:00:00,6.0903826
2023-04-25 19:00:00,6.7053857
2023-04-25 20:00:00,6.8957944
2023-04-25 21:00:00,7.206083
2023-04-25 22:00:00,7.456131
2023-04-25 23:00:00,8.073776
2023-04-26 00:00:00,8.840261
2023-04-26 01:00:00,9.189399
2023-04-26 02:00:00,9.144997
2023-04-26 03:00:00,8.994016
2023-04-26 04:00:00,8.723888
2023-04-26 05:00:00,8.453054
2023-04-26 06:00:00,8.164075
2023-04-26 07:00:00,9.161439
2023-04-26 08:00:00,9.932905
2023-04-26 09:00:00,9.901833
2023-04-26 10:00:00,9.500454
2023-04-26 11:00:00,8.789151
2023-04-26 12:00:00,8.095779
2023-04-26 13:00:00,7.4244723
2023-04-26 14:00:00,7.019976
2023-04-26 15:00:00,6.611683
2023-04-26 16:00:00,6.0830355
2023-04-26 17:00:00,5.047825
2023-04-26 18:00:00,4.2258506
2023-04-26 19:00:00,4.0586057
2023-04-26 20:00:00,4.3388925
2023-04-26 21:00:00,5.541823
2023-04-26 22:00:00,6.7010393
2023-04-26 23:00:00,7.2667255
2023-04-27 00:00:00,7.1160684
2023-04-27 01:00:00,6.744756
2023-04-27 02:00:00,6.592792
2023-04-27 03:00:00,6.661871
2023-04-27 04:00:00,6.5431747
2023-04-27 05:00:00,6.4444857
2023-04-27 06:00:00,6.4341736
2023-04-27 07:00:00,7.1695304
2023-04-27 08:00:00,7.657662
2023-04-27 09:00:00,7.0786605
2023-04-27 10:00:00,6.2109833
2023-04-27 11:00:00,5.523362
2023-04-27 12:00:00,4.492869
2023-04-27 13:00:00,3.7882357
2023-04-27 14:00:00,3.457642
2023-04-27 15:00:00,3.013462
2023-04-27 16:00:00,2.706722
2023-04-27 17:00:00,2.7086143
2023-04-27 18:00:00,2.762857
2023-04-27 19:00:00,3.0521402
2023-04-27 20:00:00,3.272237
2023-04-27 21:00:00,3.5717392
2023-04-27 22:00:00,3.7084162
2023-04-27 23:00:00,3.9788535
2023-04-28 00:00:00,3.7841039
2023-04-28 01:00:00,3.2139516
2023-04-28 02:00:00,2.7107818
2023-04-28 03:00:00,3.0056484
2023-04-28 04:00:00,3.6571715
2023-04-28 05:00:00,4.013954
2023-04-28 06:00:00,4.2007604
2023-04-28 07:00:00,4.048363
2023-04-28 08:00:00,4.962931
2023-04-28 09:00:00,4.488442
2023-04-28 10:00:00,4.125729
2023-04-28 11:00:00,3.8550158
2023-04-28 12:00:00,3.6684644
2023-04-28 13:00:00,3.4948404
2023-04-28 14:00:00,3.5830266
2023-04-28 15:00:00,3.5484397
2023-04-28 16:00:00,3.8394907
2023-04-28 17:00:00,3.2958431
2023-04-28 18:00:00,3.2162318
2023-04-28 19:00:00,3.0329573
2023-04-28 20:00:00,3.9131143
2023-04-28 21:00:00,4.403318
2023-04-28 22:00:00,4.1741443
2023-04-28 23:00:00,3.6202817
2023-04-29 00:00:00,3.5238285
2023-04-29 01:00:00,3.9328275
2023-04-29 02:00:00,4.134021
2023-04-29 03:00:00,4.0487747
2023-04-29 04:00:00,3.7283993
2023-04-29 05:00:00,3.3177383
2023-04-29 06:00:00,3.175104
2023-04-29 07:00:00,3.7819252
2023-04-29 08:00:00,5.3227196
2023-04-29 09:00:00,6.0866413
2023-04-29 10:00:00,5.8596673
2023-04-29 11:00:00,4.851671
2023-04-29 12:00:00,4.365898
2023-04-29 13:00:00,4.3811903
2023-04-29 14:00:00,4.356278
2023-04-29 15:00:00,4.4763103
2023-04-29 16:00:00,4.185275
2023-04-29 17:00:00,3.6774077
2023-04-29 18:00:00,4.348442
2023-04-29 19:00:00,4.6392536
2023-04-29 20:00:00,5.225526
2023-04-29 21:00:00,5.8232403
2023-04-29 22:00:00,6.081271
2023-04-29 23:00:00,5.8271203
2023-04-30 00:00:00,5.6921816
2023-04-30 01:00:00,5.669647
2023-04-30 02:00:00,5.9243565
2023-04-30 03:00:00,6.224652
2023-04-30 04:00:00,6.42337
2023-04-30 05:00:00,6.5495687
2023-04-30 06:00:00,6.509131
2023-04-30 07:00:00,6.6997743
2023-04-30 08:00:00,7.710683
2023-04-30 09:00:00,7.541071
2023-04-30 10:00:00,7.0467725
2023-04-30 11:00:00,6.323606
2023-04-30 12:00:00,5.717123
2023-04-30 13:00:00,5.1518955
2023-04-30 14:00:00,4.768417
2023-04-30 15:00:00,4.568156
2023-04-30 16:00:00,4.36035
2023-04-30 17:00:00,3.991522
2023-04-30 18:00:00,3.6342678
2023-04-30 19:00:00,5.6346016
2023-04-30 20:00:00,6.793842
2023-04-30 21:00:00,7.9931254
2023-04-30 22:00:00,7.8517513
2023-04-30 23:00:00,7.040363
2023-05-01 00:00:00,6.5239754
2023-05-01 01:00:00,6.365961
2023-05-01 02:00:00,6.100913
2023-05-01 03:00:00,5.610083
2023-05-01 04:00:00,5.406134
2023-05-01 05:00:00,5.621219
2023-05-01 06:00:00,5.5536776
2023-05-01 07:00:00,5.0423145
2023-05-01 08:00:00,5.917765
2023-05-01 09:00:00,5.982233
2023-05-01 10:00:00,5.13185
2023-05-01 11:00:00,4.511975
2023-05-01 12:00:00,4.3751097
2023-05-01 13:00:00,4.269264
2023-05-01 14:00:00,4.062106
2023-05-01 15:00:00,2.845013
2023-05-01 16:00:00,1.7615312
2023-05-01 17:00:00,2.1037054
2023-05-01 18:00:00,2.4311113
2023-05-01 19:00:00,1.0619096
2023-05-01 20:00:00,1.2554207
2023-05-01 21:00:00,1.8362222
2023-05-01 22:00:00,2.5009794
2023-05-01 23:00:00,3.147619
2023-05-02 00:00:00,3.184984
2023-05-02 01:00:00,3.246737
2023-05-02 02:00:00,3.240918
2023-05-02 03:00:00,3.0548582
2023-05-02 04:00:00,3.0427322
2023-05-02 05:00:00,3.1811602
2023-05-02 06:00:00,3.465858
2023-05-02 07:00:00,3.8334012
2023-05-02 08:00:00,3.7496536
2023-05-02 09:00:00,3.762206
2023-05-02 10:00:00,3.7537868
2023-05-02 11:00:00,3.7831783
2023-05-02 12:00:00,3.6449072
2023-05-02 13:00:00,3.2974715
2023-05-02 14:00:00,2.794761
2023-05-02 15:00:00,2.5297217
2023-05-02 16:00:00,2.4654312
2023-05-02 17:00:00,2.1276708
2023-05-02 18:00:00,2.5196683
2023-05-02 19:00:00,2.6356459
2023-05-02 20:00:00,3.117406
2023-05-02 21:00:00,3.825343
2023-05-02 22:00:00,4.277527
2023-05-02 23:00:00,4.466268
2023-05-03 00:00:00,5.0183225
2023-05-03 01:00:00,5.651451
2023-05-03 02:00:00,5.9621425
2023-05-03 03:00:00,6.20114
2023-05-03 04:00:00,6.1080747
2023-05-03 05:00:00,5.9755764
2023-05-03 06:00:00,5.973981
2023-05-03 07:00:00,6.0089173
2023-05-03 08:00:00,6.2056613
2023-05-03 09:00:00,5.7166786
2023-05-03 10:00:00,5.2967877
2023-05-03 11:00:00,4.6466174
2023-05-03 12:00:00,4.2294145
2023-05-03 13:00:00,3.6794984
2023-05-03 14:00:00,3.344167
2023-05-03 15:00:00,3.5388272
2023-05-03 16:00:00,3.922004
2023-05-03 17:00:00,3.807733
2023-05-03 18:00:00,4.1211963
2023-05-03 19:00:00,4.225562
2023-05-03 20:00:00,5.3986044
2023-05-03 21:00:00,6.520193
2023-05-03 22:00:00,7.1351557
2023-05-03 23:00:00,7.364921
2023-05-04 00:00:00,7.2541294
2023-05-04 01:00:00,6.9800653
2023-05-04 02:00:00,6.8382244
2023-05-04 03:00:00,6.873676
2023-05-04 04:00:00,6.827152
2023-05-04 05:00:00,6.7369566
2023-05-04 06:00:00,6.71846
2023-05-04 07:00:00,8.278834
2023-05-04 08:00:00,8.29038
2023-05-04 09:00:00,7.6390986
2023-05-04 10:00:00,7.025123
2023-05-04 11:00:00,6.3851924
2023-05-04 12:00:00,5.964375
2023-05-04 13:00:00,5.517785
2023-05-04 14:00:00,5.061468
2023-05-04 15:00:00,4.974068
2023-05-04 16:00:00,5.1607676
2023-05-04 17:00:00,5.105721
2023-05-04 18:00:00,5.28296
2023-05-04 19:00:00,5.5916367
2023-05-04 20:00:00,6.0288477
2023-05-04 21:00:00,6.6824517
2023-05-04 22:00:00,7.345458
2023-05-04 23:00:00,7.6432157
2023-05-05 00:00:00,7.894498
2023-05-05 01:00:00,7.874084
2023-05-05 02:00:00,7.7000685
2023-05-05 03:00:00,7.68145
2023-05-05 04:00:00,7.7830935
2023-05-05 05:00:00,7.6842422
2023-05-05 06:00:00,7.6130466
2023-05-05 07:00:00,8.402155
2023-05-05 08:00:00,9.325485
2023-05-05 09:00:00,9.195316
2023-05-05 10:00:00,8.595606
2023-05-05 11:00:00,8.333522
2023-05-05 12:00:00,7.7743044
2023-05-05 13:00:00,7.246644
2023-05-05 14:00:00,6.7080293
2023-05-05 15:00:00,6.3496985
2023-05-05 16:00:00,6.2892303
2023-05-05 17:00:00,5.581372
2023-05-05 18:00:00,5.622904
2023-05-05 19:00:00,5.818581
2023-05-05 20:00:00,6.8641963
2023-05-05 21:00:00,7.498111
2023-05-05 22:00:00,7.7578773
2023-05-05 23:00:00,7.753325
2023-05-06 00:00:00,7.8016
2023-05-06 01:00:00,7.6588373
2023-05-06 02:00:00,7.3384194
2023-05-06 03:00:00,7.0915465
2023-05-06 04:00:00,7.158412
2023-05-06 05:00:00,7.376773
2023-05-06 06:00:00,7.4173093
2023-05-06 07:00:00,8.200656
2023-05-06 08:00:00,8.648413
2023-05-06 09:00:00,8.832296
2023-05-06 10:00:00,8.357656
2023-05-06 11:00:00,7.9059486
2023-05-06 12:00:00,7.506456
2023-05-06 13:00:00,7.130843
2023-05-06 14:00:00,6.88446
2023-05-06 15:00:00,6.767629
2023-05-06 16:00:00,6.5663834
2023-05-06 17:00:00,6.0079217
2023-05-06 18:00:00,6.037252
2023-05-06 19:00:00,6.037646
2023-05-06 20:00:00,6.339143
2023-05-06 21:00:00,7.0271425
2023-05-06 22:00:00,7.6507955
2023-05-06 23:00:00,7.9235573
2023-05-07 00:00:00,7.9262843
2023-05-07 01:00:00,7.763651
2023-05-07 02:00:00,7.575153
2023-05-07 03:00:00,7.4926744
2023-05-07 04:00:00,7.4618826
2023-05-07 05:00:00,7.4845347
2023-05-07 06:00:00,7.4201045
2023-05-07 07:00:00,7.588124
2023-05-07 08:00:00,8.221774
2023-05-07 09:00:00,8.171517
2023-05-07 10:00:00,7.8270926
2023-05-07 11:00:00,7.662021
2023-05-07 12:00:00,7.292303
2023-05-07 13:00:00,6.986822
2023-05-07 14:00:00,6.7817845
2023-05-07 15:00:00,6.4869423
2023-05-07 16:00:00,6.191646
2023-05-07 17:00:00,5.66268
2023-05-07 18:00:00,5.7891717
2023-05-07 19:00:00,5.7810254
2023-05-07 20:00:00,6.031761
2023-05-07 21:00:00,6.5366235
2023-05-07 22:00:00,7.3532724
2023-05-07 23:00:00,8.15751
2023-05-08 00:00:00,8.239326
2023-05-08 01:00:00,8.0152855
2023-05-08 02:00:00,7.798327
2023-05-08 03:00:00,7.712994
2023-05-08 04:00:00,7.8202453
2023-05-08 05:00:00,7.684667
2023-05-08 06:00:00,7.4659667
2023-05-08 07:00:00,8.348787
2023-05-08 08:00:00,8.32786
2023-05-08 09:00:00,7.945347
2023-05-08 10:00:00,7.3439612
2023-05-08 11:00:00,6.8699
2023-05-08 12:00:00,6.251869
2023-05-08 13:00:00,5.8414617
2023-05-08 14:00:00,5.562927
2023-05-08 15:00:00,5.0814433
2023-05-08 16:00:00,4.5989633
2023-05-08 17:00:00,4.336281
2023-05-08 18:00:00,4.914985
2023-05-08 19:00:00,5.5294204
2023-05-08 20:00:00,5.898399
2023-05-08 21:00:00,6.0981717
2023-05-08 22:00:00,6.900076
2023-05-08 23:00:00,7.7776637
2023-05-09 00:00:00,8.105133
2023-05-09 01:00:00,8.006583
2023-05-09 02:00:00,7.623774
2023-05-09 03:00:00,7.2219887
2023-05-09 04:00:00,7.034637
2023-05-09 05:00:00,6.9665008
2023-05-09 06:00:00,6.669303
2023-05-09 07:00:00,7.1885204
2023-05-09 08:00:00,7.162259
2023-05-09 09:00:00,6.3404307
2023-05-09 10:00:00,5.923384
2023-05-09 11:00:00,5.8343816
2023-05-09 12:00:00,5.6905136
2023-05-09 13:00:00,5.2489314
2023-05-09 14:00:00,4.84194
2023-05-09 15:00:00,4.2116394
2023-05-09 16:00:00,3.5529015
2023-05-09 17:00:00,2.794787
2023-05-09 18:00:00,2.5498624
2023-05-09 19:00:00,2.4432132
2023-05-09 20:00:00,3.6282449
2023-05-09 21:00:00,5.009168
2023-05-09 22:00:00,5.723388
2023-05-09 23:00:00,6.2956166
2023-05-10 00:00:00,6.7460575
2023-05-10 01:00:00,7.0739226
2023-05-10 02:00:00,7.2551484
2023-05-10 03:00:00,7.513245
2023-05-10 04:00:00,7.4336457
2023-05-10 05:00:00,7.2674403
2023-05-10 06:00:00,7.1078954
2023-05-10 07:00:00,7.54899
2023-05-10 08:00:00,8.294123
2023-05-10 09:00:00,7.678906
2023-05-10 10:00:00,6.948353
2023-05-10 11:00:00,6.499267
2023-05-10 12:00:00,5.9326777
2023-05-10 13:00:00,5.4253592
2023-05-10 14:00:00,4.968644
2023-05-10 15:00:00,4.572139
2023-05-10 16:00:00,4.441626
2023-05-10 17:00:00,4.517439
2023-05-10 18:00:00,5.0844655
2023-05-10 19:00:00,4.6609564
2023-05-10 20:00:00,5.0720944
2023-05-10 21:00:00,5.5305386
2023-05-10 22:00:00,5.8160434
2023-05-10 23:00:00,6.038861
2023-05-11 00:00:00,6.0033913
2023-05-11 01:00:00,5.975112
2023-05-11 02:00:00,5.8702016
2023-05-11 03:00:00,5.939706
2023-05-11 04:00:00,6.1291013
2023-05-11 05:00:00,6.4225154
2023-05-11 06:00:00,6.5925612
2023-05-11 07:00:00,6.7453823
2023-05-11 08:00:00,6.9995627
2023-05-11 09:00:00,6.2351227
2023-05-11 10:00:00,4.96944
2023-05-11 11:00:00,3.9678557
2023-05-11 12:00:00,3.025048
2023-05-11 13:00:00,2.4307485
2023-05-11 14:00:00,1.9901879
2023-05-11 15:00:00,1.8650923
2023-05-11 16:00:00,1.61386
2023-05-11 17:00:00,1.4324538
2023-05-11 18:00:00,1.1859405
2023-05-11 19:00:00,1.164076
2023-05-11 20:00:00,1.0422692
2023-05-11 21:00:00,0.5221898
2023-05-11 22:00:00,0.23027381
2023-05-11 23:00:00,0.76111037
2023-05-12 00:00:00,1.1378617
2023-05-12 01:00:00,1.3906506
2023-05-12 02:00:00,2.0183897
2023-05-12 03:00:00,3.6741028
2023-05-12 04:00:00,4.639044
2023-05-12 05:00:00,4.553137
2023-05-12 06:00:00,4.899295
2023-05-12 07:00:00,4.694457
2023-05-12 08:00:00,4.883963
2023-05-12 09:00:00,4.261497
2023-05-12 10:00:00,3.107749
2023-05-12 11:00:00,2.542908
2023-05-12 12:00:00,1.8208876
2023-05-12 13:00:00,1.1342835
2023-05-12 14:00:00,0.9294258
2023-05-12 15:00:00,0.9437369
2023-05-12 16:00:00,1.1272691
2023-05-12 17:00:00,2.4867675
2023-05-12 18:00:00,3.0656621
2023-05-12 19:00:00,3.5958962
2023-05-12 20:00:00,3.4292736
2023-05-12 21:00:00,3.164885
2023-05-12 22:00:00,2.8055232
2023-05-12 23:00:00,2.6614473
2023-05-13 00:00:00,3.4344442
2023-05-13 01:00:00,4.3019314
2023-05-13 02:00:00,4.731707
2023-05-13 03:00:00,4.7951894
2023-05-13 04:00:00,4.768463
2023-05-13 05:00:00,4.706908
2023-05-13 06:00:00,4.5716944
2023-05-13 07:00:00,4.8927283
2023-05-13 08:00:00,4.416997
2023-05-13 09:00:00,4.3021045
2023-05-13 10:00:00,3.9043584
2023-05-13 11:00:00,3.4581673
2023-05-13 12:00:00,3.1315
2023-05-13 13:00:00,2.9318047
2023-05-13 14:00:00,2.4652543
2023-05-13 15:00:00,2.1804795
2023-05-13 16:00:00,2.2504416
2023-05-13 17:00:00,2.2689135
2023-05-13 18:00:00,1.9588404
2023-05-13 19:00:00,1.1457379
2023-05-13 20:00:00,1.3927048
2023-05-13 21:00:00,1.5953525
2023-05-13 22:00:00,2.1369205
2023-05-13 23:00:00,2.8562856
2023-05-14 00:00:00,3.8882802
2023-05-14 01:00:00,4.867605
2023-05-14 02:00:00,5.372329
2023-05-14 03:00:00,5.5985155
2023-05-14 04:00:00,5.6992335
2023-05-14 05:00:00,5.74761
2023-05-14 06:00:00,5.599947
2023-05-14 07:00:00,4.971857
2023-05-14 08:00:00,5.2678456
2023-05-14 09:00:00,5.7626452
2023-05-14 10:00:00,5.194856
2023-05-14 11:00:00,4.368235
2023-05-14 12:00:00,5.057945
2023-05-14 13:00:00,5.4628887
2023-05-14 14:00:00,4.69168
2023-05-14 15:00:00,4.0541053
2023-05-14 16:00:00,3.3297234
2023-05-14 17:00:00,2.5044537
2023-05-14 18:00:00,1.8289658
2023-05-14 19:00:00,3.2045727
2023-05-14 20:00:00,3.0056746
2023-05-14 21:00:00,4.2860417
2023-05-14 22:00:00,4.521743
2023-05-14 23:00:00,4.7352614
2023-05-15 00:00:00,4.6947856
2023-05-15 01:00:00,4.922562
2023-05-15 02:00:00,5.2533054
2023-05-15 03:00:00,5.743691
2023-05-15 04:00:00,6.057224
2023-05-15 05:00:00,6.238752
2023-05-15 06:00:00,6.3933167
2023-05-15 07:00:00,6.263783
2023-05-15 08:00:00,7.5105214
2023-05-15 09:00:00,7.79225
2023-05-15 10:00:00,7.3993387
2023-05-15 11:00:00,7.0973954
2023-05-15 12:00:00,6.623419
2023-05-15 13:00:00,5.98988
2023-05-15 14:00:00,5.657631
2023-05-15 15:00:00,5.2433915
2023-05-15 16:00:00,4.934134
2023-05-15 17:00:00,4.56534
2023-05-15 18:00:00,4.286033
2023-05-15 19:00:00,4.4870257
2023-05-15 20:00:00,5.127504
2023-05-15 21:00:00,5.5519094
2023-05-15 22:00:00,5.5607514
2023-05-15 23:00:00,5.6939726
2023-05-16 00:00:00,5.828722
2023-05-16 01:00:00,6.358944
2023-05-16 02:00:00,6.8430514
2023-05-16 03:00:00,7.3383193
2023-05-16 04:00:00,7.3455215
2023-05-16 05:00:00,7.3193707
2023-05-16 06:00:00,7.049877
2023-05-16 07:00:00,6.578081
2023-05-16 08:00:00,7.873681
2023-05-16 09:00:00,7.9603047
2023-05-16 10:00:00,7.18897
2023-05-16 11:00:00,6.7064776
2023-05-16 12:00:00,6.2559443
2023-05-16 13:00:00,5.741378
2023-05-16 14:00:00,5.0690618
2023-05-16 15:00:00,4.5048685
2023-05-16 16:00:00,3.8573759
2023-05-16 17:00:00,2.9670694
2023-05-16 18:00:00,2.561327
2023-05-16 19:00:00,2.1036322
2023-05-16 20:00:00,2.673181
2023-05-16 21:00:00,3.9484692
2023-05-16 22:00:00,5.2700887
2023-05-16 23:00:00,6.179055
2023-05-17 00:00:00,6.806729
2023-05-17 01:00:00,6.6133614
2023-05-17 02:00:00,6.3673635
2023-05-17 03:00:00,6.5397468
2023-05-17 04:00:00,6.851219
2023-05-17 05:00:00,6.9560947
2023-05-17 06:00:00,7.1615033
2023-05-17 07:00:00,6.2738
2023-05-17 08:00:00,6.36866
2023-05-17 09:00:00,6.4731336
2023-05-17 10:00:00,6.202418
2023-05-17 11:00:00,5.960884
2023-05-17 12:00:00,5.37905
2023-05-17 13:00:00,4.9876504
2023-05-17 14:00:00,4.867127
2023-05-17 15:00:00,4.697836
2023-05-17 16:00:00,4.9862256
2023-05-17 17:00:00,4.926869
2023-05-17 18:00:00,5.0444365
2023-05-17 19:00:00,5.4244576
2023-05-17 20:00:00,5.443293
2023-05-17 21:00:00,5.407894
2023-05-17 22:00:00,5.719135
2023-05-17 23:00:00,6.1084504
2023-05-18 00:00:00,6.497961
2023-05-18 01:00:00,7.120487
2023-05-18 02:00:00,7.709068
2023-05-18 03:00:00,7.8076715
2023-05-18 04:00:00,7.6725764
2023-05-18 05:00:00,7.7410383
2023-05-18 06:00:00,7.992076
2023-05-18 07:00:00,8.654743
2023-05-18 08:00:00,9.083899
2023-05-18 09:00:00,8.666204
2023-05-18 10:00:00,8.2141
2023-05-18 11:00:00,7.856682
2023-05-18 12:00:00,7.5328884
2023-05-18 13:00:00,6.9640884
2023-05-18 14:00:00,6.289317
2023-05-18 15:00:00,5.438481
2023-05-18 16:00:00,5.1088405
2023-05-18 17:00:00,5.344465
2023-05-18 18:00:00,5.8208957
2023-05-18 19:00:00,5.818456
2023-05-18 20:00:00,6.0934734
2023-05-18 21:00:00,6.9996266
2023-05-18 22:00:00,7.5719934
2023-05-18 23:00:00,8.190807
2023-05-19 00:00:00,8.692389
2023-05-19 01:00:00,8.776903
2023-05-19 02:00:00,8.782829
2023-05-19 03:00:00,8.77341
2023-05-19 04:00:00,8.671065
2023-05-19 05:00:00,8.576979
2023-05-19 06:00:00,8.346906
2023-05-19 07:00:00,8.943429
2023-05-19 08:00:00,9.467395
2023-05-19 09:00:00,9.107075
2023-05-19 10:00:00,8.388634
2023-05-19 11:00:00,7.5119753
2023-05-19 12:00:00,6.728827
2023-05-19 13:00:00,6.500277
2023-05-19 14:00:00,6.185188
2023-05-19 15:00:00,6.215006
2023-05-19 16:00:00,6.5006304
2023-05-19 17:00:00,6.412789
2023-05-19 18:00:00,6.861551
2023-05-19 19:00:00,7.0028224
2023-05-19 20:00:00,7.144279
2023-05-19 21:00:00,7.4941497
2023-05-19 22:00:00,7.8628173
2023-05-19 23:00:00,8.213109
2023-05-20 00:00:00,8.409768
2023-05-20 01:00:00,8.508075
2023-05-20 02:00:00,8.651764
2023-05-20 03:00:00,8.870348
2023-05-20 04:00:00,9.00257
2023-05-20 05:00:00,8.970171
2023-05-20 06:00:00,9.19087
2023-05-20 07:00:00,8.425433
2023-05-20 08:00:00,9.122777
2023-05-20 09:00:00,8.990768
2023-05-20 10:00:00,8.618817
2023-05-20 11:00:00,8.452305
2023-05-20 12:00:00,7.5186157
2023-05-20 13:00:00,6.555993
2023-05-20 14:00:00,6.1687994
2023-05-20 15:00:00,6.2246428
2023-05-20 16:00:00,6.3968067
2023-05-20 17:00:00,6.4934425
2023-05-20 18:00:00,6.8307443
2023-05-20 19:00:00,7.6185737
2023-05-20 20:00:00,7.9766054
2023-05-20 21:00:00,8.103942
2023-05-20 22:00:00,8.204775
2023-05-20 23:00:00,8.200365
2023-05-21 00:00:00,8.215765
2023-05-21 01:00:00,8.43792
2023-05-21 02:00:00,8.743004
2023-05-21 03:00:00,9.1501045
2023-05-21 04:00:00,9.316715
2023-05-21 05:00:00,9.105113
2023-05-21 06:00:00,8.912383
2023-05-21 07:00:00,8.394131
2023-05-21 08:00:00,9.19263
2023-05-21 09:00:00,9.377182
2023-05-21 10:00:00,9.5261345
2023-05-21 11:00:00,9.3136635
2023-05-21 12:00:00,8.750748
2023-05-21 13:00:00,8.235853
2023-05-21 14:00:00,7.6433825
2023-05-21 15:00:00,7.4141126
2023-05-21 16:00:00,7.2948146
2023-05-21 17:00:00,7.280618
2023-05-21 18:00:00,7.7257586
2023-05-21 19:00:00,8.141296
2023-05-21 20:00:00,8.6224375
2023-05-21 21:00:00,8.369138
2023-05-21 22:00:00,7.998809
2023-05-21 23:00:00,8.167377
2023-05-22 00:00:00,8.734056
2023-05-22 01:00:00,9.310165
2023-05-22 02:00:00,9.9771595
2023-05-22 03:00:00,10.0539255
2023-05-22 04:00:00,9.757544
2023-05-22 05:00:00,9.172812
2023-05-22 06:00:00,8.837063
2023-05-22 07:00:00,9.535969
2023-05-22 08:00:00,11.563915
2023-05-22 09:00:00,11.4567
2023-05-22 10:00:00,11.260715
2023-05-22 11:00:00,10.885173
2023-05-22 12:00:00,10.09669
2023-05-22 13:00:00,9.159094
2023-05-22 14:00:00,8.914179
2023-05-22 15:00:00,8.474202
2023-05-22 16:00:00,7.8944893
2023-05-22 17:00:00,7.690541
2023-05-22 18:00:00,8.300278
2023-05-22 19:00:00,9.17835
2023-05-22 20:00:00,9.391076
2023-05-22 21:00:00,9.147845
2023-05-22 22:00:00,8.864315
2023-05-22 23:00:00,8.68065
2023-05-23 00:00:00,8.626639
2023-05-23 01:00:00,9.044886
2023-05-23 02:00:00,9.163545
2023-05-23 03:00:00,9.071649
2023-05-23 04:00:00,8.98992
2023-05-23 05:00:00,9.047324
2023-05-23 06:00:00,8.722894
2023-05-23 07:00:00,7.4059696
2023-05-23 08:00:00,10.107456
2023-05-23 09:00:00,10.321426
2023-05-23 10:00:00,10.489343
2023-05-23 11:00:00,9.974371
2023-05-23 12:00:00,10.008088
2023-05-23 13:00:00,10.638132
2023-05-23 14:00:00,10.665413
2023-05-23 15:00:00,9.801151
2023-05-23 16:00:00,9.476605
2023-05-23 17:00:00,8.819764
2023-05-23 18:00:00,8.574107
2023-05-23 19:00:00,8.537363
2023-05-23 20:00:00,8.461137
2023-05-23 21:00:00,8.295446
2023-05-23 22:00:00,8.128449
2023-05-23 23:00:00,7.9041057
2023-05-24 00:00:00,7.5323954
2023-05-24 01:00:00,7.314611
2023-05-24 02:00:00,7.2656784
2023-05-24 03:00:00,7.2312417
2023-05-24 04:00:00,6.9126945
2023-05-24 05:00:00,7.623274
2023-05-24 06:00:00,7.643164
2023-05-24 07:00:00,8.816057
2023-05-24 08:00:00,9.240564
2023-05-24 09:00:00,8.841474
2023-05-24 10:00:00,8.907348
2023-05-24 11:00:00,8.798217
2023-05-24 12:00:00,9.191992
2023-05-24 13:00:00,8.63593
2023-05-24 14:00:00,8.326299
2023-05-24 15:00:00,8.085051
2023-05-24 16:00:00,7.9579654
2023-05-24 17:00:00,7.437342
2023-05-24 18:00:00,7.1441336
2023-05-24 19:00:00,7.2653227
2023-05-24 20:00:00,7.923986
2023-05-24 21:00:00,8.164701
2023-05-24 22:00:00,8.196384
2023-05-24 23:00:00,8.342263
2023-05-25 00:00:00,8.472352
2023-05-25 01:00:00,8.485193
2023-05-25 02:00:00,8.449207
2023-05-25 03:00:00,8.374649
2023-05-25 04:00:00,8.200369
2023-05-25 05:00:00,8.140716
2023-05-25 06:00:00,8.234349
2023-05-25 07:00:00,9.45023
2023-05-25 08:00:00,10.875814
2023-05-25 09:00:00,10.694637
2023-05-25 10:00:00,10.24471
2023-05-25 11:00:00,9.752613
2023-05-25 12:00:00,8.860665
2023-05-25 13:00:00,8.537136
2023-05-25 14:00:00,8.156083
2023-05-25 15:00:00,7.5425024
2023-05-25 16:00:00,7.4109955
2023-05-25 17:00:00,6.9263635
2023-05-25 18:00:00,6.80426
2023-05-25 19:00:00,6.8352504
2023-05-25 20:00:00,7.288717
2023-05-25 21:00:00,7.6843357
2023-05-25 22:00:00,7.744
2023-05-25 23:00:00,7.7123795
2023-05-26 00:00:00,7.808107
2023-05-26 01:00:00,7.9875617
2023-05-26 02:00:00,8.041545
2023-05-26 03:00:00,8.501996
2023-05-26 04:00:00,8.462457
2023-05-26 05:00:00,8.234213
2023-05-26 06:00:00,8.077295
2023-05-26 07:00:00,7.634185
2023-05-26 08:00:00,9.38977
2023-05-26 09:00:00,9.456015
2023-05-26 10:00:00,9.731343
2023-05-26 11:00:00,10.105884
2023-05-26 12:00:00,10.073388
2023-05-26 13:00:00,9.677323
2023-05-26 14:00:00,9.248552
2023-05-26 15:00:00,8.842733
2023-05-26 16:00:00,8.33723
2023-05-26 17:00:00,7.5757155
2023-05-26 18:00:00,7.325542
2023-05-26 19:00:00,7.5451927
2023-05-26 20:00:00,7.7587495
2023-05-26 21:00:00,7.934042
2023-05-26 22:00:00,7.9568
2023-05-26 23:00:00,8.138175
2023-05-27 00:00:00,8.413387
2023-05-27 01:00:00,8.31709
2023-05-27 02:00:00,8.235495
2023-05-27 03:00:00,8.101135
2023-05-27 04:00:00,8.005081
2023-05-27 05:00:00,7.97231
2023-05-27 06:00:00,7.7657948
2023-05-27 07:00:00,7.501818
2023-05-27 08:00:00,9.625839
2023-05-27 09:00:00,9.707155
2023-05-27 10:00:00,9.236197
2023-05-27 11:00:00,8.929217
2023-05-27 12:00:00,8.401053
2023-05-27 13:00:00,8.195786
2023-05-27 14:00:00,7.669604
2023-05-27 15:00:00,6.807025
2023-05-27 16:00:00,6.636482
2023-05-27 17:00:00,6.1847615
2023-05-27 18:00:00,6.2060575
2023-05-27 19:00:00,6.113603
2023-05-27 20:00:00,6.615337
2023-05-27 21:00:00,6.798205
2023-05-27 22:00:00,6.9428535
2023-05-27 23:00:00,6.8916674
2023-05-28 00:00:00,6.9629183
2023-05-28 01:00:00,7.2042994
2023-05-28 02:00:00,7.439292
2023-05-28 03:00:00,7.507842
2023-05-28 04:00:00,7.4777465
2023-05-28 05:00:00,7.46243
2023-05-28 06:00:00,7.3771515
2023-05-28 07:00:00,8.290518
2023-05-28 08:00:00,9.126971
2023-05-28 09:00:00,8.456184
2023-05-28 10:00:00,8.134666
2023-05-28 11:00:00,7.713022
2023-05-28 12:00:00,7.0665274
2023-05-28 13:00:00,6.486276
2023-05-28 14:00:00,6.2304564
2023-05-28 15:00:00,6.2648087
2023-05-28 16:00:00,6.6360717
2023-05-28 17:00:00,6.463011
2023-05-28 18:00:00,6.898837
2023-05-28 19:00:00,6.8356533
2023-05-28 20:00:00,6.9052978
2023-05-28 21:00:00,7.0869617
2023-05-28 22:00:00,7.204784
2023-05-28 23:00:00,7.3049636
2023-05-29 00:00:00,7.382736
2023-05-29 01:00:00,7.267165
2023-05-29 02:00:00,7.249262
2023-05-29 03:00:00,7.314017
2023-05-29 04:00:00,7.2388444
2023-05-29 05:00:00,7.257669
2023-05-29 06:00:00,7.2871914
2023-05-29 07:00:00,8.080321
2023-05-29 08:00:00,8.171669
2023-05-29 09:00:00,7.6076174
2023-05-29 10:00:00,6.8863063
2023-05-29 11:00:00,6.345268
2023-05-29 12:00:00,6.147208
2023-05-29 13:00:00,6.0370727
2023-05-29 14:00:00,5.9807544
2023-05-29 15:00:00,5.9514303
2023-05-29 16:00:00,5.894257
2023-05-29 17:00:00,5.3820395
2023-05-29 18:00:00,5.578567
2023-05-29 19:00:00,6.7086954
2023-05-29 20:00:00,7.7189612
2023-05-29 21:00:00,8.214094
2023-05-29 22:00:00,8.401551
2023-05-29 23:00:00,8.64243
2023-05-30 00:00:00,8.817331
2023-05-30 01:00:00,8.860575
2023-05-30 02:00:00,8.897448
2023-05-30 03:00:00,8.845658
2023-05-30 04:00:00,8.901505
2023-05-30 05:00:00,9.097613
2023-05-30 06:00:00,9.223041
2023-05-30 07:00:00,8.496833
2023-05-30 08:00:00,9.038605
2023-05-30 09:00:00,9.302194
2023-05-30 10:00:00,9.462864
2023-05-30 11:00:00,9.407296
2023-05-30 12:00:00,9.145559
2023-05-30 13:00:00,8.708443
2023-05-30 14:00:00,8.370534
2023-05-30 15:00:00,8.260346
2023-05-30 16:00:00,8.354601
2023-05-30 17:00:00,8.056239
2023-05-30 18:00:00,8.013983
2023-05-30 19:00:00,9.058529
2023-05-30 20:00:00,9.792864
2023-05-30 21:00:00,9.729438
2023-05-30 22:00:00,9.423358
2023-05-30 23:00:00,9.236096
2023-05-31 00:00:00,9.369113
2023-05-31 01:00:00,9.514215
2023-05-31 02:00:00,9.375699
2023-05-31 03:00:00,8.919256
2023-05-31 04:00:00,8.481535
2023-05-31 05:00:00,8.313816
2023-05-31 06:00:00,8.099037
2023-05-31 07:00:00,8.1371975
2023-05-31 08:00:00,8.991024
2023-05-31 09:00:00,8.833165
2023-05-31 10:00:00,8.775955
2023-05-31 11:00:00,8.384872
2023-05-31 12:00:00,7.8824553
2023-05-31 13:00:00,7.291822
2023-05-31 14:00:00,6.895904
2023-05-31 15:00:00,6.700286
2023-05-31 16:00:00,6.629793
2023-05-31 17:00:00,6.5064464
2023-05-31 18:00:00,6.8014913
2023-05-31 19:00:00,7.170081
2023-05-31 20:00:00,7.136414
2023-05-31 21:00:00,7.0792766
2023-05-31 22:00:00,7.403471
2023-05-31 23:00:00,7.76823
2023-06-01 00:00:00,8.086237
2023-06-01 01:00:00,8.154126
2023-06-01 02:00:00,8.085207
2023-06-01 03:00:00,7.9011216
2023-06-01 04:00:00,7.690512
2023-06-01 05:00:00,7.584276
2023-06-01 06:00:00,7.7377834
2023-06-01 07:00:00,7.2341266
2023-06-01 08:00:00,7.417171
2023-06-01 09:00:00,7.1399474
2023-06-01 10:00:00,7.002074
2023-06-01 11:00:00,6.901185
2023-06-01 12:00:00,6.6261163
2023-06-01 13:00:00,6.126933
2023-06-01 14:00:00,5.662728
2023-06-01 15:00:00,5.2870345
2023-06-01 16:00:00,4.9908137
2023-06-01 17:00:00,4.89696
2023-06-01 18:00:00,5.3724146
2023-06-01 19:00:00,5.969666
2023-06-01 20:00:00,6.5767
2023-06-01 21:00:00,7.4960246
2023-06-01 22:00:00,7.582044
2023-06-01 23:00:00,7.069929
2023-06-02 00:00:00,6.742445
2023-06-02 01:00:00,6.790762
2023-06-02 02:00:00,7.125632
2023-06-02 03:00:00,7.2606993
2023-06-02 04:00:00,7.4192753
2023-06-02 05:00:00,7.5080786
2023-06-02 06:00:00,7.473481
2023-06-02 07:00:00,8.911192
2023-06-02 08:00:00,8.968812
2023-06-02 09:00:00,8.755929
2023-06-02 10:00:00,8.541311
2023-06-02 11:00:00,8.162083
2023-06-02 12:00:00,7.6755877
2023-06-02 13:00:00,7.4147587
2023-06-02 14:00:00,7.252335
2023-06-02 15:00:00,7.354503
2023-06-02 16:00:00,7.4558625
2023-06-02 17:00:00,7.167244
2023-06-02 18:00:00,7.146266
2023-06-02 19:00:00,7.4952583
2023-06-02 20:00:00,8.3846655
2023-06-02 21:00:00,9.483117
2023-06-02 22:00:00,9.726068
2023-06-02 23:00:00,9.52818
2023-06-03 00:00:00,9.476036
2023-06-03 01:00:00,9.397445
2023-06-03 02:00:00,9.390714
2023-06-03 03:00:00,9.495893
2023-06-03 04:00:00,9.382393
2023-06-03 05:00:00,9.314188
2023-06-03 06:00:00,9.374055
2023-06-03 07:00:00,10.152172
2023-06-03 08:00:00,11.459917
2023-06-03 09:00:00,11.483592
2023-06-03 10:00:00,10.801088
2023-06-03 11:00:00,10.14694
2023-06-03 12:00:00,10.567329
2023-06-03 13:00:00,10.649667
2023-06-03 14:00:00,10.304511
2023-06-03 15:00:00,10.2655525
2023-06-03 16:00:00,9.760451
2023-06-03 17:00:00,8.960076
2023-06-03 18:00:00,8.070419
2023-06-03 19:00:00,8.1511135
2023-06-03 20:00:00,8.604859
2023-06-03 21:00:00,9.112516
2023-06-03 22:00:00,9.500323
2023-06-03 23:00:00,9.541069
2023-06-04 00:00:00,9.34845
2023-06-04 01:00:00,8.753768
2023-06-04 02:00:00,8.2318325
2023-06-04 03:00:00,7.8282185
2023-06-04 04:00:00,7.993428
2023-06-04 05:00:00,8.2715645
2023-06-04 06:00:00,7.704601
2023-06-04 07:00:00,7.5348005
2023-06-04 08:00:00,9.326269
2023-06-04 09:00:00,8.948376
2023-06-04 10:00:00,9.209605
2023-06-04 11:00:00,9.396559
2023-06-04 12:00:00,9.302581
2023-06-04 13:00:00,9.057087
2023-06-04 14:00:00,8.935819
2023-06-04 15:00:00,8.368803
2023-06-04 16:00:00,7.788589
2023-06-04 17:00:00,7.1034694
2023-06-04 18:00:00,7.1577063
2023-06-04 19:00:00,7.949318
2023-06-04 20:00:00,8.078921
2023-06-04 21:00:00,8.046527
2023-06-04 22:00:00,7.860158
2023-06-04 23:00:00,7.634248
2023-06-05 00:00:00,7.7256904
2023-06-05 01:00:00,7.909947
2023-06-05 02:00:00,8.227897
2023-06-05 03:00:00,8.425939
2023-06-05 04:00:00,8.512107
2023-06-05 05:00:00,8.59793
2023-06-05 06:00:00,8.513101
2023-06-05 07:00:00,8.8991375
2023-06-05 08:00:00,10.028335
2023-06-05 09:00:00,9.770356
2023-06-05 10:00:00,9.31776
2023-06-05 11:00:00,8.853444
2023-06-05 12:00:00,8.219888
2023-06-05 13:00:00,7.7581563
2023-06-05 14:00:00,7.579736
2023-06-05 15:00:00,7.022484
2023-06-05 16:00:00,7.135814
2023-06-05 17:00:00,6.9340296
2023-06-05 18:00:00,7.0302944
2023-06-05 19:00:00,7.7311015
2023-06-05 20:00:00,7.8159165
2023-06-05 21:00:00,7.63807
2023-06-05 22:00:00,7.3476567
2023-06-05 23:00:00,7.322751
2023-06-06 00:00:00,7.3428507
2023-06-06 01:00:00,7.360765
2023-06-06 02:00:00,7.4212275
2023-06-06 03:00:00,7.516795
2023-06-06 04:00:00,7.5315228
2023-06-06 05:00:00,7.4081616
2023-06-06 06:00:00,7.336921
2023-06-06 07:00:00,7.565921
2023-06-06 08:00:00,9.407175
2023-06-06 09:00:00,8.862489
2023-06-06 10:00:00,7.9840603
2023-06-06 11:00:00,7.0984693
2023-06-06 12:00:00,6.4731326
2023-06-06 13:00:00,6.0521493
2023-06-06 14:00:00,5.747738
2023-06-06 15:00:00,5.5854387
2023-06-06 16:00:00,5.610735
2023-06-06 17:00:00,5.512276
2023-06-06 18:00:00,5.355775
2023-06-06 19:00:00,6.078569
2023-06-06 20:00:00,7.281969
2023-06-06 21:00:00,8.5987425
2023-06-06 22:00:00,8.657529
2023-06-06 23:00:00,8.1608715
2023-06-07 00:00:00,8.103817
2023-06-07 01:00:00,8.1206455
2023-06-07 02:00:00,8.247871
2023-06-07 03:00:00,8.312181
2023-06-07 04:00:00,8.317274
2023-06-07 05:00:00,8.26127
2023-06-07 06:00:00,8.173606
2023-06-07 07:00:00,7.3168063
2023-06-07 08:00:00,8.860136
2023-06-07 09:00:00,9.037584
2023-06-07 10:00:00,8.944924
2023-06-07 11:00:00,8.744806
2023-06-07 12:00:00,8.589316
2023-06-07 13:00:00,8.61157
2023-06-07 14:00:00,8.05846
2023-06-07 15:00:00,7.76243
2023-06-07 16:00:00,7.4367676
2023-06-07 17:00:00,7.3329883
2023-06-07 18:00:00,7.014931
2023-06-07 19:00:00,7.5799365
2023-06-07 20:00:00,7.8983335
2023-06-07 21:00:00,8.333392
2023-06-07 22:00:00,8.651776
2023-06-07 23:00:00,8.7231
2023-06-08 00:00:00,8.521453
2023-06-08 01:00:00,8.373993
2023-06-08 02:00:00,8.168139
2023-06-08 03:00:00,8.056346
2023-06-08 04:00:00,8.23183
2023-06-08 05:00:00,8.247127
2023-06-08 06:00:00,8.221935
2023-06-08 07:00:00,9.397089
2023-06-08 08:00:00,9.892978
2023-06-08 09:00:00,9.60923
2023-06-08 10:00:00,9.110781
2023-06-08 11:00:00,8.944045
2023-06-08 12:00:00,8.575605
2023-06-08 13:00:00,8.198271
2023-06-08 14:00:00,8.042881
2023-06-08 15:00:00,8.020262
2023-06-08 16:00:00,7.910323
2023-06-08 17:00:00,7.4241786
2023-06-08 18:00:00,7.1409554
2023-06-08 19:00:00,7.1539016
2023-06-08 20:00:00,7.243118
2023-06-08 21:00:00,7.419203
2023-06-08 22:00:00,7.6244817
2023-06-08 23:00:00,7.9392533
2023-06-09 00:00:00,7.966563
2023-06-09 01:00:00,7.944312
2023-06-09 02:00:00,7.8575287
2023-06-09 03:00:00,7.7359486
2023-06-09 04:00:00,7.580414
2023-06-09 05:00:00,7.5946236
2023-06-09 06:00:00,7.6883626
2023-06-09 07:00:00,9.278218
2023-06-09 08:00:00,9.995921
2023-06-09 09:00:00,9.869176
2023-06-09 10:00:00,9.67136
2023-06-09 11:00:00,9.145696
2023-06-09 12:00:00,8.375675
2023-06-09 13:00:00,7.8076286
2023-06-09 14:00:00,7.441902
2023-06-09 15:00:00,7.295581
2023-06-09 16:00:00,7.257979
2023-06-09 17:00:00,6.826253
2023-06-09 18:00:00,6.581932
2023-06-09 19:00:00,7.471486
2023-06-09 20:00:00,7.900528
2023-06-09 21:00:00,8.109894
2023-06-09 22:00:00,7.985283
2023-06-09 23:00:00,7.7365985
2023-06-10 00:00:00,7.742528
2023-06-10 01:00:00,8.194191
2023-06-10 02:00:00,8.396475
2023-06-10 03:00:00,8.435814
2023-06-10 04:00:00,8.287575
2023-06-10 05:00:00,8.388916
2023-06-10 06:00:00,8.269982
2023-06-10 07:00:00,8.935915
2023-06-10 08:00:00,8.54379
2023-06-10 09:00:00,8.659061
2023-06-10 10:00:00,8.29955
2023-06-10 11:00:00,7.923933
2023-06-10 12:00:00,7.48642
2023-06-10 13:00:00,7.130152
2023-06-10 14:00:00,6.886105
2023-06-10 15:00:00,6.653975
2023-06-10 16:00:00,6.6198897
2023-06-10 17:00:00,6.393415
2023-06-10 18:00:00,6.2304397
2023-06-10 19:00:00,6.762125
2023-06-10 20:00:00,7.992594
2023-06-10 21:00:00,9.029041
2023-06-10 22:00:00,8.998821
2023-06-10 23:00:00,8.768437
2023-06-11 00:00:00,8.677322
2023-06-11 01:00:00,8.687943
2023-06-11 02:00:00,8.7903185
2023-06-11 03:00:00,8.843901
2023-06-11 04:00:00,8.79337
2023-06-11 05:00:00,8.6170025
2023-06-11 06:00:00,8.356771
2023-06-11 07:00:00,7.9097147
2023-06-11 08:00:00,8.505341
2023-06-11 09:00:00,8.658801
2023-06-11 10:00:00,8.6161785
2023-06-11 11:00:00,8.559765
2023-06-11 12:00:00,8.288358
2023-06-11 13:00:00,8.040738
2023-06-11 14:00:00,7.9312105
2023-06-11 15:00:00,8.022629
2023-06-11 16:00:00,8.211425
2023-06-11 17:00:00,7.6007633
2023-06-11 18:00:00,6.775957
2023-06-11 19:00:00,5.979093
2023-06-11 20:00:00,6.224476
2023-06-11 21:00:00,7.533863
2023-06-11 22:00:00,8.368937
2023-06-11 23:00:00,8.377633
2023-06-12 00:00:00,8.32209
2023-06-12 01:00:00,8.372162
2023-06-12 02:00:00,8.283228
2023-06-12 03:00:00,8.180265
2023-06-12 04:00:00,8.047808
2023-06-12 05:00:00,8.092735
2023-06-12 06:00:00,8.163051
2023-06-12 07:00:00,9.673307
2023-06-12 08:00:00,10.100284
2023-06-12 09:00:00,10.100498
2023-06-12 10:00:00,9.966082
2023-06-12 11:00:00,9.73067
2023-06-12 12:00:00,9.458751
2023-06-12 13:00:00,8.983286
2023-06-12 14:00:00,8.705724
2023-06-12 15:00:00,8.614439
2023-06-12 16:00:00,8.473695
2023-06-12 17:00:00,7.6691294
2023-06-12 18:00:00,6.5166445
2023-06-12 19:00:00,6.2575254
2023-06-12 20:00:00,7.310091
2023-06-12 21:00:00,8.215254
2023-06-12 22:00:00,8.318714
2023-06-12 23:00:00,8.234126
2023-06-13 00:00:00,8.0719
2023-06-13 01:00:00,8.106052
2023-06-13 02:00:00,8.194072
2023-06-13 03:00:00,8.235225
2023-06-13 04:00:00,8.320729
2023-06-13 05:00:00,8.359408
2023-06-13 06:00:00,8.310129
2023-06-13 07:00:00,9.047091
2023-06-13 08:00:00,9.698397
2023-06-13 09:00:00,9.363361
2023-06-13 10:00:00,9.1386795
2023-06-13 11:00:00,8.719303
2023-06-13 12:00:00,8.26712
2023-06-13 13:00:00,7.7627983
2023-06-13 14:00:00,7.1927266
2023-06-13 15:00:00,6.630597
2023-06-13 16:00:00,6.7797537
2023-06-13 17:00:00,6.7159953
2023-06-13 18:00:00,6.5262547
2023-06-13 19:00:00,7.212916
2023-06-13 20:00:00,7.5579824
2023-06-13 21:00:00,7.915284
2023-06-13 22:00:00,8.230018
2023-06-13 23:00:00,8.485751
2023-06-14 00:00:00,8.464249
2023-06-14 01:00:00,8.327564
2023-06-14 02:00:00,7.9454975
2023-06-14 03:00:00,7.627504
2023-06-14 04:00:00,7.5007057
2023-06-14 05:00:00,7.504537
2023-06-14 06:00:00,7.5588465
2023-06-14 07:00:00,8.244661
2023-06-14 08:00:00,8.995796
2023-06-14 09:00:00,9.171056
2023-06-14 10:00:00,8.585924
2023-06-14 11:00:00,8.09602
2023-06-14 12:00:00,7.6889863
2023-06-14 13:00:00,7.6417546
2023-06-14 14:00:00,7.7176986
2023-06-14 15:00:00,7.6252675
2023-06-14 16:00:00,7.5389147
2023-06-14 17:00:00,7.2701526
2023-06-14 18:00:00,7.40377
2023-06-14 19:00:00,8.070843
2023-06-14 20:00:00,8.278863
2023-06-14 21:00:00,8.245816
2023-06-14 22:00:00,8.35288
2023-06-14 23:00:00,8.237432
2023-06-15 00:00:00,7.913916
2023-06-15 01:00:00,7.6978106
2023-06-15 02:00:00,7.260095
2023-06-15 03:00:00,6.9794207
2023-06-15 04:00:00,6.736127
2023-06-15 05:00:00,6.740593
2023-06-15 06:00:00,6.774493
2023-06-15 07:00:00,6.2659883
2023-06-15 08:00:00,6.9817305
2023-06-15 09:00:00,6.8897343
2023-06-15 10:00:00,6.9406033
2023-06-15 11:00:00,7.087434
2023-06-15 12:00:00,7.221555
2023-06-15 13:00:00,7.5021286
2023-06-15 14:00:00,7.682621
2023-06-15 15:00:00,8.017759
2023-06-15 16:00:00,8.1963215
2023-06-15 17:00:00,7.6541953
2023-06-15 18:00:00,7.5365014
2023-06-15 19:00:00,6.7507334
2023-06-15 20:00:00,6.7673388
2023-06-15 21:00:00,7.0308056
2023-06-15 22:00:00,7.3561015
2023-06-15 23:00:00,7.691192
2023-06-16 00:00:00,7.6678452
2023-06-16 01:00:00,7.680086
2023-06-16 02:00:00,7.748644
2023-06-16 03:00:00,7.5158916
2023-06-16 04:00:00,7.379197
2023-06-16 05:00:00,7.3404098
2023-06-16 06:00:00,7.328689
2023-06-16 07:00:00,7.7420263
2023-06-16 08:00:00,7.9608655
2023-06-16 09:00:00,8.246705
2023-06-16 10:00:00,8.284142
2023-06-16 11:00:00,8.263303
2023-06-16 12:00:00,7.947867
2023-06-16 13:00:00,7.7706313
2023-06-16 14:00:00,7.635587
2023-06-16 15:00:00,7.416232
2023-06-16 16:00:00,7.3541307
2023-06-16 17:00:00,7.3146505
2023-06-16 18:00:00,7.3264027
2023-06-16 19:00:00,7.9583683
2023-06-16 20:00:00,8.45178
2023-06-16 21:00:00,8.351156
2023-06-16 22:00:00,8.097242
2023-06-16 23:00:00,7.967594
2023-06-17 00:00:00,7.9946675
2023-06-17 01:00:00,8.053414
2023-06-17 02:00:00,7.8869824
2023-06-17 03:00:00,7.7189264
2023-06-17 04:00:00,7.491326
2023-06-17 05:00:00,7.4669576
2023-06-17 06:00:00,7.3491044
2023-06-17 07:00:00,7.205324
2023-06-17 08:00:00,7.6241674
2023-06-17 09:00:00,7.9047685
2023-06-17 10:00:00,8.148947
2023-06-17 11:00:00,8.113089
2023-06-17 12:00:00,7.790743
2023-06-17 13:00:00,7.425484
2023-06-17 14:00:00,7.0934224
2023-06-17 15:00:00,6.893468
2023-06-17 16:00:00,6.733582
2023-06-17 17:00:00,6.531786
2023-06-17 18:00:00,5.8758903
2023-06-17 19:00:00,5.686985
2023-06-17 20:00:00,6.312244
2023-06-17 21:00:00,7.3012557
2023-06-17 22:00:00,7.9172516
2023-06-17 23:00:00,7.991151
2023-06-18 00:00:00,8.028577
2023-06-18 01:00:00,8.130838
2023-06-18 02:00:00,8.081797
2023-06-18 03:00:00,7.9588594
2023-06-18 04:00:00,7.7582636
2023-06-18 05:00:00,7.719852
2023-06-18 06:00:00,7.6252637
2023-06-18 07:00:00,7.107312
2023-06-18 08:00:00,7.4923697
2023-06-18 09:00:00,7.755931
2023-06-18 10:00:00,7.964077
2023-06-18 11:00:00,7.958397
2023-06-18 12:00:00,7.592752
2023-06-18 13:00:00,7.416773
2023-06-18 14:00:00,7.325001
2023-06-18 15:00:00,7.3368597
2023-06-18 16:00:00,7.4192414
2023-06-18 17:00:00,7.403258
2023-06-18 18:00:00,7.100951
2023-06-18 19:00:00,7.9810777
2023-06-18 20:00:00,8.930028
2023-06-18 21:00:00,8.94054
2023-06-18 22:00:00,8.460476
2023-06-18 23:00:00,8.137146
2023-06-19 00:00:00,8.16541
2023-06-19 01:00:00,8.336217
2023-06-19 02:00:00,8.357029
2023-06-19 03:00:00,8.320294
2023-06-19 04:00:00,8.278272
2023-06-19 05:00:00,8.399518
2023-06-19 06:00:00,8.326919
2023-06-19 07:00:00,8.050555
2023-06-19 08:00:00,8.924751
2023-06-19 09:00:00,8.703613
2023-06-19 10:00:00,8.58399
2023-06-19 11:00:00,8.339427
2023-06-19 12:00:00,8.05334
2023-06-19 13:00:00,7.832167
2023-06-19 14:00:00,7.8155675
2023-06-19 15:00:00,7.9523487
2023-06-19 16:00:00,8.337388
2023-06-19 17:00:00,8.114117
2023-06-19 18:00:00,7.5138726
2023-06-19 19:00:00,7.630259
2023-06-19 20:00:00,8.168472
2023-06-19 21:00:00,9.083697
2023-06-19 22:00:00,9.309604
2023-06-19 23:00:00,8.948154
2023-06-20 00:00:00,8.5979185
2023-06-20 01:00:00,8.376212
2023-06-20 02:00:00,8.429118
2023-06-20 03:00:00,7.848562
2023-06-20 04:00:00,7.745138
2023-06-20 05:00:00,8.656556
2023-06-20 06:00:00,8.593096
2023-06-20 07:00:00,9.518978
2023-06-20 08:00:00,11.000069
2023-06-20 09:00:00,11.164353
2023-06-20 10:00:00,11.275102
2023-06-20 11:00:00,11.2220545
2023-06-20 12:00:00,10.972736
2023-06-20 13:00:00,11.028021
2023-06-20 14:00:00,10.473328
2023-06-20 15:00:00,10.009498
2023-06-20 16:00:00,9.767198
2023-06-20 17:00:00,9.382584
2023-06-20 18:00:00,8.971707
2023-06-20 19:00:00,8.028162
2023-06-20 20:00:00,7.7502036
2023-06-20 21:00:00,8.221406
2023-06-20 22:00:00,8.695148
2023-06-20 23:00:00,8.712896
2023-06-21 00:00:00,8.592121
2023-06-21 01:00:00,8.534625
2023-06-21 02:00:00,8.503367
2023-06-21 03:00:00,8.722313
2023-06-21 04:00:00,8.941592
2023-06-21 05:00:00,8.757371
2023-06-21 06:00:00,8.765797
2023-06-21 07:00:00,9.524974
2023-06-21 08:00:00,9.628629
2023-06-21 09:00:00,10.427702
2023-06-21 10:00:00,10.244702
2023-06-21 11:00:00,9.87648
2023-06-21 12:00:00,9.496017
2023-06-21 13:00:00,9.249388
2023-06-21 14:00:00,8.765088
2023-06-21 15:00:00,8.87814
2023-06-21 16:00:00,8.570355
2023-06-21 17:00:00,8.751557
2023-06-21 18:00:00,8.663081
2023-06-21 19:00:00,7.760446
2023-06-21 20:00:00,7.550834
2023-06-21 21:00:00,8.134005
2023-06-21 22:00:00,8.521027
2023-06-21 23:00:00,8.69613
2023-06-22 00:00:00,9.079491
2023-06-22 01:00:00,9.337986
2023-06-22 02:00:00,9.613266
2023-06-22 03:00:00,9.807939
2023-06-22 04:00:00,9.867992
2023-06-22 05:00:00,9.874586
2023-06-22 06:00:00,9.680207
2023-06-22 07:00:00,10.218702
2023-06-22 08:00:00,11.374983
2023-06-22 09:00:00,11.357354
2023-06-22 10:00:00,11.130117
2023-06-22 11:00:00,10.80434
2023-06-22 12:00:00,10.361829
2023-06-22 13:00:00,9.818934
2023-06-22 14:00:00,9.389235
2023-06-22 15:00:00,9.059814
2023-06-22 16:00:00,8.6333475
2023-06-22 17:00:00,7.928508
2023-06-22 18:00:00,7.4108124
2023-06-22 19:00:00,7.892782
2023-06-22 20:00:00,8.68075
2023-06-22 21:00:00,9.221388
2023-06-22 22:00:00,9.294866
2023-06-22 23:00:00,9.326438
2023-06-23 00:00:00,9.34262
2023-06-23 01:00:00,9.522508
2023-06-23 02:00:00,9.684089
2023-06-23 03:00:00,9.682336
2023-06-23 04:00:00,9.597952
2023-06-23 05:00:00,9.400391
2023-06-23 06:00:00,9.102144
2023-06-23 07:00:00,8.0799885
2023-06-23 08:00:00,8.635298
2023-06-23 09:00:00,8.552376
2023-06-23 10:00:00,8.565795
2023-06-23 11:00:00,8.835601
2023-06-23 12:00:00,10.318867
2023-06-23 13:00:00,9.704242
2023-06-23 14:00:00,9.2504635
2023-06-23 15:00:00,9.213416
2023-06-23 16:00:00,9.254691
2023-06-23 17:00:00,8.734719
2023-06-23 18:00:00,8.040884
2023-06-23 19:00:00,7.549594
2023-06-23 20:00:00,7.1898565
2023-06-23 21:00:00,6.9892683
2023-06-23 22:00:00,6.8424335
2023-06-23 23:00:00,6.9068294
2023-06-24 00:00:00,7.181092
2023-06-24 01:00:00,7.348591
2023-06-24 02:00:00,8.156821
2023-06-24 03:00:00,7.797471
2023-06-24 04:00:00,8.850925
2023-06-24 05:00:00,9.008237
2023-06-24 06:00:00,8.77461
2023-06-24 07:00:00,8.051278
2023-06-24 08:00:00,8.3914
2023-06-24 09:00:00,9.1977825
2023-06-24 10:00:00,9.652486
2023-06-24 11:00:00,8.848531
2023-06-24 12:00:00,8.359158
2023-06-24 13:00:00,8.061074
2023-06-24 14:00:00,7.926835
2023-06-24 15:00:00,7.5814314
2023-06-24 16:00:00,7.5428376
2023-06-24 17:00:00,7.1406264
2023-06-24 18:00:00,6.4621325
2023-06-24 19:00:00,6.281631
2023-06-24 20:00:00,6.90108
2023-06-24 21:00:00,7.687296
2023-06-24 22:00:00,7.9624796
2023-06-24 23:00:00,8.0437355
2023-06-25 00:00:00,8.187017
2023-06-25 01:00:00,8.64993
2023-06-25 02:00:00,9.0524025
2023-06-25 03:00:00,9.199394
2023-06-25 04:00:00,9.102439
2023-06-25 05:00:00,9.007667
2023-06-25 06:00:00,8.938102
2023-06-25 07:00:00,9.315667
2023-06-25 08:00:00,10.616679
2023-06-25 09:00:00,10.614696
2023-06-25 10:00:00,10.837976
2023-06-25 11:00:00,10.192383
2023-06-25 12:00:00,9.498168
2023-06-25 13:00:00,9.172554
2023-06-25 14:00:00,8.744995
2023-06-25 15:00:00,8.520563
2023-06-25 16:00:00,8.42467
2023-06-25 17:00:00,7.7755585
2023-06-25 18:00:00,7.1837964
2023-06-25 19:00:00,7.7587023
2023-06-25 20:00:00,8.391586
2023-06-25 21:00:00,8.552921
2023-06-25 22:00:00,8.545079
2023-06-25 23:00:00,8.646975
2023-06-26 00:00:00,8.768366
2023-06-26 01:00:00,8.767349
2023-06-26 02:00:00,8.58256
2023-06-26 03:00:00,8.36948
2023-06-26 04:00:00,8.20067
2023-06-26 05:00:00,8.1840105
2023-06-26 06:00:00,8.443556
2023-06-26 07:00:00,9.65841
2023-06-26 08:00:00,10.076235
2023-06-26 09:00:00,10.0280075
2023-06-26 10:00:00,9.632975
2023-06-26 11:00:00,9.075642
2023-06-26 12:00:00,8.79928
2023-06-26 13:00:00,8.562265
2023-06-26 14:00:00,8.224667
2023-06-26 15:00:00,7.9003515
2023-06-26 16:00:00,7.5553365
2023-06-26 17:00:00,6.933836
2023-06-26 18:00:00,6.1713653
2023-06-26 19:00:00,6.5284414
2023-06-26 20:00:00,7.162151
2023-06-26 21:00:00,8.02797
2023-06-26 22:00:00,8.512747
2023-06-26 23:00:00,8.530028
2023-06-27 00:00:00,8.60817
2023-06-27 01:00:00,8.938734
2023-06-27 02:00:00,9.243384
2023-06-27 03:00:00,9.283221
2023-06-27 04:00:00,8.929781
2023-06-27 05:00:00,8.497485
2023-06-27 06:00:00,8.263008
2023-06-27 07:00:00,7.979175
2023-06-27 08:00:00,9.862381
2023-06-27 09:00:00,10.365212
2023-06-27 10:00:00,10.165722
2023-06-27 11:00:00,9.73303
2023-06-27 12:00:00,9.126081
2023-06-27 13:00:00,8.456809
2023-06-27 14:00:00,7.9676275
2023-06-27 15:00:00,7.659585
2023-06-27 16:00:00,7.317188
2023-06-27 17:00:00,6.783155
2023-06-27 18:00:00,6.6031694
2023-06-27 19:00:00,6.654718
2023-06-27 20:00:00,7.253197
2023-06-27 21:00:00,7.693616
2023-06-27 22:00:00,8.362017
2023-06-27 23:00:00,8.024789
2023-06-28 00:00:00,7.82637
2023-06-28 01:00:00,7.587612
2023-06-28 02:00:00,7.6116776
2023-06-28 03:00:00,7.7015758
2023-06-28 04:00:00,7.9055934
2023-06-28 05:00:00,8.155296
2023-06-28 06:00:00,8.02414
2023-06-28 07:00:00,7.9226365
2023-06-28 08:00:00,8.248806
2023-06-28 09:00:00,8.361881
2023-06-28 10:00:00,8.689205
2023-06-28 11:00:00,8.852772
2023-06-28 12:00:00,8.6665745
2023-06-28 13:00:00,8.459806
2023-06-28 14:00:00,8.410944
2023-06-28 15:00:00,8.265288
2023-06-28 16:00:00,8.268533
2023-06-28 17:00:00,8.043418
2023-06-28 18:00:00,7.6400747
2023-06-28 19:00:00,7.6340156
2023-06-28 20:00:00,8.189654
2023-06-28 21:00:00,8.309391
2023-06-28 22:00:00,8.080431
2023-06-28 23:00:00,7.933241
2023-06-29 00:00:00,8.072194
2023-06-29 01:00:00,8.354082
2023-06-29 02:00:00,8.528248
2023-06-29 03:00:00,8.546959
2023-06-29 04:00:00,8.409384
2023-06-29 05:00:00,8.269803
2023-06-29 06:00:00,8.182914
2023-06-29 07:00:00,9.239203
2023-06-29 08:00:00,8.981729
2023-06-29 09:00:00,8.737442
2023-06-29 10:00:00,8.870959
2023-06-29 11:00:00,8.739199
2023-06-29 12:00:00,8.359409
2023-06-29 13:00:00,7.6324697
2023-06-29 14:00:00,7.250872
2023-06-29 15:00:00,7.2035923
2023-06-29 16:00:00,6.909206
2023-06-29 17:00:00,6.688121
2023-06-29 18:00:00,6.365131
2023-06-29 19:00:00,7.111549
2023-06-29 20:00:00,8.169899
2023-06-29 21:00:00,8.731275
2023-06-29 22:00:00,8.916113
2023-06-29 23:00:00,9.219596
2023-06-30 00:00:00,9.542148
2023-06-30 01:00:00,9.646032
2023-06-30 02:00:00,9.730079
2023-06-30 03:00:00,9.777275
2023-06-30 04:00:00,9.645162
2023-06-30 05:00:00,9.500873
2023-06-30 06:00:00,9.392756
2023-06-30 07:00:00,8.9513035
2023-06-30 08:00:00,9.102083
2023-06-30 09:00:00,9.057008
2023-06-30 10:00:00,9.119889
2023-06-30 11:00:00,9.092281
2023-06-30 12:00:00,8.808418
2023-06-30 13:00:00,8.620902
2023-06-30 14:00:00,8.567216
2023-06-30 15:00:00,8.558598
2023-06-30 16:00:00,8.376897
2023-06-30 17:00:00,8.33293
2023-06-30 18:00:00,7.980134
2023-06-30 19:00:00,8.691096
2023-06-30 20:00:00,9.255303
2023-06-30 21:00:00,9.573306
2023-06-30 22:00:00,9.624853
2023-06-30 23:00:00,9.630292
2023-07-01 00:00:00,9.5574255
2023-07-01 01:00:00,9.426753
2023-07-01 02:00:00,9.316393
2023-07-01 03:00:00,9.347025
2023-07-01 04:00:00,9.395961
2023-07-01 05:00:00,9.476727
2023-07-01 06:00:00,9.401481
2023-07-01 07:00:00,9.0960045
2023-07-01 08:00:00,9.869517
2023-07-01 09:00:00,10.230817
2023-07-01 10:00:00,10.203828
2023-07-01 11:00:00,9.768872
2023-07-01 12:00:00,9.193574
2023-07-01 13:00:00,8.591284
2023-07-01 14:00:00,8.267655
2023-07-01 15:00:00,8.371408
2023-07-01 16:00:00,8.25464
2023-07-01 17:00:00,8.38157
2023-07-01 18:00:00,8.402828
2023-07-01 19:00:00,8.409451
2023-07-01 20:00:00,8.356235
2023-07-01 21:00:00,8.301767
2023-07-01 22:00:00,8.419915
2023-07-01 23:00:00,8.523743
2023-07-02 00:00:00,8.384653
2023-07-02 01:00:00,8.367575
2023-07-02 02:00:00,8.425572
2023-07-02 03:00:00,8.511255
2023-07-02 04:00:00,8.663182
2023-07-02 05:00:00,8.637489
2023-07-02 06:00:00,8.516667
2023-07-02 07:00:00,8.915509
2023-07-02 08:00:00,9.213537
2023-07-02 09:00:00,9.17194
2023-07-02 10:00:00,8.4511385
2023-07-02 11:00:00,7.7181077
2023-07-02 12:00:00,6.879659
2023-07-02 13:00:00,6.0805902
2023-07-02 14:00:00,5.50254
2023-07-02 15:00:00,5.1254497
2023-07-02 16:00:00,5.0672703
2023-07-02 17:00:00,5.2641773
2023-07-02 18:00:00,5.870129
2023-07-02 19:00:00,6.0946555
2023-07-02 20:00:00,6.803554
2023-07-02 21:00:00,7.221561
2023-07-02 22:00:00,7.1953683
2023-07-02 23:00:00,6.9387445
2023-07-03 00:00:00,7.0142083
2023-07-03 01:00:00,7.3204107
2023-07-03 02:00:00,7.510519
2023-07-03 03:00:00,7.6481256
2023-07-03 04:00:00,7.751904
2023-07-03 05:00:00,7.8165097
2023-07-03 06:00:00,7.7446804
2023-07-03 07:00:00,7.2172966
2023-07-03 08:00:00,8.038317
2023-07-03 09:00:00,7.9954047
2023-07-03 10:00:00,7.4654007
2023-07-03 11:00:00,6.8208942
2023-07-03 12:00:00,6.123701
2023-07-03 13:00:00,5.2931466
2023-07-03 14:00:00,4.7527075
2023-07-03 15:00:00,4.5838985
2023-07-03 16:00:00,4.777234
2023-07-03 17:00:00,5.0612383
2023-07-03 18:00:00,5.7018
2023-07-03 19:00:00,6.4777665
2023-07-03 20:00:00,7.828748
2023-07-03 21:00:00,8.964227
2023-07-03 22:00:00,9.276254
2023-07-03 23:00:00,9.136062
2023-07-04 00:00:00,9.412077
2023-07-04 01:00:00,10.34705
2023-07-04 02:00:00,10.88981
2023-07-04 03:00:00,10.777389
2023-07-04 04:00:00,10.456876
2023-07-04 05:00:00,10.154367
2023-07-04 06:00:00,9.979037
2023-07-04 07:00:00,9.995448
2023-07-04 08:00:00,10.256758
2023-07-04 09:00:00,10.059016
2023-07-04 10:00:00,9.797138
2023-07-04 11:00:00,9.447374
2023-07-04 12:00:00,9.087458
2023-07-04 13:00:00,8.856572
2023-07-04 14:00:00,8.63861
2023-07-04 15:00:00,8.700475
2023-07-04 16:00:00,9.050844
2023-07-04 17:00:00,9.503418
2023-07-04 18:00:00,9.424607
2023-07-04 19:00:00,9.536883
2023-07-04 20:00:00,9.719505
2023-07-04 21:00:00,9.932503
2023-07-04 22:00:00,10.1073475
2023-07-04 23:00:00,10.4076605
2023-07-05 00:00:00,10.454655
2023-07-05 01:00:00,10.231194
2023-07-05 02:00:00,9.861325
2023-07-05 03:00:00,9.709842
2023-07-05 04:00:00,9.658977
2023-07-05 05:00:00,9.737532
2023-07-05 06:00:00,9.816119
2023-07-05 07:00:00,11.039224
2023-07-05 08:00:00,10.837232
2023-07-05 09:00:00,10.404238
2023-07-05 10:00:00,10.186082
2023-07-05 11:00:00,9.735118
2023-07-05 12:00:00,9.186816
2023-07-05 13:00:00,8.912733
2023-07-05 14:00:00,8.839875
2023-07-05 15:00:00,8.981554
2023-07-05 16:00:00,9.171624
2023-07-05 17:00:00,9.365573
2023-07-05 18:00:00,8.5811405
2023-07-05 19:00:00,8.619472
2023-07-05 20:00:00,8.991043
2023-07-05 21:00:00,9.569358
2023-07-05 22:00:00,9.764746
2023-07-05 23:00:00,9.622743
2023-07-06 00:00:00,9.588685
2023-07-06 01:00:00,9.533885
2023-07-06 02:00:00,9.550565
2023-07-06 03:00:00,9.543842
2023-07-06 04:00:00,9.406814
2023-07-06 05:00:00,9.371829
2023-07-06 06:00:00,9.243364
2023-07-06 07:00:00,8.4671335
2023-07-06 08:00:00,10.091118
2023-07-06 09:00:00,10.015911
2023-07-06 10:00:00,9.647517
2023-07-06 11:00:00,9.082341
2023-07-06 12:00:00,8.28966
2023-07-06 13:00:00,7.671953
2023-07-06 14:00:00,7.1324086
2023-07-06 15:00:00,6.8621893
2023-07-06 16:00:00,6.636963
2023-07-06 17:00:00,6.467059
2023-07-06 18:00:00,6.138541
2023-07-06 19:00:00,7.124662
2023-07-06 20:00:00,8.063207
2023-07-06 21:00:00,8.080538
2023-07-06 22:00:00,7.9947224
2023-07-06 23:00:00,8.1805315
2023-07-07 00:00:00,8.26489
2023-07-07 01:00:00,8.352026
2023-07-07 02:00:00,8.454576
2023-07-07 03:00:00,8.596742
2023-07-07 04:00:00,8.536689
2023-07-07 05:00:00,8.540125
2023-07-07 06:00:00,8.542716
2023-07-07 07:00:00,8.070765
2023-07-07 08:00:00,8.475128
2023-07-07 09:00:00,8.711755
2023-07-07 10:00:00,8.539141
2023-07-07 11:00:00,8.242439
2023-07-07 12:00:00,7.5588994
2023-07-07 13:00:00,7.399521
2023-07-07 14:00:00,7.335299
2023-07-07 15:00:00,7.4333673
2023-07-07 16:00:00,7.4929867
2023-07-07 17:00:00,7.0947475
2023-07-07 18:00:00,6.43242
2023-07-07 19:00:00,6.727555
2023-07-07 20:00:00,7.2251773
2023-07-07 21:00:00,7.8472147
2023-07-07 22:00:00,8.019779
2023-07-07 23:00:00,8.218997
2023-07-08 00:00:00,8.386211
2023-07-08 01:00:00,8.423258
2023-07-08 02:00:00,8.28487
2023-07-08 03:00:00,8.067081
2023-07-08 04:00:00,8.064101
2023-07-08 05:00:00,8.351556
2023-07-08 06:00:00,8.192583
2023-07-08 07:00:00,7.33591
2023-07-08 08:00:00,9.025334
2023-07-08 09:00:00,9.844
2023-07-08 10:00:00,9.978345
2023-07-08 11:00:00,9.342858
2023-07-08 12:00:00,9.015037
2023-07-08 13:00:00,8.801562
2023-07-08 14:00:00,8.380019
2023-07-08 15:00:00,7.993582
2023-07-08 16:00:00,7.35724
2023-07-08 17:00:00,7.211419
2023-07-08 18:00:00,7.0534215
2023-07-08 19:00:00,6.4144335
2023-07-08 20:00:00,6.75263
2023-07-08 21:00:00,6.9593515
2023-07-08 22:00:00,7.276902
2023-07-08 23:00:00,7.3276925
2023-07-09 00:00:00,7.25243
2023-07-09 01:00:00,7.2036147
2023-07-09 02:00:00,7.2737103
2023-07-09 03:00:00,7.376911
2023-07-09 04:00:00,7.4917274
2023-07-09 05:00:00,7.6016793
2023-07-09 06:00:00,7.63273
2023-07-09 07:00:00,7.5367756
2023-07-09 08:00:00,7.82813
2023-07-09 09:00:00,7.6183033
2023-07-09 10:00:00,7.2649407
2023-07-09 11:00:00,6.769958
2023-07-09 12:00:00,6.1658115
2023-07-09 13:00:00,5.868803
2023-07-09 14:00:00,5.644171
2023-07-09 15:00:00,5.6094084
2023-07-09 16:00:00,5.612151
2023-07-09 17:00:00,5.684007
2023-07-09 18:00:00,5.61572
2023-07-09 19:00:00,6.2817645
2023-07-09 20:00:00,7.0217915
2023-07-09 21:00:00,7.7711105
2023-07-09 22:00:00,8.264619
2023-07-09 23:00:00,8.372378
2023-07-10 00:00:00,8.490199
2023-07-10 01:00:00,8.553839
2023-07-10 02:00:00,8.573075
2023-07-10 03:00:00,8.599496
2023-07-10 04:00:00,8.592012
2023-07-10 05:00:00,8.441233
2023-07-10 06:00:00,8.278702
2023-07-10 07:00:00,6.8582377
2023-07-10 08:00:00,8.059577
2023-07-10 09:00:00,9.055214
2023-07-10 10:00:00,8.756306
2023-07-10 11:00:00,8.01743
2023-07-10 12:00:00,7.50487
2023-07-10 13:00:00,7.074867
2023-07-10 14:00:00,6.9153247
2023-07-10 15:00:00,7.116153
2023-07-10 16:00:00,7.5017433
2023-07-10 17:00:00,8.021696
2023-07-10 18:00:00,8.090911
2023-07-10 19:00:00,7.882914
2023-07-10 20:00:00,7.7756133
2023-07-10 21:00:00,7.602615
2023-07-10 22:00:00,7.655859
2023-07-10 23:00:00,7.6435175
2023-07-11 00:00:00,7.630292
2023-07-11 01:00:00,7.6539917
2023-07-11 02:00:00,7.5582776
2023-07-11 03:00:00,7.6718397
2023-07-11 04:00:00,7.635056
2023-07-11 05:00:00,7.6597867
2023-07-11 06:00:00,7.565047
2023-07-11 07:00:00,7.137461
2023-07-11 08:00:00,7.5525193
2023-07-11 09:00:00,8.008171
2023-07-11 10:00:00,7.878189
2023-07-11 11:00:00,7.4169765
2023-07-11 12:00:00,6.971649
2023-07-11 13:00:00,6.7374506
2023-07-11 14:00:00,6.613246
2023-07-11 15:00:00,6.551483
2023-07-11 16:00:00,6.605402
2023-07-11 17:00:00,6.7777324
2023-07-11 18:00:00,6.968621
2023-07-11 19:00:00,8.060722
2023-07-11 20:00:00,8.909616
2023-07-11 21:00:00,9.118519
2023-07-11 22:00:00,9.0819435
2023-07-11 23:00:00,8.961198
2023-07-12 00:00:00,8.634262
2023-07-12 01:00:00,8.614828
2023-07-12 02:00:00,8.950226
2023-07-12 03:00:00,9.230705
2023-07-12 04:00:00,9.324226
2023-07-12 05:00:00,9.3161745
2023-07-12 06:00:00,9.192913
2023-07-12 07:00:00,8.626304
2023-07-12 08:00:00,8.931476
2023-07-12 09:00:00,8.906185
2023-07-12 10:00:00,8.25111
2023-07-12 11:00:00,7.789367
2023-07-12 12:00:00,7.3620305
2023-07-12 13:00:00,7.008108
2023-07-12 14:00:00,6.5961547
2023-07-12 15:00:00,6.283957
2023-07-12 16:00:00,6.245135
2023-07-12 17:00:00,6.330485
2023-07-12 18:00:00,6.1732397
2023-07-12 19:00:00,6.6600285
2023-07-12 20:00:00,7.507736
2023-07-12 21:00:00,8.324765
2023-07-12 22:00:00,8.4458275
2023-07-12 23:00:00,8.360097
2023-07-13 00:00:00,8.139477
2023-07-13 01:00:00,7.987369
2023-07-13 02:00:00,7.9328127
2023-07-13 03:00:00,8.094116
2023-07-13 04:00:00,8.129063
2023-07-13 05:00:00,8.068427
2023-07-13 06:00:00,7.870893
2023-07-13 07:00:00,7.602867
2023-07-13 08:00:00,7.490681
2023-07-13 09:00:00,7.254714
2023-07-13 10:00:00,6.44935
2023-07-13 11:00:00,5.515176
2023-07-13 12:00:00,4.6197424
2023-07-13 13:00:00,3.9857707
2023-07-13 14:00:00,3.573757
2023-07-13 15:00:00,3.553039
2023-07-13 16:00:00,3.533181
2023-07-13 17:00:00,3.6183522
2023-07-13 18:00:00,3.8980827
2023-07-13 19:00:00,3.755829
2023-07-13 20:00:00,4.0292206
2023-07-13 21:00:00,5.04939
2023-07-13 22:00:00,6.3807564
2023-07-13 23:00:00,7.3188934
2023-07-14 00:00:00,7.6249986
2023-07-14 01:00:00,7.7759714
2023-07-14 02:00:00,7.8012815
2023-07-14 03:00:00,7.6896777
2023-07-14 04:00:00,7.4682045
2023-07-14 05:00:00,7.2769113
2023-07-14 06:00:00,7.1244545
2023-07-14 07:00:00,6.6442537
2023-07-14 08:00:00,5.647009
2023-07-14 09:00:00,5.4995294
2023-07-14 10:00:00,4.753086
2023-07-14 11:00:00,3.636191
2023-07-14 12:00:00,2.1550052
2023-07-14 13:00:00,1.6266787
2023-07-14 14:00:00,2.12356
2023-07-14 15:00:00,2.695269
2023-07-14 16:00:00,3.0415325
2023-07-14 17:00:00,3.3199255
2023-07-14 18:00:00,4.122903
2023-07-14 19:00:00,5.2553983
2023-07-14 20:00:00,5.9660606
2023-07-14 21:00:00,6.6851897
2023-07-14 22:00:00,7.7920218
2023-07-14 23:00:00,8.528318
2023-07-15 00:00:00,8.714305
2023-07-15 01:00:00,8.698313
2023-07-15 02:00:00,8.649965
2023-07-15 03:00:00,8.4803915
2023-07-15 04:00:00,8.253032
2023-07-15 05:00:00,8.199219
2023-07-15 06:00:00,8.194832
2023-07-15 07:00:00,8.167094
2023-07-15 08:00:00,7.772362
2023-07-15 09:00:00,8.266632
2023-07-15 10:00:00,8.80834
2023-07-15 11:00:00,9.352298
2023-07-15 12:00:00,9.245998
2023-07-15 13:00:00,8.601213
2023-07-15 14:00:00,7.713052
2023-07-15 15:00:00,7.250578
2023-07-15 16:00:00,7.1888123
2023-07-15 17:00:00,7.4300547
2023-07-15 18:00:00,7.2774177
2023-07-15 19:00:00,7.8422136
2023-07-15 20:00:00,8.697365
2023-07-15 21:00:00,8.959902
2023-07-15 22:00:00,9.011504
2023-07-15 23:00:00,9.232671
2023-07-16 00:00:00,9.413759
2023-07-16 01:00:00,9.632799
2023-07-16 02:00:00,9.7230215
2023-07-16 03:00:00,9.751457
2023-07-16 04:00:00,9.679442
2023-07-16 05:00:00,9.624745
2023-07-16 06:00:00,9.520087
2023-07-16 07:00:00,9.2192135
2023-07-16 08:00:00,9.841494
2023-07-16 09:00:00,10.180113
2023-07-16 10:00:00,10.281775
2023-07-16 11:00:00,9.996442
2023-07-16 12:00:00,9.350398
2023-07-16 13:00:00,8.662957
2023-07-16 14:00:00,8.256872
2023-07-16 15:00:00,8.073976
2023-07-16 16:00:00,8.12442
2023-07-16 17:00:00,8.394794
2023-07-16 18:00:00,7.8993244
2023-07-16 19:00:00,7.7075596
2023-07-16 20:00:00,8.144578
2023-07-16 21:00:00,8.361737
2023-07-16 22:00:00,8.590488
2023-07-16 23:00:00,8.7442255
2023-07-17 00:00:00,8.7983055
2023-07-17 01:00:00,8.873369
2023-07-17 02:00:00,8.862627
2023-07-17 03:00:00,8.849373
2023-07-17 04:00:00,8.748732
2023-07-17 05:00:00,8.615327
2023-07-17 06:00:00,8.402547
2023-07-17 07:00:00,7.5984993
2023-07-17 08:00:00,8.515841
2023-07-17 09:00:00,9.378566
2023-07-17 10:00:00,9.803959
2023-07-17 11:00:00,9.308693
2023-07-17 12:00:00,8.783222
2023-07-17 13:00:00,8.28777
2023-07-17 14:00:00,7.965087
2023-07-17 15:00:00,7.769874
2023-07-17 16:00:00,7.7931304
2023-07-17 17:00:00,7.929198
2023-07-17 18:00:00,7.3087244
2023-07-17 19:00:00,7.6583986
2023-07-17 20:00:00,8.1662855
2023-07-17 21:00:00,8.524986
2023-07-17 22:00:00,8.638766
2023-07-17 23:00:00,8.805391
2023-07-18 00:00:00,8.975316
2023-07-18 01:00:00,9.199611
2023-07-18 02:00:00,9.309359
2023-07-18 03:00:00,9.336416
2023-07-18 04:00:00,9.236216
2023-07-18 05:00:00,9.146958
2023-07-18 06:00:00,9.202674
2023-07-18 07:00:00,9.017171
2023-07-18 08:00:00,9.339859
2023-07-18 09:00:00,9.483112
2023-07-18 10:00:00,9.231625
2023-07-18 11:00:00,8.887824
2023-07-18 12:00:00,8.403373
2023-07-18 13:00:00,7.9800963
2023-07-18 14:00:00,7.6112823
2023-07-18 15:00:00,7.2613087
2023-07-18 16:00:00,6.973522
2023-07-18 17:00:00,6.7997785
2023-07-18 18:00:00,6.354283
2023-07-18 19:00:00,6.8131514
2023-07-18 20:00:00,8.12244
2023-07-18 21:00:00,8.925803
2023-07-18 22:00:00,8.631765
2023-07-18 23:00:00,8.259773
2023-07-19 00:00:00,8.231737
2023-07-19 01:00:00,8.519066
2023-07-19 02:00:00,8.903175
2023-07-19 03:00:00,8.910056
2023-07-19 04:00:00,8.716427
2023-07-19 05:00:00,8.540813
2023-07-19 06:00:00,8.463087
2023-07-19 07:00:00,7.7383556
2023-07-19 08:00:00,8.1945
2023-07-19 09:00:00,8.437418
2023-07-19 10:00:00,9.1198635
2023-07-19 11:00:00,9.050674
2023-07-19 12:00:00,8.777738
2023-07-19 13:00:00,8.345871
2023-07-19 14:00:00,8.176326
2023-07-19 15:00:00,8.059427
2023-07-19 16:00:00,8.352964
2023-07-19 17:00:00,8.629843
2023-07-19 18:00:00,8.307861
2023-07-19 19:00:00,8.031358
2023-07-19 20:00:00,8.257347
2023-07-19 21:00:00,8.300042
2023-07-19 22:00:00,8.3888645
2023-07-19 23:00:00,8.794695
2023-07-20 00:00:00,9.474518
2023-07-20 01:00:00,9.756153
2023-07-20 02:00:00,9.71534
2023-07-20 03:00:00,9.6402235
2023-07-20 04:00:00,9.547752
2023-07-20 05:00:00,9.81838
2023-07-20 06:00:00,9.76452
2023-07-20 07:00:00,10.689516
2023-07-20 08:00:00,11.351987
2023-07-20 09:00:00,11.464761
2023-07-20 10:00:00,11.121534
2023-07-20 11:00:00,10.667909
2023-07-20 12:00:00,10.510976
2023-07-20 13:00:00,10.519169
2023-07-20 14:00:00,10.654587
2023-07-20 15:00:00,10.843797
2023-07-20 16:00:00,11.012828
2023-07-20 17:00:00,10.924955
2023-07-20 18:00:00,9.961788
2023-07-20 19:00:00,9.313347
2023-07-20 20:00:00,9.612156
2023-07-20 21:00:00,9.789105
2023-07-20 22:00:00,9.67513
2023-07-20 23:00:00,9.66057
2023-07-21 00:00:00,9.73618
2023-07-21 01:00:00,9.527853
2023-07-21 02:00:00,9.0917425
2023-07-21 03:00:00,8.878541
2023-07-21 04:00:00,8.508392
2023-07-21 05:00:00,8.302503
2023-07-21 06:00:00,8.154527
2023-07-21 07:00:00,8.048643
2023-07-21 08:00:00,10.943092
2023-07-21 09:00:00,11.02379
2023-07-21 10:00:00,10.849115
2023-07-21 11:00:00,10.537626
2023-07-21 12:00:00,10.16689
2023-07-21 13:00:00,9.9191475
2023-07-21 14:00:00,9.84228
2023-07-21 15:00:00,9.802994
2023-07-21 16:00:00,9.621808
2023-07-21 17:00:00,9.333734
2023-07-21 18:00:00,8.309733
2023-07-21 19:00:00,8.317778
2023-07-21 20:00:00,8.304346
2023-07-21 21:00:00,8.416966
2023-07-21 22:00:00,8.779606
2023-07-21 23:00:00,9.130957
2023-07-22 00:00:00,9.310373
2023-07-22 01:00:00,9.253989
2023-07-22 02:00:00,9.115743
2023-07-22 03:00:00,9.121712
2023-07-22 04:00:00,9.152885
2023-07-22 05:00:00,9.186772
2023-07-22 06:00:00,9.207935
2023-07-22 07:00:00,8.828784
2023-07-22 08:00:00,11.198621
2023-07-22 09:00:00,11.49531
2023-07-22 10:00:00,11.9701395
2023-07-22 11:00:00,11.679728
2023-07-22 12:00:00,10.8354025
2023-07-22 13:00:00,10.447142
2023-07-22 14:00:00,10.3569565
2023-07-22 15:00:00,10.376318
2023-07-22 16:00:00,10.332335
2023-07-22 17:00:00,9.969271
2023-07-22 18:00:00,8.579584
2023-07-22 19:00:00,8.347895
2023-07-22 20:00:00,8.696866
2023-07-22 21:00:00,8.916245
2023-07-22 22:00:00,8.945296
2023-07-22 23:00:00,8.908487
2023-07-23 00:00:00,8.890252
2023-07-23 01:00:00,8.901464
2023-07-23 02:00:00,8.716
2023-07-23 03:00:00,8.552665
2023-07-23 04:00:00,8.39857
2023-07-23 05:00:00,8.351164
2023-07-23 06:00:00,8.251928
2023-07-23 07:00:00,7.4753323
2023-07-23 08:00:00,10.13564
2023-07-23 09:00:00,9.919633
2023-07-23 10:00:00,10.1640215
2023-07-23 11:00:00,10.443503
2023-07-23 12:00:00,10.283875
2023-07-23 13:00:00,9.993566
2023-07-23 14:00:00,9.820598
2023-07-23 15:00:00,9.526727
2023-07-23 16:00:00,9.185436
2023-07-23 17:00:00,8.842698
2023-07-23 18:00:00,7.620831
2023-07-23 19:00:00,7.211391
2023-07-23 20:00:00,7.684955
2023-07-23 21:00:00,8.374512
2023-07-23 22:00:00,8.832964
2023-07-23 23:00:00,9.162755
2023-07-24 00:00:00,9.260023
2023-07-24 01:00:00,9.121042
2023-07-24 02:00:00,8.821954
2023-07-24 03:00:00,8.692353
2023-07-24 04:00:00,8.733175
2023-07-24 05:00:00,8.82748
2023-07-24 06:00:00,8.731078
2023-07-24 07:00:00,8.359592
2023-07-24 08:00:00,9.714177
2023-07-24 09:00:00,10.153117
2023-07-24 10:00:00,10.591915
2023-07-24 11:00:00,10.5400715
2023-07-24 12:00:00,10.249863
2023-07-24 13:00:00,9.918907
2023-07-24 14:00:00,9.626015
2023-07-24 15:00:00,9.436408
2023-07-24 16:00:00,9.41354
2023-07-24 17:00:00,9.285453
2023-07-24 18:00:00,8.177701
2023-07-24 19:00:00,8.059322
2023-07-24 20:00:00,8.244691
2023-07-24 21:00:00,8.670751
2023-07-24 22:00:00,9.004614
2023-07-24 23:00:00,9.255246
2023-07-25 00:00:00,9.413401
2023-07-25 01:00:00,9.435377
2023-07-25 02:00:00,9.282464
2023-07-25 03:00:00,8.967687
2023-07-25 04:00:00,8.782027
2023-07-25 05:00:00,8.661408
2023-07-25 06:00:00,8.4924135
2023-07-25 07:00:00,8.543112
2023-07-25 08:00:00,9.8414755
2023-07-25 09:00:00,10.067921
2023-07-25 10:00:00,9.483158
2023-07-25 11:00:00,8.79184
2023-07-25 12:00:00,8.03934
2023-07-25 13:00:00,7.3542933
2023-07-25 14:00:00,6.9589057
2023-07-25 15:00:00,6.804752
2023-07-25 16:00:00,6.8189726
2023-07-25 17:00:00,7.128085
2023-07-25 18:00:00,7.1936426
2023-07-25 19:00:00,7.879845
2023-07-25 20:00:00,8.507143
2023-07-25 21:00:00,8.609661
2023-07-25 22:00:00,8.437875
2023-07-25 23:00:00,8.379749
2023-07-26 00:00:00,8.506731
2023-07-26 01:00:00,8.660715
2023-07-26 02:00:00,8.714249
2023-07-26 03:00:00,8.691118
2023-07-26 04:00:00,8.5478115
2023-07-26 05:00:00,8.546745
2023-07-26 06:00:00,8.59804
2023-07-26 07:00:00,8.533947
2023-07-26 08:00:00,8.97044
2023-07-26 09:00:00,9.102124
2023-07-26 10:00:00,9.166002
2023-07-26 11:00:00,9.032089
2023-07-26 12:00:00,8.614013
2023-07-26 13:00:00,8.06291
2023-07-26 14:00:00,7.7123446
2023-07-26 15:00:00,7.556601
2023-07-26 16:00:00,7.581695
2023-07-26 17:00:00,7.6954675
2023-07-26 18:00:00,7.0197563
2023-07-26 19:00:00,6.9096985
2023-07-26 20:00:00,7.810335
2023-07-26 21:00:00,8.6228285
2023-07-26 22:00:00,8.973785
2023-07-26 23:00:00,9.041166
2023-07-27 00:00:00,9.231028
2023-07-27 01:00:00,9.411847
2023-07-27 02:00:00,9.470721
2023-07-27 03:00:00,9.334452
2023-07-27 04:00:00,9.306823
2023-07-27 05:00:00,9.237324
2023-07-27 06:00:00,9.092683
2023-07-27 07:00:00,8.905372
2023-07-27 08:00:00,9.0860405
2023-07-27 09:00:00,9.028662
2023-07-27 10:00:00,9.161332
2023-07-27 11:00:00,8.847229
2023-07-27 12:00:00,8.13237
2023-07-27 13:00:00,7.5467653
2023-07-27 14:00:00,7.43614
2023-07-27 15:00:00,7.589163
2023-07-27 16:00:00,7.783759
2023-07-27 17:00:00,7.9775724
2023-07-27 18:00:00,7.9918876
2023-07-27 19:00:00,7.945967
2023-07-27 20:00:00,8.221978
2023-07-27 21:00:00,8.220129
2023-07-27 22:00:00,8.058041
2023-07-27 23:00:00,7.9328547
2023-07-28 00:00:00,7.7895184
2023-07-28 01:00:00,7.758484
2023-07-28 02:00:00,7.805266
2023-07-28 03:00:00,8.0091715
2023-07-28 04:00:00,8.245598
2023-07-28 05:00:00,8.296839
2023-07-28 06:00:00,8.120155
2023-07-28 07:00:00,7.3707347
2023-07-28 08:00:00,8.327268
2023-07-28 09:00:00,8.787823
2023-07-28 10:00:00,8.590322
2023-07-28 11:00:00,7.9360347
2023-07-28 12:00:00,7.0985937
2023-07-28 13:00:00,6.3675056
2023-07-28 14:00:00,5.994557
2023-07-28 15:00:00,5.896829
2023-07-28 16:00:00,6.0659003
2023-07-28 17:00:00,6.1258645
2023-07-28 18:00:00,5.831783
2023-07-28 19:00:00,6.0840487
2023-07-28 20:00:00,6.6962404
2023-07-28 21:00:00,7.942977
2023-07-28 22:00:00,8.940683
2023-07-28 23:00:00,9.393942
2023-07-29 00:00:00,9.438845
2023-07-29 01:00:00,9.295609
2023-07-29 02:00:00,8.990763
2023-07-29 03:00:00,8.754065
2023-07-29 04:00:00,8.49113
2023-07-29 05:00:00,8.443341
2023-07-29 06:00:00,8.447663
2023-07-29 07:00:00,8.304399
2023-07-29 08:00:00,8.541189
2023-07-29 09:00:00,8.522063
2023-07-29 10:00:00,8.118974
2023-07-29 11:00:00,7.6959443
2023-07-29 12:00:00,6.935767
2023-07-29 13:00:00,6.2237062
2023-07-29 14:00:00,5.760473
2023-07-29 15:00:00,5.5123405
2023-07-29 16:00:00,5.5151925
2023-07-29 17:00:00,5.6477346
2023-07-29 18:00:00,5.608097
2023-07-29 19:00:00,6.118765
2023-07-29 20:00:00,6.732833
2023-07-29 21:00:00,7.428935
2023-07-29 22:00:00,8.1427965
2023-07-29 23:00:00,8.367622
2023-07-30 00:00:00,8.523234
2023-07-30 01:00:00,8.875671
2023-07-30 02:00:00,9.113381
2023-07-30 03:00:00,9.299107
2023-07-30 04:00:00,9.379862
2023-07-30 05:00:00,9.567431
2023-07-30 06:00:00,9.771535
2023-07-30 07:00:00,9.080121
2023-07-30 08:00:00,10.06532
2023-07-30 09:00:00,10.111499
2023-07-30 10:00:00,9.69595
2023-07-30 11:00:00,9.128308
2023-07-30 12:00:00,8.493988
2023-07-30 13:00:00,7.8370852
2023-07-30 14:00:00,7.5507464
2023-07-30 15:00:00,7.329421
2023-07-30 16:00:00,7.4237266
2023-07-30 17:00:00,7.647692
2023-07-30 18:00:00,7.3941116
2023-07-30 19:00:00,7.946012
2023-07-30 20:00:00,8.99593
2023-07-30 21:00:00,9.535879
2023-07-30 22:00:00,9.507607
2023-07-30 23:00:00,9.405405
2023-07-31 00:00:00,9.513255
2023-07-31 01:00:00,9.783241
2023-07-31 02:00:00,9.9795885
2023-07-31 03:00:00,10.042258
2023-07-31 04:00:00,10.0927515
2023-07-31 05:00:00,10.066162
2023-07-31 06:00:00,10.063309
2023-07-31 07:00:00,9.440528
2023-07-31 08:00:00,9.792539
2023-07-31 09:00:00,9.942331
2023-07-31 10:00:00,9.926942
2023-07-31 11:00:00,9.730815
2023-07-31 12:00:00,9.367966
2023-07-31 13:00:00,8.867128
2023-07-31 14:00:00,8.445369
2023-07-31 15:00:00,8.093489
2023-07-31 16:00:00,7.968876
2023-07-31 17:00:00,8.190457
2023-07-31 18:00:00,8.669646
2023-07-31 19:00:00,9.121018
2023-07-31 20:00:00,8.629822
2023-07-31 21:00:00,8.355023
2023-07-31 22:00:00,8.692982
2023-07-31 23:00:00,8.801609
2023-08-01 00:00:00,8.659763
2023-08-01 01:00:00,8.504773
2023-08-01 02:00:00,8.454908
2023-08-01 03:00:00,8.445943
2023-08-01 04:00:00,8.50737
2023-08-01 05:00:00,8.537569
2023-08-01 06:00:00,8.667628
2023-08-01 07:00:00,8.644486
2023-08-01 08:00:00,9.240398
2023-08-01 09:00:00,9.797166
2023-08-01 10:00:00,9.343002
2023-08-01 11:00:00,9.077001
2023-08-01 12:00:00,8.673583
2023-08-01 13:00:00,8.344961
2023-08-01 14:00:00,8.259007
2023-08-01 15:00:00,8.444581
2023-08-01 16:00:00,8.326738
2023-08-01 17:00:00,7.6704345
2023-08-01 18:00:00,6.3364325
2023-08-01 19:00:00,6.1883793
2023-08-01 20:00:00,7.37852
2023-08-01 21:00:00,9.089479
2023-08-01 22:00:00,9.520423
2023-08-01 23:00:00,9.264103
2023-08-02 00:00:00,9.053685
2023-08-02 01:00:00,8.971306
2023-08-02 02:00:00,8.977334
2023-08-02 03:00:00,8.574223
2023-08-02 04:00:00,8.877139
2023-08-02 05:00:00,8.729054
2023-08-02 06:00:00,7.5318685
2023-08-02 07:00:00,8.043326
2023-08-02 08:00:00,9.8799515
2023-08-02 09:00:00,10.104226
2023-08-02 10:00:00,9.742875
2023-08-02 11:00:00,9.244509
2023-08-02 12:00:00,9.074917
2023-08-02 13:00:00,8.9484415
2023-08-02 14:00:00,8.820785
2023-08-02 15:00:00,8.586803
2023-08-02 16:00:00,8.249626
2023-08-02 17:00:00,7.8378158
2023-08-02 18:00:00,7.141226
2023-08-02 19:00:00,7.4815254
2023-08-02 20:00:00,8.484483
2023-08-02 21:00:00,8.693552
2023-08-02 22:00:00,8.500371
2023-08-02 23:00:00,8.528429
2023-08-03 00:00:00,8.2970295
2023-08-03 01:00:00,8.287737
2023-08-03 02:00:00,8.1277485
2023-08-03 03:00:00,7.951551
2023-08-03 04:00:00,7.880879
2023-08-03 05:00:00,7.9980726
2023-08-03 06:00:00,7.8970003
2023-08-03 07:00:00,8.125979
2023-08-03 08:00:00,9.215126
2023-08-03 09:00:00,9.927372
2023-08-03 10:00:00,9.322933
2023-08-03 11:00:00,9.188248
2023-08-03 12:00:00,8.61367
2023-08-03 13:00:00,8.353547
2023-08-03 14:00:00,7.912397
2023-08-03 15:00:00,7.3381715
2023-08-03 16:00:00,6.927533
2023-08-03 17:00:00,6.696279
2023-08-03 18:00:00,6.2204933
2023-08-03 19:00:00,6.5381975
2023-08-03 20:00:00,7.019271
2023-08-03 21:00:00,7.5675087
2023-08-03 22:00:00,7.8763666
2023-08-03 23:00:00,8.063648
2023-08-04 00:00:00,8.358882
2023-08-04 01:00:00,8.570886
2023-08-04 02:00:00,8.560224
2023-08-04 03:00:00,8.453655
2023-08-04 04:00:00,8.223358
2023-08-04 05:00:00,8.189938
2023-08-04 06:00:00,8.139946
2023-08-04 07:00:00,7.450167
2023-08-04 08:00:00,7.7468557
2023-08-04 09:00:00,7.8798785
2023-08-04 10:00:00,7.625044
2023-08-04 11:00:00,7.0088215
2023-08-04 12:00:00,6.343699
2023-08-04 13:00:00,5.7777543
2023-08-04 14:00:00,5.604
2023-08-04 15:00:00,5.4944067
2023-08-04 16:00:00,5.6744175
2023-08-04 17:00:00,6.1285663
2023-08-04 18:00:00,6.7754927
2023-08-04 19:00:00,8.100833
2023-08-04 20:00:00,9.119306
2023-08-04 21:00:00,9.475402
2023-08-04 22:00:00,9.285275
2023-08-04 23:00:00,9.065788
2023-08-05 00:00:00,9.039065
2023-08-05 01:00:00,9.229713
2023-08-05 02:00:00,9.418438
2023-08-05 03:00:00,9.432143
2023-08-05 04:00:00,9.297446
2023-08-05 05:00:00,9.184053
2023-08-05 06:00:00,9.110526
2023-08-05 07:00:00,8.225595
2023-08-05 08:00:00,8.571141
2023-08-05 09:00:00,8.79111
2023-08-05 10:00:00,8.517571
2023-08-05 11:00:00,7.829316
2023-08-05 12:00:00,6.960766
2023-08-05 13:00:00,6.25518
2023-08-05 14:00:00,5.7994685
2023-08-05 15:00:00,5.5447307
2023-08-05 16:00:00,5.6384335
2023-08-05 17:00:00,5.991903
2023-08-05 18:00:00,6.3550377
2023-08-05 19:00:00,7.105858
2023-08-05 20:00:00,8.019238
2023-08-05 21:00:00,8.701348
2023-08-05 22:00:00,9.01742
2023-08-05 23:00:00,9.090007
2023-08-06 00:00:00,9.16036
2023-08-06 01:00:00,9.35283
2023-08-06 02:00:00,9.62619
2023-08-06 03:00:00,9.814425
2023-08-06 04:00:00,9.963422
2023-08-06 05:00:00,9.948183
2023-08-06 06:00:00,10.0002365
2023-08-06 07:00:00,10.55065
2023-08-06 08:00:00,11.001356
2023-08-06 09:00:00,10.727201
2023-08-06 10:00:00,10.161218
2023-08-06 11:00:00,9.334078
2023-08-06 12:00:00,8.276512
2023-08-06 13:00:00,7.3945737
2023-08-06 14:00:00,6.8736467
2023-08-06 15:00:00,6.7170396
2023-08-06 16:00:00,6.926448
2023-08-06 17:00:00,7.4711804
2023-08-06 18:00:00,7.3815646
2023-08-06 19:00:00,8.039746
2023-08-06 20:00:00,8.850291
2023-08-06 21:00:00,9.652064
2023-08-06 22:00:00,10.121026
2023-08-06 23:00:00,10.28636
2023-08-07 00:00:00,9.99423
2023-08-07 01:00:00,9.6811695
2023-08-07 02:00:00,9.551285
2023-08-07 03:00:00,9.491296
2023-08-07 04:00:00,9.5236025
2023-08-07 05:00:00,9.748043
2023-08-07 06:00:00,9.954279
2023-08-07 07:00:00,9.786481
2023-08-07 08:00:00,9.932291
2023-08-07 09:00:00,9.978682
2023-08-07 10:00:00,9.877844
2023-08-07 11:00:00,9.455262
2023-08-07 12:00:00,8.769471
2023-08-07 13:00:00,8.185812
2023-08-07 14:00:00,7.9467287
2023-08-07 15:00:00,7.8201203
2023-08-07 16:00:00,7.934156
2023-08-07 17:00:00,7.940272
2023-08-07 18:00:00,7.259548
2023-08-07 19:00:00,7.6179867
2023-08-07 20:00:00,8.168671
2023-08-07 21:00:00,8.365743
2023-08-07 22:00:00,8.310781
2023-08-07 23:00:00,8.379599
2023-08-08 00:00:00,8.649546
2023-08-08 01:00:00,8.927723
2023-08-08 02:00:00,9.021953
2023-08-08 03:00:00,9.161036
2023-08-08 04:00:00,9.280344
2023-08-08 05:00:00,9.285212
2023-08-08 06:00:00,9.161743
2023-08-08 07:00:00,9.058496
2023-08-08 08:00:00,9.278165
2023-08-08 09:00:00,9.467577
2023-08-08 10:00:00,8.891686
2023-08-08 11:00:00,8.287541
2023-08-08 12:00:00,7.676923
2023-08-08 13:00:00,7.1077027
2023-08-08 14:00:00,6.723308
2023-08-08 15:00:00,6.622428
2023-08-08 16:00:00,6.8942084
2023-08-08 17:00:00,7.281659
2023-08-08 18:00:00,7.082807
2023-08-08 19:00:00,8.147624
2023-08-08 20:00:00,8.830233
2023-08-08 21:00:00,9.23516
2023-08-08 22:00:00,9.347481
2023-08-08 23:00:00,9.312788
2023-08-09 00:00:00,9.25303
2023-08-09 01:00:00,9.158006
2023-08-09 02:00:00,9.12973
2023-08-09 03:00:00,9.117423
2023-08-09 04:00:00,9.104947
2023-08-09 05:00:00,9.326665
2023-08-09 06:00:00,9.55196
2023-08-09 07:00:00,9.646526
2023-08-09 08:00:00,10.442045
2023-08-09 09:00:00,10.520973
2023-08-09 10:00:00,10.259736
2023-08-09 11:00:00,9.967436
2023-08-09 12:00:00,9.51304
2023-08-09 13:00:00,9.132702
2023-08-09 14:00:00,8.846093
2023-08-09 15:00:00,8.680895
2023-08-09 16:00:00,8.896814
2023-08-09 17:00:00,8.739128
2023-08-09 18:00:00,8.1595745
2023-08-09 19:00:00,8.534499
2023-08-09 20:00:00,8.492327
2023-08-09 21:00:00,8.581151
2023-08-09 22:00:00,9.026987
2023-08-09 23:00:00,9.521005
2023-08-10 00:00:00,9.347589
2023-08-10 01:00:00,8.814329
2023-08-10 02:00:00,8.372133
2023-08-10 03:00:00,8.089122
2023-08-10 04:00:00,8.027498
2023-08-10 05:00:00,8.1707735
2023-08-10 06:00:00,8.104902
2023-08-10 07:00:00,8.029781
2023-08-10 08:00:00,8.342741
2023-08-10 09:00:00,8.690419
2023-08-10 10:00:00,8.780626
2023-08-10 11:00:00,8.1845455
2023-08-10 12:00:00,7.4666886
2023-08-10 13:00:00,6.960439
2023-08-10 14:00:00,6.8502026
2023-08-10 15:00:00,6.9079156
2023-08-10 16:00:00,7.270868
2023-08-10 17:00:00,7.7286673
2023-08-10 18:00:00,7.7130017
2023-08-10 19:00:00,8.824396
2023-08-10 20:00:00,9.415879
2023-08-10 21:00:00,9.325241
2023-08-10 22:00:00,9.246243
2023-08-10 23:00:00,9.734959
2023-08-11 00:00:00,9.867763
2023-08-11 01:00:00,9.670989
2023-08-11 02:00:00,9.3733835
2023-08-11 03:00:00,9.215335
2023-08-11 04:00:00,8.986802
2023-08-11 05:00:00,9.032598
2023-08-11 06:00:00,8.88262
2023-08-11 07:00:00,8.688484
2023-08-11 08:00:00,8.8165455
2023-08-11 09:00:00,8.7152605
2023-08-11 10:00:00,8.820211
2023-08-11 11:00:00,8.360509
2023-08-11 12:00:00,7.5831256
2023-08-11 13:00:00,6.9660616
2023-08-11 14:00:00,6.795317
2023-08-11 15:00:00,6.8487644
2023-08-11 16:00:00,7.1976867
2023-08-11 17:00:00,7.8340135
2023-08-11 18:00:00,8.166253
2023-08-11 19:00:00,9.029635
2023-08-11 20:00:00,9.389107
2023-08-11 21:00:00,8.867909
2023-08-11 22:00:00,8.407405
2023-08-11 23:00:00,8.643215
2023-08-12 00:00:00,9.07158
2023-08-12 01:00:00,9.330034
2023-08-12 02:00:00,9.235459
2023-08-12 03:00:00,9.058837
2023-08-12 04:00:00,8.723792
2023-08-12 05:00:00,8.370547
2023-08-12 06:00:00,8.237609
2023-08-12 07:00:00,8.364469
2023-08-12 08:00:00,8.479047
2023-08-12 09:00:00,8.474844
2023-08-12 10:00:00,8.23521
2023-08-12 11:00:00,7.774901
2023-08-12 12:00:00,7.266918
2023-08-12 13:00:00,6.9707556
2023-08-12 14:00:00,6.9608088
2023-08-12 15:00:00,7.0821404
2023-08-12 16:00:00,7.3479667
2023-08-12 17:00:00,7.7109523
2023-08-12 18:00:00,7.6164546
2023-08-12 19:00:00,7.9594665
2023-08-12 20:00:00,7.8177257
2023-08-12 21:00:00,7.655373
2023-08-12 22:00:00,8.016348
2023-08-12 23:00:00,8.485856
2023-08-13 00:00:00,8.644169
2023-08-13 01:00:00,8.68562
2023-08-13 02:00:00,8.618763
2023-08-13 03:00:00,8.380586
2023-08-13 04:00:00,8.177731
2023-08-13 05:00:00,8.215545
2023-08-13 06:00:00,8.508465
2023-08-13 07:00:00,8.843763
2023-08-13 08:00:00,9.152566
2023-08-13 09:00:00,9.227196
2023-08-13 10:00:00,8.936209
2023-08-13 11:00:00,8.379052
2023-08-13 12:00:00,7.873081
2023-08-13 13:00:00,7.5228796
2023-08-13 14:00:00,7.416916
2023-08-13 15:00:00,7.4838176
2023-08-13 16:00:00,7.701245
2023-08-13 17:00:00,7.8712206
2023-08-13 18:00:00,7.162946
2023-08-13 19:00:00,6.9752812
2023-08-13 20:00:00,7.5177035
2023-08-13 21:00:00,8.817555
2023-08-13 22:00:00,9.350718
2023-08-13 23:00:00,9.089948
2023-08-14 00:00:00,8.967565
2023-08-14 01:00:00,9.035804
2023-08-14 02:00:00,9.129031
2023-08-14 03:00:00,9.236665
2023-08-14 04:00:00,9.229007
2023-08-14 05:00:00,9.09941
2023-08-14 06:00:00,9.051925
2023-08-14 07:00:00,9.541323
2023-08-14 08:00:00,10.375293
2023-08-14 09:00:00,10.905405
2023-08-14 10:00:00,11.116804
2023-08-14 11:00:00,10.886506
2023-08-14 12:00:00,10.509033
2023-08-14 13:00:00,10.101203
2023-08-14 14:00:00,9.713497
2023-08-14 15:00:00,9.496983
2023-08-14 16:00:00,9.352848
2023-08-14 17:00:00,9.51846
2023-08-14 18:00:00,9.066163
2023-08-14 19:00:00,9.447096
2023-08-14 20:00:00,9.40514
2023-08-14 21:00:00,9.28838
2023-08-14 22:00:00,9.634135
2023-08-14 23:00:00,10.336217
2023-08-15 00:00:00,10.587542
2023-08-15 01:00:00,10.1997795
2023-08-15 02:00:00,9.746016
2023-08-15 03:00:00,9.530187
2023-08-15 04:00:00,9.275358
2023-08-15 05:00:00,8.964651
2023-08-15 06:00:00,8.730368
2023-08-15 07:00:00,10.075796
2023-08-15 08:00:00,10.658256
2023-08-15 09:00:00,11.080548
2023-08-15 10:00:00,10.959655
2023-08-15 11:00:00,10.547612
2023-08-15 12:00:00,9.862398
2023-08-15 13:00:00,9.142696
2023-08-15 14:00:00,8.983975
2023-08-15 15:00:00,8.833603
2023-08-15 16:00:00,8.937204
2023-08-15 17:00:00,9.263155
2023-08-15 18:00:00,8.682479
2023-08-15 19:00:00,8.548463
2023-08-15 20:00:00,9.056473
2023-08-15 21:00:00,9.464502
2023-08-15 22:00:00,9.72359
2023-08-15 23:00:00,9.945468
2023-08-16 00:00:00,10.056386
2023-08-16 01:00:00,10.025905
2023-08-16 02:00:00,9.974159
2023-08-16 03:00:00,9.953746
2023-08-16 04:00:00,9.759768
2023-08-16 05:00:00,9.503621
2023-08-16 06:00:00,9.296524
2023-08-16 07:00:00,10.38094
2023-08-16 08:00:00,11.128389
2023-08-16 09:00:00,11.191807
2023-08-16 10:00:00,10.791135
2023-08-16 11:00:00,10.078261
2023-08-16 12:00:00,9.718872
2023-08-16 13:00:00,9.349363
2023-08-16 14:00:00,9.058786
2023-08-16 15:00:00,8.874483
2023-08-16 16:00:00,8.995481
2023-08-16 17:00:00,9.192503
2023-08-16 18:00:00,9.01255
2023-08-16 19:00:00,9.783332
2023-08-16 20:00:00,10.351535
2023-08-16 21:00:00,10.144151
2023-08-16 22:00:00,10.24204
2023-08-16 23:00:00,10.547528
2023-08-17 00:00:00,10.601
2023-08-17 01:00:00,10.31611
2023-08-17 02:00:00,9.986468
2023-08-17 03:00:00,9.617058
2023-08-17 04:00:00,9.212892
2023-08-17 05:00:00,8.902751
2023-08-17 06:00:00,8.6486
2023-08-17 07:00:00,9.012432
2023-08-17 08:00:00,9.74862
2023-08-17 09:00:00,10.317622
2023-08-17 10:00:00,10.105702
2023-08-17 11:00:00,9.567573
2023-08-17 12:00:00,9.008221
2023-08-17 13:00:00,8.429585
2023-08-17 14:00:00,7.9550943
2023-08-17 15:00:00,7.7685337
2023-08-17 16:00:00,7.9057245
2023-08-17 17:00:00,8.270633
2023-08-17 18:00:00,8.373652
2023-08-17 19:00:00,8.525496
2023-08-17 20:00:00,8.296497
2023-08-17 21:00:00,8.330512
2023-08-17 22:00:00,8.785034
2023-08-17 23:00:00,9.091831
2023-08-18 00:00:00,8.911848
2023-08-18 01:00:00,8.449507
2023-08-18 02:00:00,8.075697
2023-08-18 03:00:00,7.8818426
2023-08-18 04:00:00,7.8221083
2023-08-18 05:00:00,7.9634366
2023-08-18 06:00:00,7.943908
2023-08-18 07:00:00,8.074983
2023-08-18 08:00:00,9.273135
2023-08-18 09:00:00,8.574241
2023-08-18 10:00:00,7.9664397
2023-08-18 11:00:00,7.3706627
2023-08-18 12:00:00,6.9589357
2023-08-18 13:00:00,6.468438
2023-08-18 14:00:00,6.4847565
2023-08-18 15:00:00,6.61385
2023-08-18 16:00:00,6.8608813
2023-08-18 17:00:00,7.0958204
2023-08-18 18:00:00,6.707321
2023-08-18 19:00:00,6.884481
2023-08-18 20:00:00,7.0216703
2023-08-18 21:00:00,7.752739
2023-08-18 22:00:00,8.863216
2023-08-18 23:00:00,9.487017
2023-08-19 00:00:00,9.292653
2023-08-19 01:00:00,9.142547
2023-08-19 02:00:00,9.476541
2023-08-19 03:00:00,9.654084
2023-08-19 04:00:00,9.610443
2023-08-19 05:00:00,9.398818
2023-08-19 06:00:00,9.108344
2023-08-19 07:00:00,9.516235
2023-08-19 08:00:00,9.426009
2023-08-19 09:00:00,8.877508
2023-08-19 10:00:00,8.119876
2023-08-19 11:00:00,7.1538296
2023-08-19 12:00:00,5.8329
2023-08-19 13:00:00,4.532151
2023-08-19 14:00:00,3.8045962
2023-08-19 15:00:00,3.715265
2023-08-19 16:00:00,3.923488
2023-08-19 17:00:00,4.456407
2023-08-19 18:00:00,5.3827734
2023-08-19 19:00:00,6.268206
2023-08-19 20:00:00,6.630281
2023-08-19 21:00:00,7.023075
2023-08-19 22:00:00,7.2014256
2023-08-19 23:00:00,7.490506
2023-08-20 00:00:00,8.009621
2023-08-20 01:00:00,8.789444
2023-08-20 02:00:00,9.247481
2023-08-20 03:00:00,9.43838
2023-08-20 04:00:00,9.305282
2023-08-20 05:00:00,8.973081
2023-08-20 06:00:00,8.679781
2023-08-20 07:00:00,8.30995
2023-08-20 08:00:00,8.580905
2023-08-20 09:00:00,8.375133
2023-08-20 10:00:00,7.822527
2023-08-20 11:00:00,7.078486
2023-08-20 12:00:00,6.2006574
2023-08-20 13:00:00,5.644068
2023-08-20 14:00:00,5.520653
2023-08-20 15:00:00,5.51217
2023-08-20 16:00:00,5.6023045
2023-08-20 17:00:00,5.729497
2023-08-20 18:00:00,5.378834
2023-08-20 19:00:00,5.6125526
2023-08-20 20:00:00,6.010297
2023-08-20 21:00:00,6.704931
2023-08-20 22:00:00,7.29948
2023-08-20 23:00:00,7.8630276
2023-08-21 00:00:00,8.236925
2023-08-21 01:00:00,8.282758
2023-08-21 02:00:00,7.988602
2023-08-21 03:00:00,7.6642203
2023-08-21 04:00:00,7.38943
2023-08-21 05:00:00,7.510495
2023-08-21 06:00:00,7.7262363
2023-08-21 07:00:00,7.187425
2023-08-21 08:00:00,7.5099316
2023-08-21 09:00:00,7.4770966
2023-08-21 10:00:00,7.061015
2023-08-21 11:00:00,6.3474174
2023-08-21 12:00:00,5.696231
2023-08-21 13:00:00,5.4191895
2023-08-21 14:00:00,5.5744596
2023-08-21 15:00:00,5.909111
2023-08-21 16:00:00,6.159164
2023-08-21 17:00:00,6.530004
2023-08-21 18:00:00,6.4274063
2023-08-21 19:00:00,7.142743
2023-08-21 20:00:00,7.895093
2023-08-21 21:00:00,8.376821
2023-08-21 22:00:00,8.587272
2023-08-21 23:00:00,8.774374
2023-08-22 00:00:00,8.73032
2023-08-22 01:00:00,8.733948
2023-08-22 02:00:00,8.799727
2023-08-22 03:00:00,9.116685
2023-08-22 04:00:00,9.2915945
2023-08-22 05:00:00,9.261464
2023-08-22 06:00:00,9.2592945
2023-08-22 07:00:00,8.395419
2023-08-22 08:00:00,8.346524
2023-08-22 09:00:00,8.197979
2023-08-22 10:00:00,7.7928066
2023-08-22 11:00:00,7.474954
2023-08-22 12:00:00,7.155477
2023-08-22 13:00:00,6.8765826
2023-08-22 14:00:00,6.829481
2023-08-22 15:00:00,6.8673263
2023-08-22 16:00:00,6.9925866
2023-08-22 17:00:00,7.0751777
2023-08-22 18:00:00,6.528822
2023-08-22 19:00:00,6.78677
2023-08-22 20:00:00,6.99764
2023-08-22 21:00:00,7.6344314
2023-08-22 22:00:00,8.545175
2023-08-22 23:00:00,8.918268
2023-08-23 00:00:00,8.764692
2023-08-23 01:00:00,8.625623
2023-08-23 02:00:00,8.487589
2023-08-23 03:00:00,8.368095
2023-08-23 04:00:00,8.331955
2023-08-23 05:00:00,8.30027
2023-08-23 06:00:00,8.293343
2023-08-23 07:00:00,8.045944
2023-08-23 08:00:00,7.95287
2023-08-23 09:00:00,7.778962
2023-08-23 10:00:00,7.72536
2023-08-23 11:00:00,7.574603
2023-08-23 12:00:00,7.3282375
2023-08-23 13:00:00,7.0115175
2023-08-23 14:00:00,6.6642394
2023-08-23 15:00:00,6.360616
2023-08-23 16:00:00,6.21097
2023-08-23 17:00:00,6.2573533
2023-08-23 18:00:00,5.8274884
2023-08-23 19:00:00,5.9532504
2023-08-23 20:00:00,6.369656
2023-08-23 21:00:00,7.159654
2023-08-23 22:00:00,7.871483
2023-08-23 23:00:00,8.23326
2023-08-24 00:00:00,8.199358
2023-08-24 01:00:00,8.183835
2023-08-24 02:00:00,8.259706
2023-08-24 03:00:00,8.326211
2023-08-24 04:00:00,8.366303
2023-08-24 05:00:00,8.439391
2023-08-24 06:00:00,8.470334
2023-08-24 07:00:00,7.996893
2023-08-24 08:00:00,8.12087
2023-08-24 09:00:00,8.075987
2023-08-24 10:00:00,7.560658
2023-08-24 11:00:00,6.7325954
2023-08-24 12:00:00,5.938138
2023-08-24 13:00:00,5.5264926
2023-08-24 14:00:00,5.5112715
2023-08-24 15:00:00,5.5891094
2023-08-24 16:00:00,5.7560716
2023-08-24 17:00:00,5.941216
2023-08-24 18:00:00,5.8304944
2023-08-24 19:00:00,6.3252053
2023-08-24 20:00:00,6.9856725
2023-08-24 21:00:00,7.4974546
2023-08-24 22:00:00,8.144505
2023-08-24 23:00:00,8.397746
2023-08-25 00:00:00,8.005944
2023-08-25 01:00:00,7.5317416
2023-08-25 02:00:00,7.3115506
2023-08-25 03:00:00,7.3835244
2023-08-25 04:00:00,7.540396
2023-08-25 05:00:00,7.668549
2023-08-25 06:00:00,7.7459173
2023-08-25 07:00:00,7.089009
2023-08-25 08:00:00,6.597838
2023-08-25 09:00:00,6.106265
2023-08-25 10:00:00,5.3133388
2023-08-25 11:00:00,4.156321
2023-08-25 12:00:00,3.4985893
2023-08-25 13:00:00,3.470017
2023-08-25 14:00:00,3.6417077
2023-08-25 15:00:00,3.874768
2023-08-25 16:00:00,4.142712
2023-08-25 17:00:00,4.612502
2023-08-25 18:00:00,5.4359627
2023-08-25 19:00:00,6.244481
2023-08-25 20:00:00,6.5713167
2023-08-25 21:00:00,6.9136367
2023-08-25 22:00:00,7.4782376
2023-08-25 23:00:00,8.038825
2023-08-26 00:00:00,7.978509
2023-08-26 01:00:00,7.7844424
2023-08-26 02:00:00,7.4549537
2023-08-26 03:00:00,7.3648024
2023-08-26 04:00:00,7.0484257
2023-08-26 05:00:00,6.5331364
2023-08-26 06:00:00,5.945455
2023-08-26 07:00:00,4.6066103
2023-08-26 08:00:00,4.1031466
2023-08-26 09:00:00,4.264872
2023-08-26 10:00:00,3.7501576
2023-08-26 11:00:00,3.4081054
2023-08-26 12:00:00,2.7163692
2023-08-26 13:00:00,1.9472069
2023-08-26 14:00:00,1.512459
2023-08-26 15:00:00,1.3261667
2023-08-26 16:00:00,1.4277858
2023-08-26 17:00:00,1.7648157
2023-08-26 18:00:00,2.4671624
2023-08-26 19:00:00,3.0261312
2023-08-26 20:00:00,3.1486845
2023-08-26 21:00:00,3.3424172
2023-08-26 22:00:00,3.560604
2023-08-26 23:00:00,3.8375592
2023-08-27 00:00:00,4.0970926
2023-08-27 01:00:00,5.5124035
2023-08-27 02:00:00,6.545313
2023-08-27 03:00:00,5.7946887
2023-08-27 04:00:00,4.7529683
2023-08-27 05:00:00,4.309101
2023-08-27 06:00:00,4.6093454
2023-08-27 07:00:00,4.584487
2023-08-27 08:00:00,4.5853148
2023-08-27 09:00:00,5.357805
2023-08-27 10:00:00,4.777711
2023-08-27 11:00:00,3.5147316
2023-08-27 12:00:00,2.8679707
2023-08-27 13:00:00,2.3880334
2023-08-27 14:00:00,2.2437944
2023-08-27 15:00:00,2.3043208
2023-08-27 16:00:00,2.5155098
2023-08-27 17:00:00,2.6819594
2023-08-27 18:00:00,3.041355
2023-08-27 19:00:00,2.9449062
2023-08-27 20:00:00,2.8431232
2023-08-27 21:00:00,3.0021167
2023-08-27 22:00:00,3.5234158
2023-08-27 23:00:00,4.437589
2023-08-28 00:00:00,5.5761127
2023-08-28 01:00:00,6.6697536
2023-08-28 02:00:00,6.706238
2023-08-28 03:00:00,6.7213397
2023-08-28 04:00:00,6.900942
2023-08-28 05:00:00,7.1192236
2023-08-28 06:00:00,7.0929084
2023-08-28 07:00:00,6.7248206
2023-08-28 08:00:00,7.297218
2023-08-28 09:00:00,7.073899
2023-08-28 10:00:00,5.8392267
2023-08-28 11:00:00,4.9817605
2023-08-28 12:00:00,4.451937
2023-08-28 13:00:00,3.9335663
2023-08-28 14:00:00,3.787786
2023-08-28 15:00:00,3.8311796
2023-08-28 16:00:00,3.9717019
2023-08-28 17:00:00,4.128006
2023-08-28 18:00:00,4.4080443
2023-08-28 19:00:00,4.670585
2023-08-28 20:00:00,4.962837
2023-08-28 21:00:00,5.457782
2023-08-28 22:00:00,5.9498625
2023-08-28 23:00:00,6.4786444
2023-08-29 00:00:00,6.629445
2023-08-29 01:00:00,6.7713346
2023-08-29 02:00:00,6.91689
2023-08-29 03:00:00,7.2529874
2023-08-29 04:00:00,7.653812
2023-08-29 05:00:00,7.791339
2023-08-29 06:00:00,7.4920545
2023-08-29 07:00:00,6.828966
2023-08-29 08:00:00,7.700241
2023-08-29 09:00:00,7.485516
2023-08-29 10:00:00,6.627964
2023-08-29 11:00:00,6.1050043
2023-08-29 12:00:00,5.8687735
2023-08-29 13:00:00,5.705269
2023-08-29 14:00:00,5.7456374
2023-08-29 15:00:00,5.7625785
2023-08-29 16:00:00,5.820144
2023-08-29 17:00:00,6.0585637
2023-08-29 18:00:00,5.6816792
2023-08-29 19:00:00,5.524654
2023-08-29 20:00:00,5.7782845
2023-08-29 21:00:00,6.220315
2023-08-29 22:00:00,6.7927055
2023-08-29 23:00:00,7.4835024
2023-08-30 00:00:00,8.196909
2023-08-30 01:00:00,8.757366
2023-08-30 02:00:00,8.709294
2023-08-30 03:00:00,8.398775
2023-08-30 04:00:00,8.021039
2023-08-30 05:00:00,7.7754445
2023-08-30 06:00:00,7.5952086
2023-08-30 07:00:00,7.147967
2023-08-30 08:00:00,7.055131
2023-08-30 09:00:00,6.8927217
2023-08-30 10:00:00,6.429176
2023-08-30 11:00:00,5.64422
2023-08-30 12:00:00,5.0733237
2023-08-30 13:00:00,4.712833
2023-08-30 14:00:00,4.617711
2023-08-30 15:00:00,4.6973834
2023-08-30 16:00:00,4.971725
2023-08-30 17:00:00,5.4400773
2023-08-30 18:00:00,6.0912466
2023-08-30 19:00:00,6.81788
2023-08-30 20:00:00,7.0393333
2023-08-30 21:00:00,7.2913475
2023-08-30 22:00:00,7.6741066
2023-08-30 23:00:00,8.26192
2023-08-31 00:00:00,8.741102
2023-08-31 01:00:00,8.623399
2023-08-31 02:00:00,8.350708
2023-08-31 03:00:00,8.255317
2023-08-31 04:00:00,8.231756
2023-08-31 05:00:00,8.068712
2023-08-31 06:00:00,7.807072
2023-08-31 07:00:00,6.8249884
2023-08-31 08:00:00,6.813936
2023-08-31 09:00:00,6.6604457
2023-08-31 10:00:00,5.980669
2023-08-31 11:00:00,4.6899304
2023-08-31 12:00:00,3.720958
2023-08-31 13:00:00,3.37207
2023-08-31 14:00:00,3.5185876
2023-08-31 15:00:00,3.8570204
2023-08-31 16:00:00,4.3473086
2023-08-31 17:00:00,4.839105
2023-08-31 18:00:00,5.1893106
2023-08-31 19:00:00,5.8754964
2023-08-31 20:00:00,6.40854
2023-08-31 21:00:00,6.781879
2023-08-31 22:00:00,7.35246
2023-08-31 23:00:00,7.8142223
2023-09-01 00:00:00,7.989744
2023-09-01 01:00:00,8.026254
2023-09-01 02:00:00,8.3812685
2023-09-01 03:00:00,8.69533
2023-09-01 04:00:00,8.7137
2023-09-01 05:00:00,8.618579
2023-09-01 06:00:00,8.600337
2023-09-01 07:00:00,8.392111
2023-09-01 08:00:00,8.033639
2023-09-01 09:00:00,7.6063247
2023-09-01 10:00:00,7.1356845
2023-09-01 11:00:00,6.6527843
2023-09-01 12:00:00,6.256847
2023-09-01 13:00:00,6.049236
2023-09-01 14:00:00,6.196274
2023-09-01 15:00:00,6.4897413
2023-09-01 16:00:00,6.7215133
2023-09-01 17:00:00,6.902447
2023-09-01 18:00:00,6.4639745
2023-09-01 19:00:00,6.560245
2023-09-01 20:00:00,7.1317034
2023-09-01 21:00:00,8.106762
2023-09-01 22:00:00,8.919296
2023-09-01 23:00:00,9.292931
2023-09-02 00:00:00,9.680735
2023-09-02 01:00:00,9.941836
2023-09-02 02:00:00,9.912085
2023-09-02 03:00:00,9.792727
2023-09-02 04:00:00,9.816623
2023-09-02 05:00:00,9.92254
2023-09-02 06:00:00,9.900245
2023-09-02 07:00:00,9.882731
2023-09-02 08:00:00,10.152968
2023-09-02 09:00:00,9.798182
2023-09-02 10:00:00,9.028923
2023-09-02 11:00:00,8.434796
2023-09-02 12:00:00,7.748675
2023-09-02 13:00:00,7.106321
2023-09-02 14:00:00,6.891011
2023-09-02 15:00:00,6.798929
2023-09-02 16:00:00,6.805972
2023-09-02 17:00:00,6.7306585
2023-09-02 18:00:00,5.751846
2023-09-02 19:00:00,5.779935
2023-09-02 20:00:00,5.4903216
2023-09-02 21:00:00,5.6454024
2023-09-02 22:00:00,6.5113425
2023-09-02 23:00:00,7.8998284
2023-09-03 00:00:00,8.375274
2023-09-03 01:00:00,8.762163
2023-09-03 02:00:00,9.298192
2023-09-03 03:00:00,9.747492
2023-09-03 04:00:00,9.855969
2023-09-03 05:00:00,9.808014
2023-09-03 06:00:00,9.9793215
2023-09-03 07:00:00,9.987115
2023-09-03 08:00:00,10.225464
2023-09-03 09:00:00,10.096176
2023-09-03 10:00:00,9.775187
2023-09-03 11:00:00,9.249708
2023-09-03 12:00:00,8.499118
2023-09-03 13:00:00,7.8960037
2023-09-03 14:00:00,7.5807934
2023-09-03 15:00:00,7.438337
2023-09-03 16:00:00,7.4494615
2023-09-03 17:00:00,7.4724746
2023-09-03 18:00:00,6.765525
2023-09-03 19:00:00,6.6844454
2023-09-03 20:00:00,7.13139
2023-09-03 21:00:00,7.8740764
2023-09-03 22:00:00,8.270798
2023-09-03 23:00:00,8.455949
2023-09-04 00:00:00,8.517164
2023-09-04 01:00:00,8.59802
2023-09-04 02:00:00,8.775619
2023-09-04 03:00:00,9.152336
2023-09-04 04:00:00,9.405866
2023-09-04 05:00:00,9.578874
2023-09-04 06:00:00,9.640843
2023-09-04 07:00:00,9.554771
2023-09-04 08:00:00,10.1213045
2023-09-04 09:00:00,10.074916
2023-09-04 10:00:00,9.698719
2023-09-04 11:00:00,9.140592
2023-09-04 12:00:00,8.636929
2023-09-04 13:00:00,8.232585
2023-09-04 14:00:00,8.055832
2023-09-04 15:00:00,7.9712963
2023-09-04 16:00:00,7.952677
2023-09-04 17:00:00,7.822346
2023-09-04 18:00:00,7.0244923
2023-09-04 19:00:00,6.6300955
2023-09-04 20:00:00,6.5638943
2023-09-04 21:00:00,6.861761
2023-09-04 22:00:00,7.453992
2023-09-04 23:00:00,8.184991
2023-09-05 00:00:00,8.818287
2023-09-05 01:00:00,9.264496
2023-09-05 02:00:00,9.543624
2023-09-05 03:00:00,9.4986515
2023-09-05 04:00:00,9.339317
2023-09-05 05:00:00,9.134082
2023-09-05 06:00:00,9.062553
2023-09-05 07:00:00,9.138969
2023-09-05 08:00:00,9.855583
2023-09-05 09:00:00,9.756105
2023-09-05 10:00:00,9.341468
2023-09-05 11:00:00,8.718766
2023-09-05 12:00:00,8.075308
2023-09-05 13:00:00,7.727879
2023-09-05 14:00:00,7.459099
2023-09-05 15:00:00,7.330598
2023-09-05 16:00:00,7.176121
2023-09-05 17:00:00,7.0002112
2023-09-05 18:00:00,6.278738
2023-09-05 19:00:00,5.9210734
2023-09-05 20:00:00,6.5875945
2023-09-05 21:00:00,7.1581006
2023-09-05 22:00:00,7.600105
2023-09-05 23:00:00,8.349086
2023-09-06 00:00:00,9.085991
2023-09-06 01:00:00,9.583334
2023-09-06 02:00:00,9.7174225
2023-09-06 03:00:00,9.546886
2023-09-06 04:00:00,9.502763
2023-09-06 05:00:00,9.181547
2023-09-06 06:00:00,9.194219
2023-09-06 07:00:00,9.940695
2023-09-06 08:00:00,9.866076
2023-09-06 09:00:00,9.632994
2023-09-06 10:00:00,9.557111
2023-09-06 11:00:00,9.488579
2023-09-06 12:00:00,9.055124
2023-09-06 13:00:00,8.58047
2023-09-06 14:00:00,8.398133
2023-09-06 15:00:00,8.308147
2023-09-06 16:00:00,8.335371
2023-09-06 17:00:00,8.387601
2023-09-06 18:00:00,7.604766
2023-09-06 19:00:00,8.013476
2023-09-06 20:00:00,8.940781
2023-09-06 21:00:00,10.2852955
2023-09-06 22:00:00,10.825077
2023-09-06 23:00:00,10.980757
2023-09-07 00:00:00,10.5317
2023-09-07 01:00:00,9.916455
2023-09-07 02:00:00,9.692222
2023-09-07 03:00:00,9.632392
2023-09-07 04:00:00,9.5166645
2023-09-07 05:00:00,9.4324665
2023-09-07 06:00:00,9.453171
2023-09-07 07:00:00,10.818075
2023-09-07 08:00:00,11.301322
2023-09-07 09:00:00,11.07114
2023-09-07 10:00:00,10.304464
2023-09-07 11:00:00,9.528217
2023-09-07 12:00:00,8.7642975
2023-09-07 13:00:00,7.8994226
2023-09-07 14:00:00,7.3493633
2023-09-07 15:00:00,7.2162104
2023-09-07 16:00:00,7.328348
2023-09-07 17:00:00,7.6513896
2023-09-07 18:00:00,7.4446726
2023-09-07 19:00:00,8.358054
2023-09-07 20:00:00,9.655575
2023-09-07 21:00:00,10.604797
2023-09-07 22:00:00,10.746798
2023-09-07 23:00:00,11.013786
2023-09-08 00:00:00,11.161935
2023-09-08 01:00:00,11.305857
2023-09-08 02:00:00,11.342996
2023-09-08 03:00:00,11.112027
2023-09-08 04:00:00,10.78027
2023-09-08 05:00:00,10.504278
2023-09-08 06:00:00,10.468274
2023-09-08 07:00:00,11.422655
2023-09-08 08:00:00,11.350226
2023-09-08 09:00:00,10.971092
2023-09-08 10:00:00,10.390545
2023-09-08 11:00:00,9.607703
2023-09-08 12:00:00,8.737528
2023-09-08 13:00:00,8.109644
2023-09-08 14:00:00,7.587911
2023-09-08 15:00:00,7.2936096
2023-09-08 16:00:00,7.2545877
2023-09-08 17:00:00,7.253586
2023-09-08 18:00:00,6.787707
2023-09-08 19:00:00,7.6883507
2023-09-08 20:00:00,9.333732
2023-09-08 21:00:00,9.773661
2023-09-08 22:00:00,9.503853
2023-09-08 23:00:00,10.067427
2023-09-09 00:00:00,10.746723
2023-09-09 01:00:00,10.935579
2023-09-09 02:00:00,10.875021
2023-09-09 03:00:00,10.620046
2023-09-09 04:00:00,10.525959
2023-09-09 05:00:00,10.484672
2023-09-09 06:00:00,10.137898
2023-09-09 07:00:00,10.306172
2023-09-09 08:00:00,10.3199
2023-09-09 09:00:00,10.2600975
2023-09-09 10:00:00,9.955155
2023-09-09 11:00:00,9.216544
2023-09-09 12:00:00,8.422284
2023-09-09 13:00:00,7.757379
2023-09-09 14:00:00,7.1725655
2023-09-09 15:00:00,6.8836565
2023-09-09 16:00:00,6.7212963
2023-09-09 17:00:00,6.9248414
2023-09-09 18:00:00,6.7618666
2023-09-09 19:00:00,7.1044335
2023-09-09 20:00:00,7.582603
2023-09-09 21:00:00,8.419639
2023-09-09 22:00:00,9.072062
2023-09-09 23:00:00,9.717605
2023-09-10 00:00:00,10.115706
2023-09-10 01:00:00,10.313763
2023-09-10 02:00:00,10.249514
2023-09-10 03:00:00,10.088512
2023-09-10 04:00:00,9.884054
2023-09-10 05:00:00,9.920938
2023-09-10 06:00:00,9.975559
2023-09-10 07:00:00,10.445585
2023-09-10 08:00:00,10.660305
2023-09-10 09:00:00,10.457328
2023-09-10 10:00:00,9.925509
2023-09-10 11:00:00,9.230474
2023-09-10 12:00:00,8.426424
2023-09-10 13:00:00,7.8036513
2023-09-10 14:00:00,7.401629
2023-09-10 15:00:00,7.3182955
2023-09-10 16:00:00,7.628503
2023-09-10 17:00:00,8.200531
2023-09-10 18:00:00,8.257413
2023-09-10 19:00:00,8.704536
2023-09-10 20:00:00,8.936506
2023-09-10 21:00:00,9.172559
2023-09-10 22:00:00,9.781125
2023-09-10 23:00:00,10.681993
2023-09-11 00:00:00,10.920084
2023-09-11 01:00:00,10.5760765
2023-09-11 02:00:00,10.11409
2023-09-11 03:00:00,9.933352
2023-09-11 04:00:00,9.983283
2023-09-11 05:00:00,9.903167
2023-09-11 06:00:00,9.768969
2023-09-11 07:00:00,10.449585
2023-09-11 08:00:00,10.901237
2023-09-11 09:00:00,11.215321
2023-09-11 10:00:00,10.735915
2023-09-11 11:00:00,10.00669
2023-09-11 12:00:00,9.101327
2023-09-11 13:00:00,8.827539
2023-09-11 14:00:00,8.6728735
2023-09-11 15:00:00,8.313052
2023-09-11 16:00:00,8.19885
2023-09-11 17:00:00,8.114613
2023-09-11 18:00:00,7.4529586
2023-09-11 19:00:00,7.982807
2023-09-11 20:00:00,8.661686
2023-09-11 21:00:00,9.094003
2023-09-11 22:00:00,9.319071
2023-09-11 23:00:00,9.939601
2023-09-12 00:00:00,10.3552475
2023-09-12 01:00:00,10.266752
2023-09-12 02:00:00,9.946702
2023-09-12 03:00:00,9.644499
2023-09-12 04:00:00,9.586825
2023-09-12 05:00:00,9.6651325
2023-09-12 06:00:00,9.761896
2023-09-12 07:00:00,9.675301
2023-09-12 08:00:00,9.65967
2023-09-12 09:00:00,9.815902
2023-09-12 10:00:00,9.684629
2023-09-12 11:00:00,9.29322
2023-09-12 12:00:00,8.686439
2023-09-12 13:00:00,8.123795
2023-09-12 14:00:00,7.7489676
2023-09-12 15:00:00,7.665417
2023-09-12 16:00:00,7.8621607
2023-09-12 17:00:00,8.109378
2023-09-12 18:00:00,7.7287426
2023-09-12 19:00:00,8.673322
2023-09-12 20:00:00,9.216539
2023-09-12 21:00:00,9.161404
2023-09-12 22:00:00,9.20014
2023-09-12 23:00:00,9.763765
2023-09-13 00:00:00,10.044037
2023-09-13 01:00:00,10.12995
2023-09-13 02:00:00,10.060276
2023-09-13 03:00:00,9.948174
2023-09-13 04:00:00,10.149479
2023-09-13 05:00:00,10.004309
2023-09-13 06:00:00,10.133351
2023-09-13 07:00:00,10.301334
2023-09-13 08:00:00,10.43503
2023-09-13 09:00:00,10.104008
2023-09-13 10:00:00,9.536701
2023-09-13 11:00:00,8.985013
2023-09-13 12:00:00,8.417579
2023-09-13 13:00:00,7.7720175
2023-09-13 14:00:00,7.396172
2023-09-13 15:00:00,7.2492094
2023-09-13 16:00:00,7.363361
2023-09-13 17:00:00,7.5332036
2023-09-13 18:00:00,7.2572846
2023-09-13 19:00:00,7.6906424
2023-09-13 20:00:00,8.600755
2023-09-13 21:00:00,9.215166
2023-09-13 22:00:00,9.25308
2023-09-13 23:00:00,9.277762
2023-09-14 00:00:00,9.416563
2023-09-14 01:00:00,9.746529
2023-09-14 02:00:00,9.772116
2023-09-14 03:00:00,9.530979
2023-09-14 04:00:00,9.225445
2023-09-14 05:00:00,8.881227
2023-09-14 06:00:00,8.509842
2023-09-14 07:00:00,8.187898
2023-09-14 08:00:00,8.2936945
2023-09-14 09:00:00,8.120261
2023-09-14 10:00:00,7.862052
2023-09-14 11:00:00,7.4742002
2023-09-14 12:00:00,7.0639215
2023-09-14 13:00:00,6.698734
2023-09-14 14:00:00,6.437526
2023-09-14 15:00:00,6.3349338
2023-09-14 16:00:00,6.5398664
2023-09-14 17:00:00,6.4981647
2023-09-14 18:00:00,6.025906
2023-09-14 19:00:00,6.6321964
2023-09-14 20:00:00,7.2054734
2023-09-14 21:00:00,7.6878257
2023-09-14 22:00:00,8.02408
2023-09-14 23:00:00,7.9369516
2023-09-15 00:00:00,7.649553
2023-09-15 01:00:00,7.385943
2023-09-15 02:00:00,7.0629206
2023-09-15 03:00:00,6.7493405
2023-09-15 04:00:00,6.8478928
2023-09-15 05:00:00,7.187066
2023-09-15 06:00:00,7.5539966
2023-09-15 07:00:00,7.2639937
2023-09-15 08:00:00,6.9752297
2023-09-15 09:00:00,6.696104
2023-09-15 10:00:00,6.452271
2023-09-15 11:00:00,6.27139
2023-09-15 12:00:00,6.2569256
2023-09-15 13:00:00,6.4949865
2023-09-15 14:00:00,6.798541
2023-09-15 15:00:00,7.023637
2023-09-15 16:00:00,7.261332
2023-09-15 17:00:00,7.397452
2023-09-15 18:00:00,7.0846925
2023-09-15 19:00:00,7.5467386
2023-09-15 20:00:00,8.552884
2023-09-15 21:00:00,9.439481
2023-09-15 22:00:00,9.836835
2023-09-15 23:00:00,10.058807
2023-09-16 00:00:00,10.064339
2023-09-16 01:00:00,10.080571
2023-09-16 02:00:00,10.27453
2023-09-16 03:00:00,10.391063
2023-09-16 04:00:00,10.483462
2023-09-16 05:00:00,10.659861
2023-09-16 06:00:00,10.372848
2023-09-16 07:00:00,10.566619
2023-09-16 08:00:00,10.691953
2023-09-16 09:00:00,10.553232
2023-09-16 10:00:00,10.218468
2023-09-16 11:00:00,9.641257
2023-09-16 12:00:00,9.087573
2023-09-16 13:00:00,8.619876
2023-09-16 14:00:00,8.330864
2023-09-16 15:00:00,8.149435
2023-09-16 16:00:00,8.166111
2023-09-16 17:00:00,8.302763
2023-09-16 18:00:00,7.7492685
2023-09-16 19:00:00,8.330825
2023-09-16 20:00:00,8.94138
2023-09-16 21:00:00,9.556744
2023-09-16 22:00:00,9.6739645
2023-09-16 23:00:00,9.921401
2023-09-17 00:00:00,10.27199
2023-09-17 01:00:00,10.648756
2023-09-17 02:00:00,10.633112
2023-09-17 03:00:00,10.425905
2023-09-17 04:00:00,10.157549
2023-09-17 05:00:00,9.774933
2023-09-17 06:00:00,9.13118
2023-09-17 07:00:00,9.4290495
2023-09-17 08:00:00,10.827292
2023-09-17 09:00:00,10.243302
2023-09-17 10:00:00,9.670708
2023-09-17 11:00:00,9.152267
2023-09-17 12:00:00,8.712115
2023-09-17 13:00:00,8.372164
2023-09-17 14:00:00,8.348165
2023-09-17 15:00:00,8.50106
2023-09-17 16:00:00,8.873999
2023-09-17 17:00:00,9.15835
2023-09-17 18:00:00,8.584417
2023-09-17 19:00:00,9.09005
2023-09-17 20:00:00,9.489764
2023-09-17 21:00:00,9.418596
2023-09-17 22:00:00,9.349751
2023-09-17 23:00:00,9.97429
2023-09-18 00:00:00,10.585247
2023-09-18 01:00:00,10.734561
2023-09-18 02:00:00,10.526558
2023-09-18 03:00:00,9.866149
2023-09-18 04:00:00,9.112981
2023-09-18 05:00:00,9.0252695
2023-09-18 06:00:00,8.630304
2023-09-18 07:00:00,8.835206
2023-09-18 08:00:00,9.820525
2023-09-18 09:00:00,10.077813
2023-09-18 10:00:00,9.926384
2023-09-18 11:00:00,9.792903
2023-09-18 12:00:00,9.470496
2023-09-18 13:00:00,9.163591
2023-09-18 14:00:00,9.287931
2023-09-18 15:00:00,9.446836
2023-09-18 16:00:00,9.457223
2023-09-18 17:00:00,9.269942
2023-09-18 18:00:00,7.9416776
2023-09-18 19:00:00,8.068727
2023-09-18 20:00:00,8.812811
2023-09-18 21:00:00,9.783884
2023-09-18 22:00:00,9.874677
2023-09-18 23:00:00,9.842247
2023-09-19 00:00:00,10.040994
2023-09-19 01:00:00,10.098987
2023-09-19 02:00:00,9.803758
2023-09-19 03:00:00,9.44287
2023-09-19 04:00:00,9.141465
2023-09-19 05:00:00,9.127459
2023-09-19 06:00:00,8.743613
2023-09-19 07:00:00,8.905598
2023-09-19 08:00:00,9.112833
2023-09-19 09:00:00,9.777795
2023-09-19 10:00:00,9.782407
2023-09-19 11:00:00,9.223022
2023-09-19 12:00:00,8.854417
2023-09-19 13:00:00,8.862128
2023-09-19 14:00:00,9.3385315
2023-09-19 15:00:00,9.978624
2023-09-19 16:00:00,10.637153
2023-09-19 17:00:00,10.480356
2023-09-19 18:00:00,9.083552
2023-09-19 19:00:00,7.957568
2023-09-19 20:00:00,7.632211
2023-09-19 21:00:00,7.809876
2023-09-19 22:00:00,7.9335804
2023-09-19 23:00:00,8.053561
2023-09-20 00:00:00,8.145695
2023-09-20 01:00:00,8.364498
2023-09-20 02:00:00,8.450339
2023-09-20 03:00:00,8.474654
2023-09-20 04:00:00,8.212463
2023-09-20 05:00:00,7.9437337
2023-09-20 06:00:00,8.286533
2023-09-20 07:00:00,9.179083
2023-09-20 08:00:00,9.972433
2023-09-20 09:00:00,9.997942
2023-09-20 10:00:00,9.116846
2023-09-20 11:00:00,8.295995
2023-09-20 12:00:00,7.85352
2023-09-20 13:00:00,7.910286
2023-09-20 14:00:00,8.165826
2023-09-20 15:00:00,8.275728
2023-09-20 16:00:00,8.385553
2023-09-20 17:00:00,8.773164
2023-09-20 18:00:00,8.374276
2023-09-20 19:00:00,8.499887
2023-09-20 20:00:00,9.082071
2023-09-20 21:00:00,9.777184
2023-09-20 22:00:00,9.7550535
2023-09-20 23:00:00,9.461397
2023-09-21 00:00:00,9.168001
2023-09-21 01:00:00,9.250001
2023-09-21 02:00:00,9.413573
2023-09-21 03:00:00,9.268159
2023-09-21 04:00:00,9.044147
2023-09-21 05:00:00,8.8792715
2023-09-21 06:00:00,8.534068
2023-09-21 07:00:00,9.568881
2023-09-21 08:00:00,9.860232
2023-09-21 09:00:00,9.73995
2023-09-21 10:00:00,9.312457
2023-09-21 11:00:00,8.63286
2023-09-21 12:00:00,8.174781
2023-09-21 13:00:00,7.774978
2023-09-21 14:00:00,7.5811276
2023-09-21 15:00:00,7.596145
2023-09-21 16:00:00,7.839303
2023-09-21 17:00:00,8.294186
2023-09-21 18:00:00,8.361547
2023-09-21 19:00:00,8.721899
2023-09-21 20:00:00,8.857207
2023-09-21 21:00:00,8.943713
2023-09-21 22:00:00,9.299701
2023-09-21 23:00:00,9.949645
2023-09-22 00:00:00,10.423193
2023-09-22 01:00:00,10.457425
2023-09-22 02:00:00,10.362889
2023-09-22 03:00:00,10.263442
2023-09-22 04:00:00,9.75829
2023-09-22 05:00:00,10.04577
2023-09-22 06:00:00,9.584543
2023-09-22 07:00:00,10.155745
2023-09-22 08:00:00,10.232703
2023-09-22 09:00:00,9.411241
2023-09-22 10:00:00,8.335542
2023-09-22 11:00:00,7.405879
2023-09-22 12:00:00,6.6413965
2023-09-22 13:00:00,6.1135664
2023-09-22 14:00:00,5.7382402
2023-09-22 15:00:00,5.663301
2023-09-22 16:00:00,5.8005776
2023-09-22 17:00:00,6.0753093
2023-09-22 18:00:00,6.0922756
2023-09-22 19:00:00,6.779739
2023-09-22 20:00:00,7.5151353
2023-09-22 21:00:00,8.302074
2023-09-22 22:00:00,8.569385
2023-09-22 23:00:00,8.648473
2023-09-23 00:00:00,8.746416
2023-09-23 01:00:00,8.86359
2023-09-23 02:00:00,8.843951
2023-09-23 03:00:00,8.704985
2023-09-23 04:00:00,8.587159
2023-09-23 05:00:00,8.6759405
2023-09-23 06:00:00,8.602754
2023-09-23 07:00:00,9.036621
2023-09-23 08:00:00,8.893236
2023-09-23 09:00:00,8.340212
2023-09-23 10:00:00,7.575324
2023-09-23 11:00:00,6.4747324
2023-09-23 12:00:00,5.260295
2023-09-23 13:00:00,4.450237
2023-09-23 14:00:00,4.1342144
2023-09-23 15:00:00,4.1031566
2023-09-23 16:00:00,4.3401136
2023-09-23 17:00:00,4.776234
2023-09-23 18:00:00,5.539236
2023-09-23 19:00:00,6.695946
2023-09-23 20:00:00,7.2594004
2023-09-23 21:00:00,7.551934
2023-09-23 22:00:00,7.7292247
2023-09-23 23:00:00,7.7367616
2023-09-24 00:00:00,7.931574
2023-09-24 01:00:00,8.372573
2023-09-24 02:00:00,9.225777
2023-09-24 03:00:00,9.562152
2023-09-24 04:00:00,9.488305
2023-09-24 05:00:00,9.376288
2023-09-24 06:00:00,9.366515
2023-09-24 07:00:00,8.77348
2023-09-24 08:00:00,8.553214
2023-09-24 09:00:00,8.107283
2023-09-24 10:00:00,7.277976
2023-09-24 11:00:00,6.1504483
2023-09-24 12:00:00,5.196713
2023-09-24 13:00:00,4.437957
2023-09-24 14:00:00,3.9869418
2023-09-24 15:00:00,3.964401
2023-09-24 16:00:00,4.1520634
2023-09-24 17:00:00,4.5746703
2023-09-24 18:00:00,5.3178487
2023-09-24 19:00:00,6.3903475
2023-09-24 20:00:00,6.832608
2023-09-24 21:00:00,7.220646
2023-09-24 22:00:00,7.669766
2023-09-24 23:00:00,8.001462
2023-09-25 00:00:00,8.071524
2023-09-25 01:00:00,7.8623114
2023-09-25 02:00:00,7.8982983
2023-09-25 03:00:00,8.2338085
2023-09-25 04:00:00,8.241567
2023-09-25 05:00:00,8.255958
2023-09-25 06:00:00,8.303467
2023-09-25 07:00:00,7.61508
2023-09-25 08:00:00,7.3647857
2023-09-25 09:00:00,6.625022
2023-09-25 10:00:00,5.886888
2023-09-25 11:00:00,5.015453
2023-09-25 12:00:00,4.0204916
2023-09-25 13:00:00,3.6203427
2023-09-25 14:00:00,4.239451
2023-09-25 15:00:00,4.845919
2023-09-25 16:00:00,5.153215
2023-09-25 17:00:00,4.983484
2023-09-25 18:00:00,4.1290092
2023-09-25 19:00:00,4.2925053
2023-09-25 20:00:00,4.601784
2023-09-25 21:00:00,5.203313
2023-09-25 22:00:00,5.8316216
2023-09-25 23:00:00,6.6695747
2023-09-26 00:00:00,7.554966
2023-09-26 01:00:00,7.8853455
2023-09-26 02:00:00,7.898897
2023-09-26 03:00:00,7.81984
2023-09-26 04:00:00,8.1562605
2023-09-26 05:00:00,8.33124
2023-09-26 06:00:00,8.392534
2023-09-26 07:00:00,7.8173976
2023-09-26 08:00:00,7.4779615
2023-09-26 09:00:00,6.732101
2023-09-26 10:00:00,5.6923866
2023-09-26 11:00:00,4.062871
2023-09-26 12:00:00,3.0418317
2023-09-26 13:00:00,2.8746862
2023-09-26 14:00:00,2.8780515
2023-09-26 15:00:00,2.9293835
2023-09-26 16:00:00,3.236427
2023-09-26 17:00:00,3.4704382
2023-09-26 18:00:00,4.3923593
2023-09-26 19:00:00,4.412537
2023-09-26 20:00:00,5.124546
2023-09-26 21:00:00,5.913118
2023-09-26 22:00:00,6.6594734
2023-09-26 23:00:00,7.1562786
2023-09-27 00:00:00,7.153195
2023-09-27 01:00:00,6.8388033
2023-09-27 02:00:00,7.032538
2023-09-27 03:00:00,7.081744
2023-09-27 04:00:00,6.6194863
2023-09-27 05:00:00,6.366796
2023-09-27 06:00:00,6.111662
2023-09-27 07:00:00,5.956236
2023-09-27 08:00:00,5.8664746
2023-09-27 09:00:00,5.1006365
2023-09-27 10:00:00,4.0583887
2023-09-27 11:00:00,3.3579879
2023-09-27 12:00:00,2.4387178
2023-09-27 13:00:00,2.0064757
2023-09-27 14:00:00,1.8010967
2023-09-27 15:00:00,1.8572528
2023-09-27 16:00:00,2.2277899
2023-09-27 17:00:00,2.6716003
2023-09-27 18:00:00,3.4334319
2023-09-27 19:00:00,4.785504
2023-09-27 20:00:00,5.346676
2023-09-27 21:00:00,5.38053
2023-09-27 22:00:00,4.9314036
2023-09-27 23:00:00,4.6458735
2023-09-28 00:00:00,4.8520155
2023-09-28 01:00:00,5.946435
2023-09-28 02:00:00,7.13957
2023-09-28 03:00:00,6.9414463
2023-09-28 04:00:00,6.401288
2023-09-28 05:00:00,6.0194125
2023-09-28 06:00:00,5.5554214
2023-09-28 07:00:00,5.413169
2023-09-28 08:00:00,5.4702954
2023-09-28 09:00:00,4.7433133
2023-09-28 10:00:00,3.3499513
2023-09-28 11:00:00,2.3262522
2023-09-28 12:00:00,1.9179803
2023-09-28 13:00:00,1.7234313
2023-09-28 14:00:00,2.0933957
2023-09-28 15:00:00,2.5030916
2023-09-28 16:00:00,3.0680897
2023-09-28 17:00:00,3.3542051
2023-09-28 18:00:00,3.5158205
2023-09-28 19:00:00,3.1986184
2023-09-28 20:00:00,3.6654143
2023-09-28 21:00:00,4.047155
2023-09-28 22:00:00,4.589329
2023-09-28 23:00:00,5.4999127
2023-09-29 00:00:00,6.2881813
2023-09-29 01:00:00,6.1698136
2023-09-29 02:00:00,5.6328306
2023-09-29 03:00:00,5.5264587
2023-09-29 04:00:00,5.976511
2023-09-29 05:00:00,6.6876416
2023-09-29 06:00:00,6.960581
2023-09-29 07:00:00,6.2867427
2023-09-29 08:00:00,6.362206
2023-09-29 09:00:00,6.0421066
2023-09-29 10:00:00,5.5332694
2023-09-29 11:00:00,5.337016
2023-09-29 12:00:00,5.431832
2023-09-29 13:00:00,5.7955303
2023-09-29 14:00:00,6.085348
2023-09-29 15:00:00,6.17175
2023-09-29 16:00:00,6.4346175
2023-09-29 17:00:00,6.9025655
2023-09-29 18:00:00,7.28517
2023-09-29 19:00:00,8.370201
2023-09-29 20:00:00,9.518635
2023-09-29 21:00:00,10.066882
2023-09-29 22:00:00,10.347944
2023-09-29 23:00:00,11.231259
2023-09-30 00:00:00,12.310574
2023-09-30 01:00:00,12.469097
2023-09-30 02:00:00,12.050404
2023-09-30 03:00:00,11.152797
2023-09-30 04:00:00,10.842258
2023-09-30 05:00:00,10.767808
2023-09-30 06:00:00,10.836867
2023-09-30 07:00:00,11.116875
2023-09-30 08:00:00,10.875187
2023-09-30 09:00:00,10.364861
2023-09-30 10:00:00,9.7259865
2023-09-30 11:00:00,9.024133
2023-09-30 12:00:00,8.304344
2023-09-30 13:00:00,7.7424297
2023-09-30 14:00:00,7.2555056
2023-09-30 15:00:00,6.918962
2023-09-30 16:00:00,7.0836225
2023-09-30 17:00:00,7.4884953
2023-09-30 18:00:00,7.4076533
2023-09-30 19:00:00,7.955745
2023-09-30 20:00:00,8.859175
2023-09-30 21:00:00,9.58216
2023-09-30 22:00:00,9.694421
2023-09-30 23:00:00,9.533874
2023-10-01 00:00:00,9.425217
2023-10-01 01:00:00,9.495675
2023-10-01 02:00:00,9.532922
2023-10-01 03:00:00,9.511278
2023-10-01 04:00:00,9.359723
2023-10-01 05:00:00,9.136257
2023-10-01 06:00:00,8.777876
2023-10-01 07:00:00,9.303319
2023-10-01 08:00:00,9.541324
2023-10-01 09:00:00,9.560781
2023-10-01 10:00:00,9.089318
2023-10-01 11:00:00,8.16358
2023-10-01 12:00:00,7.010453
2023-10-01 13:00:00,5.9124475
2023-10-01 14:00:00,5.1033382
2023-10-01 15:00:00,4.683121
2023-10-01 16:00:00,4.483605
2023-10-01 17:00:00,4.5820265
2023-10-01 18:00:00,5.153808
2023-10-01 19:00:00,5.807687
2023-10-01 20:00:00,6.289443
2023-10-01 21:00:00,6.8600025
2023-10-01 22:00:00,7.4518933
2023-10-01 23:00:00,8.136457
2023-10-02 00:00:00,8.564935
2023-10-02 01:00:00,9.096212
2023-10-02 02:00:00,9.335872
2023-10-02 03:00:00,9.199771
2023-10-02 04:00:00,9.095068
2023-10-02 05:00:00,9.406376
2023-10-02 06:00:00,9.53725
2023-10-02 07:00:00,9.639674
2023-10-02 08:00:00,9.466736
2023-10-02 09:00:00,8.9812565
2023-10-02 10:00:00,8.0780525
2023-10-02 11:00:00,6.629623
2023-10-02 12:00:00,4.86667
2023-10-02 13:00:00,3.5883615
2023-10-02 14:00:00,3.2903697
2023-10-02 15:00:00,3.584577
2023-10-02 16:00:00,4.0205054
2023-10-02 17:00:00,4.473577
2023-10-02 18:00:00,5.243646
2023-10-02 19:00:00,6.5906024
2023-10-02 20:00:00,7.208845
2023-10-02 21:00:00,7.6791716
2023-10-02 22:00:00,7.914947
2023-10-02 23:00:00,7.841445
2023-10-03 00:00:00,7.3678393
2023-10-03 01:00:00,7.289582
2023-10-03 02:00:00,7.7860613
2023-10-03 03:00:00,8.080917
2023-10-03 04:00:00,8.9003315
2023-10-03 05:00:00,8.925949
2023-10-03 06:00:00,8.567985
2023-10-03 07:00:00,8.122759
2023-10-03 08:00:00,8.211035
2023-10-03 09:00:00,7.3183384
2023-10-03 10:00:00,6.4192853
2023-10-03 11:00:00,5.834516
2023-10-03 12:00:00,5.2127457
2023-10-03 13:00:00,4.903949
2023-10-03 14:00:00,4.8475084
2023-10-03 15:00:00,4.9270253
2023-10-03 16:00:00,5.2032714
2023-10-03 17:00:00,5.597294
2023-10-03 18:00:00,5.715112
2023-10-03 19:00:00,6.2542453
2023-10-03 20:00:00,6.6134586
2023-10-03 21:00:00,7.1206174
2023-10-03 22:00:00,7.5958796
2023-10-03 23:00:00,7.8681345
2023-10-04 00:00:00,7.6235375
2023-10-04 01:00:00,7.6179223
2023-10-04 02:00:00,8.112391
2023-10-04 03:00:00,9.078348
2023-10-04 04:00:00,9.61073
2023-10-04 05:00:00,9.579664
2023-10-04 06:00:00,9.218727
2023-10-04 07:00:00,8.946574
2023-10-04 08:00:00,8.727277
2023-10-04 09:00:00,7.8652797
2023-10-04 10:00:00,7.003518
2023-10-04 11:00:00,6.4437084
2023-10-04 12:00:00,6.024852
2023-10-04 13:00:00,5.8488984
2023-10-04 14:00:00,5.8311973
2023-10-04 15:00:00,5.816182
2023-10-04 16:00:00,5.777722
2023-10-04 17:00:00,5.828834
2023-10-04 18:00:00,5.947973
2023-10-04 19:00:00,6.660076
2023-10-04 20:00:00,7.318445
2023-10-04 21:00:00,7.886305
2023-10-04 22:00:00,8.010464
2023-10-04 23:00:00,7.998148
2023-10-05 00:00:00,8.161785
2023-10-05 01:00:00,8.644821
2023-10-05 02:00:00,9.323862
2023-10-05 03:00:00,9.747684
2023-10-05 04:00:00,9.704607
2023-10-05 05:00:00,9.321859
2023-10-05 06:00:00,8.776284
2023-10-05 07:00:00,8.934264
2023-10-05 08:00:00,8.776827
2023-10-05 09:00:00,8.421323
2023-10-05 10:00:00,7.7397428
2023-10-05 11:00:00,7.0246572
2023-10-05 12:00:00,6.5261474
2023-10-05 13:00:00,6.0816183
2023-10-05 14:00:00,5.956212
2023-10-05 15:00:00,5.9482493
2023-10-05 16:00:00,6.169858
2023-10-05 17:00:00,6.5158715
2023-10-05 18:00:00,6.311327
2023-10-05 19:00:00,7.03508
2023-10-05 20:00:00,7.220179
2023-10-05 21:00:00,7.7119756
2023-10-05 22:00:00,7.845094
2023-10-05 23:00:00,7.81724
2023-10-06 00:00:00,8.121282
2023-10-06 01:00:00,8.832531
2023-10-06 02:00:00,9.852128
2023-10-06 03:00:00,10.178711
2023-10-06 04:00:00,9.815783
2023-10-06 05:00:00,9.56048
2023-10-06 06:00:00,9.21618
2023-10-06 07:00:00,9.459465
2023-10-06 08:00:00,9.280584
2023-10-06 09:00:00,8.786982
2023-10-06 10:00:00,8.168391
2023-10-06 11:00:00,7.516208
2023-10-06 12:00:00,6.8656898
2023-10-06 13:00:00,6.243604
2023-10-06 14:00:00,5.883226
2023-10-06 15:00:00,6.045096
2023-10-06 16:00:00,6.42633
2023-10-06 17:00:00,6.922661
2023-10-06 18:00:00,6.7983766
2023-10-06 19:00:00,6.7413197
2023-10-06 20:00:00,7.144039
2023-10-06 21:00:00,7.488184
2023-10-06 22:00:00,8.004997
2023-10-06 23:00:00,8.251292
2023-10-07 00:00:00,8.811855
2023-10-07 01:00:00,9.58045
2023-10-07 02:00:00,9.930061
2023-10-07 03:00:00,9.801537
2023-10-07 04:00:00,9.776675
2023-10-07 05:00:00,9.721826
2023-10-07 06:00:00,9.611363
2023-10-07 07:00:00,9.610493
2023-10-07 08:00:00,9.343983
2023-10-07 09:00:00,8.8916235
2023-10-07 10:00:00,8.227739
2023-10-07 11:00:00,7.25823
2023-10-07 12:00:00,6.0474014
2023-10-07 13:00:00,5.080687
2023-10-07 14:00:00,4.680911
2023-10-07 15:00:00,4.6816616
2023-10-07 16:00:00,5.014946
2023-10-07 17:00:00,5.385112
2023-10-07 18:00:00,5.7659125
2023-10-07 19:00:00,6.311276
2023-10-07 20:00:00,7.057439
2023-10-07 21:00:00,8.190285
2023-10-07 22:00:00,9.31824
2023-10-07 23:00:00,9.631091
2023-10-08 00:00:00,9.772395
2023-10-08 01:00:00,10.069941
2023-10-08 02:00:00,9.872716
2023-10-08 03:00:00,9.40868
2023-10-08 04:00:00,8.945929
2023-10-08 05:00:00,8.430926
2023-10-08 06:00:00,8.262374
2023-10-08 07:00:00,8.012292
2023-10-08 08:00:00,8.074134
2023-10-08 09:00:00,7.822253
2023-10-08 10:00:00,7.3817987
2023-10-08 11:00:00,6.842381
2023-10-08 12:00:00,6.380197
2023-10-08 13:00:00,6.528328
2023-10-08 14:00:00,6.741886
2023-10-08 15:00:00,6.885346
2023-10-08 16:00:00,6.916679
2023-10-08 17:00:00,6.8889217
2023-10-08 18:00:00,6.1433067
2023-10-08 19:00:00,6.7334285
2023-10-08 20:00:00,7.587317
2023-10-08 21:00:00,8.473061
2023-10-08 22:00:00,8.801511
2023-10-08 23:00:00,8.620858
2023-10-09 00:00:00,8.396291
2023-10-09 01:00:00,8.283911
2023-10-09 02:00:00,8.5400095
2023-10-09 03:00:00,8.8183155
2023-10-09 04:00:00,8.980318
2023-10-09 05:00:00,8.97528
2023-10-09 06:00:00,8.737946
2023-10-09 07:00:00,8.776037
2023-10-09 08:00:00,8.847023
2023-10-09 09:00:00,8.79425
2023-10-09 10:00:00,8.25548
2023-10-09 11:00:00,7.5061307
2023-10-09 12:00:00,6.914051
2023-10-09 13:00:00,6.5389156
2023-10-09 14:00:00,6.2504783
2023-10-09 15:00:00,6.0547066
2023-10-09 16:00:00,5.9851756
2023-10-09 17:00:00,5.954161
2023-10-09 18:00:00,5.7547574
2023-10-09 19:00:00,5.691991
2023-10-09 20:00:00,5.80204
2023-10-09 21:00:00,5.972892
2023-10-09 22:00:00,6.359449
2023-10-09 23:00:00,7.1185236
2023-10-10 00:00:00,7.8399205
2023-10-10 01:00:00,8.128559
2023-10-10 02:00:00,8.310378
2023-10-10 03:00:00,8.299018
2023-10-10 04:00:00,8.416499
2023-10-10 05:00:00,8.676449
2023-10-10 06:00:00,8.677896
2023-10-10 07:00:00,8.551408
2023-10-10 08:00:00,8.182642
2023-10-10 09:00:00,7.6918626
2023-10-10 10:00:00,7.02028
2023-10-10 11:00:00,6.494357
2023-10-10 12:00:00,6.460233
2023-10-10 13:00:00,6.6664376
2023-10-10 14:00:00,6.7214537
2023-10-10 15:00:00,6.600009
2023-10-10 16:00:00,6.639505
2023-10-10 17:00:00,6.950492
2023-10-10 18:00:00,6.908314
2023-10-10 19:00:00,7.4874277
2023-10-10 20:00:00,7.9473953
2023-10-10 21:00:00,8.450417
2023-10-10 22:00:00,8.823766
2023-10-10 23:00:00,9.061243
2023-10-11 00:00:00,9.747074
2023-10-11 01:00:00,10.513637
2023-10-11 02:00:00,10.471346
2023-10-11 03:00:00,10.114016
2023-10-11 04:00:00,9.926145
2023-10-11 05:00:00,9.791837
2023-10-11 06:00:00,9.535152
2023-10-11 07:00:00,9.639803
2023-10-11 08:00:00,9.284366
2023-10-11 09:00:00,8.84793
2023-10-11 10:00:00,8.610091
2023-10-11 11:00:00,8.202391
2023-10-11 12:00:00,7.618998
2023-10-11 13:00:00,6.8894267
2023-10-11 14:00:00,6.317779
2023-10-11 15:00:00,6.017008
2023-10-11 16:00:00,5.998669
2023-10-11 17:00:00,6.2542405
2023-10-11 18:00:00,6.1712027
2023-10-11 19:00:00,6.269813
2023-10-11 20:00:00,6.901571
2023-10-11 21:00:00,7.7712803
2023-10-11 22:00:00,8.1161785
2023-10-11 23:00:00,8.049441
2023-10-12 00:00:00,8.155784
2023-10-12 01:00:00,8.523807
2023-10-12 02:00:00,8.793257
2023-10-12 03:00:00,8.855141
2023-10-12 04:00:00,9.137306
2023-10-12 05:00:00,9.454311
2023-10-12 06:00:00,9.362421
2023-10-12 07:00:00,9.489457
2023-10-12 08:00:00,9.233561
2023-10-12 09:00:00,8.879234
2023-10-12 10:00:00,8.040781
2023-10-12 11:00:00,6.8469057
2023-10-12 12:00:00,5.2702355
2023-10-12 13:00:00,3.982192
2023-10-12 14:00:00,3.5250115
2023-10-12 15:00:00,3.496656
2023-10-12 16:00:00,3.5851216
2023-10-12 17:00:00,3.886812
2023-10-12 18:00:00,4.8236566
2023-10-12 19:00:00,5.5665865
2023-10-12 20:00:00,6.1512218
2023-10-12 21:00:00,6.4929447
2023-10-12 22:00:00,6.621138
2023-10-12 23:00:00,6.6063256
2023-10-13 00:00:00,6.4022264
2023-10-13 01:00:00,6.3633485
2023-10-13 02:00:00,6.909372
2023-10-13 03:00:00,8.181063
2023-10-13 04:00:00,9.192235
2023-10-13 05:00:00,9.072565
2023-10-13 06:00:00,8.771068
2023-10-13 07:00:00,8.640679
2023-10-13 08:00:00,8.590968
2023-10-13 09:00:00,8.115516
2023-10-13 10:00:00,6.9682403
2023-10-13 11:00:00,4.876315
2023-10-13 12:00:00,3.6316326
2023-10-13 13:00:00,3.4592378
2023-10-13 14:00:00,3.6466188
2023-10-13 15:00:00,4.2340846
2023-10-13 16:00:00,4.5925655
2023-10-13 17:00:00,4.929816
2023-10-13 18:00:00,4.9225316
2023-10-13 19:00:00,5.7875323
2023-10-13 20:00:00,6.21983
2023-10-13 21:00:00,6.5620537
2023-10-13 22:00:00,6.8865814
2023-10-13 23:00:00,7.1093903
2023-10-14 00:00:00,7.1031804
2023-10-14 01:00:00,7.263155
2023-10-14 02:00:00,7.783882
2023-10-14 03:00:00,8.281208
2023-10-14 04:00:00,8.787389
2023-10-14 05:00:00,9.029253
2023-10-14 06:00:00,8.89621
2023-10-14 07:00:00,8.934055
2023-10-14 08:00:00,9.162758
2023-10-14 09:00:00,8.985367
2023-10-14 10:00:00,8.056258
2023-10-14 11:00:00,7.0170875
2023-10-14 12:00:00,6.304024
2023-10-14 13:00:00,6.075835
2023-10-14 14:00:00,5.9951453
2023-10-14 15:00:00,6.199966
2023-10-14 16:00:00,6.5336356
2023-10-14 17:00:00,6.942638
2023-10-14 18:00:00,6.7317653
2023-10-14 19:00:00,6.639292
2023-10-14 20:00:00,7.1960382
2023-10-14 21:00:00,7.9452167
2023-10-14 22:00:00,8.429534
2023-10-14 23:00:00,9.163434
2023-10-15 00:00:00,10.124116
2023-10-15 01:00:00,10.367503
2023-10-15 02:00:00,10.434011
2023-10-15 03:00:00,10.423329
2023-10-15 04:00:00,10.405969
2023-10-15 05:00:00,10.174699
2023-10-15 06:00:00,9.703761
2023-10-15 07:00:00,10.203922
2023-10-15 08:00:00,10.102016
2023-10-15 09:00:00,10.360645
2023-10-15 10:00:00,10.048035
2023-10-15 11:00:00,8.800484
2023-10-15 12:00:00,8.511286
2023-10-15 13:00:00,8.16745
2023-10-15 14:00:00,7.9374356
2023-10-15 15:00:00,7.7870235
2023-10-15 16:00:00,7.6040387
2023-10-15 17:00:00,7.357213
2023-10-15 18:00:00,6.509191
2023-10-15 19:00:00,6.489403
2023-10-15 20:00:00,7.5457597
2023-10-15 21:00:00,8.625698
2023-10-15 22:00:00,8.988108
2023-10-15 23:00:00,9.34283
2023-10-16 00:00:00,10.130633
2023-10-16 01:00:00,10.705979
2023-10-16 02:00:00,10.59688
2023-10-16 03:00:00,10.457015
2023-10-16 04:00:00,9.897518
2023-10-16 05:00:00,9.96637
2023-10-16 06:00:00,10.159863
2023-10-16 07:00:00,10.2847595
2023-10-16 08:00:00,10.2913475
2023-10-16 09:00:00,10.116903
2023-10-16 10:00:00,9.539761
2023-10-16 11:00:00,8.801602
2023-10-16 12:00:00,8.046817
2023-10-16 13:00:00,7.505463
2023-10-16 14:00:00,7.341967
2023-10-16 15:00:00,7.487013
2023-10-16 16:00:00,7.72243
2023-10-16 17:00:00,8.003777
2023-10-16 18:00:00,7.4389267
2023-10-16 19:00:00,7.613459
2023-10-16 20:00:00,8.300638
2023-10-16 21:00:00,8.835144
2023-10-16 22:00:00,8.895075
2023-10-16 23:00:00,9.105727
2023-10-17 00:00:00,9.321273
2023-10-17 01:00:00,9.451544
2023-10-17 02:00:00,9.546394
2023-10-17 03:00:00,9.4088545
2023-10-17 04:00:00,9.249304
2023-10-17 05:00:00,9.157285
2023-10-17 06:00:00,9.043217
2023-10-17 07:00:00,9.69275
2023-10-17 08:00:00,9.833432
2023-10-17 09:00:00,9.607667
2023-10-17 10:00:00,9.354158
2023-10-17 11:00:00,9.135989
2023-10-17 12:00:00,8.479354
2023-10-17 13:00:00,7.812654
2023-10-17 14:00:00,7.319648
2023-10-17 15:00:00,7.132066
2023-10-17 16:00:00,6.9977517
2023-10-17 17:00:00,6.9302216
2023-10-17 18:00:00,6.4629035
2023-10-17 19:00:00,6.3054624
2023-10-17 20:00:00,6.661331
2023-10-17 21:00:00,7.330057
2023-10-17 22:00:00,7.963376
2023-10-17 23:00:00,8.413173
2023-10-18 00:00:00,8.865676
2023-10-18 01:00:00,9.082622
2023-10-18 02:00:00,8.881064
2023-10-18 03:00:00,8.918797
2023-10-18 04:00:00,9.101764
2023-10-18 05:00:00,9.222269
2023-10-18 06:00:00,8.781927
2023-10-18 07:00:00,8.794821
2023-10-18 08:00:00,8.541297
2023-10-18 09:00:00,8.229457
2023-10-18 10:00:00,7.72963
2023-10-18 11:00:00,6.884642
2023-10-18 12:00:00,6.0137405
2023-10-18 13:00:00,5.3357377
2023-10-18 14:00:00,4.9283705
2023-10-18 15:00:00,4.730018
2023-10-18 16:00:00,4.651591
2023-10-18 17:00:00,4.7860017
2023-10-18 18:00:00,5.0789547
2023-10-18 19:00:00,5.818906
2023-10-18 20:00:00,6.310883
2023-10-18 21:00:00,6.8995457
2023-10-18 22:00:00,7.36609
2023-10-18 23:00:00,7.71409
2023-10-19 00:00:00,7.8450904
2023-10-19 01:00:00,8.449844
2023-10-19 02:00:00,9.229261
2023-10-19 03:00:00,9.450166
2023-10-19 04:00:00,9.305998
2023-10-19 05:00:00,8.985752
2023-10-19 06:00:00,8.700067
2023-10-19 07:00:00,8.94607
2023-10-19 08:00:00,8.679775
2023-10-19 09:00:00,7.9740977
2023-10-19 10:00:00,6.9486756
2023-10-19 11:00:00,5.779831
2023-10-19 12:00:00,4.572413
2023-10-19 13:00:00,3.8350675
2023-10-19 14:00:00,3.737648
2023-10-19 15:00:00,3.7204244
2023-10-19 16:00:00,3.799389
2023-10-19 17:00:00,3.9321353
2023-10-19 18:00:00,4.788175
2023-10-19 19:00:00,6.003391
2023-10-19 20:00:00,6.552625
2023-10-19 21:00:00,6.976429
2023-10-19 22:00:00,7.728714
2023-10-19 23:00:00,8.266156
2023-10-20 00:00:00,8.7123375
2023-10-20 01:00:00,9.476025
2023-10-20 02:00:00,10.31988
2023-10-20 03:00:00,10.4622555
2023-10-20 04:00:00,10.233619
2023-10-20 05:00:00,9.971795
2023-10-20 06:00:00,9.411047
2023-10-20 07:00:00,9.361548
2023-10-20 08:00:00,9.12764
2023-10-20 09:00:00,8.838383
2023-10-20 10:00:00,8.250808
2023-10-20 11:00:00,7.503519
2023-10-20 12:00:00,6.7943654
2023-10-20 13:00:00,6.3298187
2023-10-20 14:00:00,6.3258433
2023-10-20 15:00:00,6.431664
2023-10-20 16:00:00,6.476002
2023-10-20 17:00:00,6.512987
2023-10-20 18:00:00,6.2035747
2023-10-20 19:00:00,7.120033
2023-10-20 20:00:00,8.196027
2023-10-20 21:00:00,9.184414
2023-10-20 22:00:00,9.211564
2023-10-20 23:00:00,9.076593
2023-10-21 00:00:00,9.64445
2023-10-21 01:00:00,10.566851
2023-10-21 02:00:00,10.770189
2023-10-21 03:00:00,10.300465
2023-10-21 04:00:00,10.166749
2023-10-21 05:00:00,10.231654
2023-10-21 06:00:00,9.864909
2023-10-21 07:00:00,9.8892
2023-10-21 08:00:00,9.827586
2023-10-21 09:00:00,9.496703
2023-10-21 10:00:00,8.863829
2023-10-21 11:00:00,8.280364
2023-10-21 12:00:00,7.7484274
2023-10-21 13:00:00,7.307592
2023-10-21 14:00:00,7.0582213
2023-10-21 15:00:00,6.8841405
2023-10-21 16:00:00,6.999493
2023-10-21 17:00:00,7.0490212
2023-10-21 18:00:00,6.4101167
2023-10-21 19:00:00,6.321924
2023-10-21 20:00:00,6.9738684
2023-10-21 21:00:00,7.629869
2023-10-21 22:00:00,7.986187
2023-10-21 23:00:00,8.303855
2023-10-22 00:00:00,8.542854
2023-10-22 01:00:00,8.5414095
2023-10-22 02:00:00,8.711653
2023-10-22 03:00:00,9.025809
2023-10-22 04:00:00,9.266968
2023-10-22 05:00:00,9.543071
2023-10-22 06:00:00,9.451771
2023-10-22 07:00:00,9.149738
2023-10-22 08:00:00,9.24636
2023-10-22 09:00:00,8.950957
2023-10-22 10:00:00,8.426619
2023-10-22 11:00:00,7.9043794
2023-10-22 12:00:00,7.2989707
2023-10-22 13:00:00,6.9211645
2023-10-22 14:00:00,6.5317087
2023-10-22 15:00:00,6.3071933
2023-10-22 16:00:00,6.346887
2023-10-22 17:00:00,6.559968
2023-10-22 18:00:00,6.029321
2023-10-22 19:00:00,5.831546
2023-10-22 20:00:00,6.041801
2023-10-22 21:00:00,7.2420335
2023-10-22 22:00:00,8.613023
2023-10-22 23:00:00,9.2039
2023-10-23 00:00:00,9.762738
2023-10-23 01:00:00,9.914086
2023-10-23 02:00:00,9.8958
2023-10-23 03:00:00,9.970787
2023-10-23 04:00:00,10.192912
2023-10-23 05:00:00,10.1869135
2023-10-23 06:00:00,9.791789
2023-10-23 07:00:00,9.869334
2023-10-23 08:00:00,9.929058
2023-10-23 09:00:00,9.71958
2023-10-23 10:00:00,9.315245
2023-10-23 11:00:00,8.620188
2023-10-23 12:00:00,7.685721
2023-10-23 13:00:00,6.871559
2023-10-23 14:00:00,6.2396336
2023-10-23 15:00:00,6.056525
2023-10-23 16:00:00,6.0276504
2023-10-23 17:00:00,6.192483
2023-10-23 18:00:00,5.796079
2023-10-23 19:00:00,5.8994613
2023-10-23 20:00:00,6.103433
2023-10-23 21:00:00,6.7782507
2023-10-23 22:00:00,7.5028043
2023-10-23 23:00:00,8.471433
2023-10-24 00:00:00,8.891894
2023-10-24 01:00:00,9.145455
2023-10-24 02:00:00,9.466367
2023-10-24 03:00:00,9.526327
2023-10-24 04:00:00,9.6630945
2023-10-24 05:00:00,9.972992
2023-10-24 06:00:00,10.036275
2023-10-24 07:00:00,10.18459
2023-10-24 08:00:00,9.903707
2023-10-24 09:00:00,9.223768
2023-10-24 10:00:00,7.993814
2023-10-24 11:00:00,6.6738186
2023-10-24 12:00:00,5.262786
2023-10-24 13:00:00,4.175337
2023-10-24 14:00:00,3.7688112
2023-10-24 15:00:00,3.4998653
2023-10-24 16:00:00,3.5894763
2023-10-24 17:00:00,4.021116
2023-10-24 18:00:00,4.6130967
2023-10-24 19:00:00,5.135949
2023-10-24 20:00:00,5.247282
2023-10-24 21:00:00,5.4900303
2023-10-24 22:00:00,5.959345
2023-10-24 23:00:00,6.381869
2023-10-25 00:00:00,6.456215
2023-10-25 01:00:00,6.290273
2023-10-25 02:00:00,6.174024
2023-10-25 03:00:00,6.346795
2023-10-25 04:00:00,6.229503
2023-10-25 05:00:00,5.685174
2023-10-25 06:00:00,5.2397394
2023-10-25 07:00:00,5.299904
2023-10-25 08:00:00,5.4063635
2023-10-25 09:00:00,4.7335443
2023-10-25 10:00:00,3.7825284
2023-10-25 11:00:00,2.4473894
2023-10-25 12:00:00,1.6730961
2023-10-25 13:00:00,1.447325
2023-10-25 14:00:00,1.6996542
2023-10-25 15:00:00,1.9266496
2023-10-25 16:00:00,2.4875197
2023-10-25 17:00:00,3.051262
2023-10-25 18:00:00,4.045299
2023-10-25 19:00:00,2.6375446
2023-10-25 20:00:00,2.1221
2023-10-25 21:00:00,2.0084069
2023-10-25 22:00:00,1.5533136
2023-10-25 23:00:00,1.4002078
2023-10-26 00:00:00,1.5942873
2023-10-26 01:00:00,1.7315836
2023-10-26 02:00:00,1.7488631
2023-10-26 03:00:00,1.997819
2023-10-26 04:00:00,3.8755603
2023-10-26 05:00:00,5.7859907
2023-10-26 06:00:00,6.987142
2023-10-26 07:00:00,7.5695
2023-10-26 08:00:00,6.6803513
2023-10-26 09:00:00,5.757595
2023-10-26 10:00:00,4.424134
2023-10-26 11:00:00,3.310783
2023-10-26 12:00:00,2.679433
2023-10-26 13:00:00,2.2356474
2023-10-26 14:00:00,1.8372427
2023-10-26 15:00:00,1.807214
2023-10-26 16:00:00,2.2139175
2023-10-26 17:00:00,2.9356878
2023-10-26 18:00:00,3.1552212
2023-10-26 19:00:00,2.6958086
2023-10-26 20:00:00,1.927014
2023-10-26 21:00:00,1.2371339
2023-10-26 22:00:00,1.0195853
2023-10-26 23:00:00,1.2658857
2023-10-27 00:00:00,1.5076859
2023-10-27 01:00:00,2.217137
2023-10-27 02:00:00,2.8855133
2023-10-27 03:00:00,3.9249258
2023-10-27 04:00:00,4.402453
2023-10-27 05:00:00,4.9755273
2023-10-27 06:00:00,5.326782
2023-10-27 07:00:00,4.8180547
2023-10-27 08:00:00,4.1523743
2023-10-27 09:00:00,3.037514
2023-10-27 10:00:00,2.2276206
2023-10-27 11:00:00,1.9712825
2023-10-27 12:00:00,2.4647849
2023-10-27 13:00:00,2.9006684
2023-10-27 14:00:00,3.6048925
2023-10-27 15:00:00,4.3885107
2023-10-27 16:00:00,5.176973
2023-10-27 17:00:00,5.7962937
2023-10-27 18:00:00,5.6407585
2023-10-27 19:00:00,5.398432
2023-10-27 20:00:00,5.445576
2023-10-27 21:00:00,5.7975817
2023-10-27 22:00:00,6.562555
2023-10-27 23:00:00,7.8909974
2023-10-28 00:00:00,8.783955
2023-10-28 01:00:00,9.218856
2023-10-28 02:00:00,10.078587
2023-10-28 03:00:00,10.373973
2023-10-28 04:00:00,9.987712
2023-10-28 05:00:00,9.454406
2023-10-28 06:00:00,9.599209
2023-10-28 07:00:00,8.990013
2023-10-28 08:00:00,8.52397
2023-10-28 09:00:00,7.962951
2023-10-28 10:00:00,7.5876093
2023-10-28 11:00:00,7.6316214
2023-10-28 12:00:00,7.4838324
2023-10-28 13:00:00,7.432367
2023-10-28 14:00:00,7.522392
2023-10-28 15:00:00,7.6353903
2023-10-28 16:00:00,7.828147
2023-10-28 17:00:00,7.9509683
2023-10-28 18:00:00,7.1931868
2023-10-28 19:00:00,7.9798403
2023-10-28 20:00:00,8.036547
2023-10-28 21:00:00,8.534112
2023-10-28 22:00:00,8.938457
2023-10-28 23:00:00,9.669656
2023-10-29 00:00:00,10.606072
2023-10-29 01:00:00,11.249069
2023-10-29 02:00:00,11.425659
2023-10-29 03:00:00,11.068899
2023-10-29 04:00:00,10.438367
2023-10-29 05:00:00,10.577538
2023-10-29 06:00:00,11.220333
2023-10-29 07:00:00,11.367638
2023-10-29 08:00:00,11.425739
2023-10-29 09:00:00,11.09769
2023-10-29 10:00:00,10.508628
2023-10-29 11:00:00,9.767575
2023-10-29 12:00:00,8.96545
2023-10-29 13:00:00,8.164003
2023-10-29 14:00:00,7.435979
2023-10-29 15:00:00,6.9437485
2023-10-29 16:00:00,6.6163287
2023-10-29 17:00:00,6.334489
2023-10-29 18:00:00,5.556805
2023-10-29 19:00:00,6.3788342
2023-10-29 20:00:00,6.8483777
2023-10-29 21:00:00,7.244382
2023-10-29 22:00:00,7.6092157
2023-10-29 23:00:00,7.8815856
2023-10-30 00:00:00,8.051358
2023-10-30 01:00:00,8.389038
2023-10-30 02:00:00,8.881805
2023-10-30 03:00:00,9.204069
2023-10-30 04:00:00,9.290758
2023-10-30 05:00:00,9.321739
2023-10-30 06:00:00,9.02076
2023-10-30 07:00:00,8.947454
2023-10-30 08:00:00,8.624105
2023-10-30 09:00:00,8.12489
2023-10-30 10:00:00,7.372081
2023-10-30 11:00:00,6.2683163
2023-10-30 12:00:00,5.096022
2023-10-30 13:00:00,4.348928
2023-10-30 14:00:00,4.089225
2023-10-30 15:00:00,4.0493627
2023-10-30 16:00:00,4.2903104
2023-10-30 17:00:00,4.494103
2023-10-30 18:00:00,5.029764
2023-10-30 19:00:00,5.575808
2023-10-30 20:00:00,6.0699143
2023-10-30 21:00:00,6.528205
2023-10-30 22:00:00,6.5939255
2023-10-30 23:00:00,6.9236135
2023-10-31 00:00:00,7.3619447
2023-10-31 01:00:00,7.82602
2023-10-31 02:00:00,8.207806
2023-10-31 03:00:00,8.373419
2023-10-31 04:00:00,8.357245
2023-10-31 05:00:00,8.534983
2023-10-31 06:00:00,8.285761
2023-10-31 07:00:00,8.367878
2023-10-31 08:00:00,7.3049297
2023-10-31 09:00:00,6.1343355
2023-10-31 10:00:00,4.982572
2023-10-31 11:00:00,3.9491029
2023-10-31 12:00:00,2.7872837
2023-10-31 13:00:00,1.1176769
2023-10-31 14:00:00,0.36860532
2023-10-31 15:00:00,1.0718472
2023-10-31 16:00:00,1.4867281
2023-10-31 17:00:00,2.1795504
2023-10-31 18:00:00,3.9301314
2023-10-31 19:00:00,5.05553
2023-10-31 20:00:00,5.3531103
2023-10-31 21:00:00,4.8623443
2023-10-31 22:00:00,4.4994845
2023-10-31 23:00:00,4.3896694
2023-11-01 00:00:00,4.854661
2023-11-01 01:00:00,5.964492
2023-11-01 02:00:00,7.18256
2023-11-01 03:00:00,7.7247076
2023-11-01 04:00:00,6.684746
2023-11-01 05:00:00,5.2203016
2023-11-01 06:00:00,5.828717
2023-11-01 07:00:00,5.825418
2023-11-01 08:00:00,5.597244
2023-11-01 09:00:00,4.7579317
2023-11-01 10:00:00,3.5800943
2023-11-01 11:00:00,2.8031492
2023-11-01 12:00:00,2.1639767
2023-11-01 13:00:00,1.7878162
2023-11-01 14:00:00,1.7437265
2023-11-01 15:00:00,1.8946335
2023-11-01 16:00:00,2.0798132
2023-11-01 17:00:00,2.6924133
2023-11-01 18:00:00,3.142519
2023-11-01 19:00:00,3.5056837
2023-11-01 20:00:00,3.7838194
2023-11-01 21:00:00,4.1049466
2023-11-01 22:00:00,4.3921137
2023-11-01 23:00:00,3.9455535
2023-11-02 00:00:00,3.3780787
2023-11-02 01:00:00,2.803826
2023-11-02 02:00:00,2.1031513
2023-11-02 03:00:00,1.3856484
2023-11-02 04:00:00,1.1796193
2023-11-02 05:00:00,1.1930345
2023-11-02 06:00:00,1.3841769
2023-11-02 07:00:00,1.2402818
2023-11-02 08:00:00,2.226838
2023-11-02 09:00:00,2.390734
2023-11-02 10:00:00,2.6365306
2023-11-02 11:00:00,2.1177952
2023-11-02 12:00:00,1.624517
2023-11-02 13:00:00,1.1526088
2023-11-02 14:00:00,1.0396712
2023-11-02 15:00:00,0.77447295
2023-11-02 16:00:00,1.1527109
2023-11-02 17:00:00,1.7191808
2023-11-02 18:00:00,1.9808298
2023-11-02 19:00:00,2.877559
2023-11-02 20:00:00,2.080587
2023-11-02 21:00:00,2.191046
2023-11-02 22:00:00,3.1576447
2023-11-02 23:00:00,2.5491734
2023-11-03 00:00:00,2.18352
2023-11-03 01:00:00,2.0997853
2023-11-03 02:00:00,1.9642439
2023-11-03 03:00:00,1.6464192
2023-11-03 04:00:00,0.9031016
2023-11-03 05:00:00,1.2444088
2023-11-03 06:00:00,2.4104834
2023-11-03 07:00:00,2.469358
2023-11-03 08:00:00,2.5061026
2023-11-03 09:00:00,2.8667448
2023-11-03 10:00:00,3.2182035
2023-11-03 11:00:00,3.2877216
2023-11-03 12:00:00,3.510979
2023-11-03 13:00:00,4.045106
2023-11-03 14:00:00,3.292863
2023-11-03 15:00:00,3.0222988
2023-11-03 16:00:00,2.8808038
2023-11-03 17:00:00,3.1285782
2023-11-03 18:00:00,3.5778184
2023-11-03 19:00:00,2.252643
2023-11-03 20:00:00,1.4136218
2023-11-03 21:00:00,1.044914
2023-11-03 22:00:00,0.9103625
2023-11-03 23:00:00,0.5256692
2023-11-04 00:00:00,0.56510913
2023-11-04 01:00:00,1.0982013
2023-11-04 02:00:00,0.15045418
2023-11-04 03:00:00,1.4354761
2023-11-04 04:00:00,2.4849024
2023-11-04 05:00:00,2.3837304
2023-11-04 06:00:00,2.1086347
2023-11-04 07:00:00,2.0418954
2023-11-04 08:00:00,2.642711
2023-11-04 09:00:00,3.8518715
2023-11-04 10:00:00,3.9091766
2023-11-04 11:00:00,3.5504832
2023-11-04 12:00:00,2.8318923
2023-11-04 13:00:00,2.2557847
2023-11-04 14:00:00,1.9725165
2023-11-04 15:00:00,1.7763951
2023-11-04 16:00:00,1.8435796
2023-11-04 17:00:00,1.9427772
2023-11-04 18:00:00,1.6733651
2023-11-04 19:00:00,2.6777077
2023-11-04 20:00:00,3.347027
2023-11-04 21:00:00,3.7812378
2023-11-04 22:00:00,3.5433388
2023-11-04 23:00:00,3.2252238
2023-11-05 00:00:00,2.9217124
2023-11-05 01:00:00,2.770435
2023-11-05 02:00:00,2.3668437
2023-11-05 03:00:00,2.010692
2023-11-05 04:00:00,2.2119076
2023-11-05 05:00:00,1.8035177
2023-11-05 06:00:00,0.9664503
2023-11-05 07:00:00,1.4103087
2023-11-05 08:00:00,2.3148344
2023-11-05 09:00:00,2.4462826
2023-11-05 10:00:00,2.9217234
2023-11-05 11:00:00,2.6830382
2023-11-05 12:00:00,2.3852918
2023-11-05 13:00:00,2.2730522
2023-11-05 14:00:00,2.1337006
2023-11-05 15:00:00,2.020313
2023-11-05 16:00:00,2.118103
2023-11-05 17:00:00,2.438854
2023-11-05 18:00:00,3.557409
2023-11-05 19:00:00,4.7066593
2023-11-05 20:00:00,5.5541263
2023-11-05 21:00:00,5.5208464
2023-11-05 22:00:00,5.1727057
2023-11-05 23:00:00,4.4037223
2023-11-06 00:00:00,4.1737833
2023-11-06 01:00:00,4.326935
2023-11-06 02:00:00,5.3478518
2023-11-06 03:00:00,4.645172
2023-11-06 04:00:00,4.5645094
2023-11-06 05:00:00,5.2574563
2023-11-06 06:00:00,5.055574
2023-11-06 07:00:00,5.410222
2023-11-06 08:00:00,5.498084
2023-11-06 09:00:00,5.3614883
2023-11-06 10:00:00,4.6536407
2023-11-06 11:00:00,4.579978
2023-11-06 12:00:00,4.2354703
2023-11-06 13:00:00,3.8881068
2023-11-06 14:00:00,3.642818
2023-11-06 15:00:00,3.9776657
2023-11-06 16:00:00,4.190054
2023-11-06 17:00:00,3.6288898
2023-11-06 18:00:00,2.564333
2023-11-06 19:00:00,2.2482102
2023-11-06 20:00:00,2.2238698
2023-11-06 21:00:00,1.7136526
2023-11-06 22:00:00,0.4193385
2023-11-06 23:00:00,1.1616088
2023-11-07 00:00:00,2.8551602
2023-11-07 01:00:00,4.3828883
2023-11-07 02:00:00,6.242884
2023-11-07 03:00:00,7.8467402
2023-11-07 04:00:00,9.265134
2023-11-07 05:00:00,9.3029
2023-11-07 06:00:00,9.191361
2023-11-07 07:00:00,10.155932
2023-11-07 08:00:00,10.448767
2023-11-07 09:00:00,10.166851
2023-11-07 10:00:00,9.539722
2023-11-07 11:00:00,8.655569
2023-11-07 12:00:00,7.7956853
2023-11-07 13:00:00,7.20389
2023-11-07 14:00:00,6.8928113
2023-11-07 15:00:00,6.7365723
2023-11-07 16:00:00,6.8847423
2023-11-07 17:00:00,7.0118046
2023-11-07 18:00:00,6.442412
2023-11-07 19:00:00,6.7946067
2023-11-07 20:00:00,7.2850404
2023-11-07 21:00:00,8.626553
2023-11-07 22:00:00,10.01339
2023-11-07 23:00:00,10.229081
2023-11-08 00:00:00,9.425854
2023-11-08 01:00:00,8.815427
2023-11-08 02:00:00,8.679564
2023-11-08 03:00:00,8.809077
2023-11-08 04:00:00,9.062788
2023-11-08 05:00:00,8.608118
2023-11-08 06:00:00,9.03327
2023-11-08 07:00:00,10.397213
2023-11-08 08:00:00,10.392864
2023-11-08 09:00:00,9.684741
2023-11-08 10:00:00,8.505707
2023-11-08 11:00:00,7.895716
2023-11-08 12:00:00,7.456404
2023-11-08 13:00:00,6.960774
2023-11-08 14:00:00,6.678992
2023-11-08 15:00:00,6.7386823
2023-11-08 16:00:00,6.834245
2023-11-08 17:00:00,7.3302164
2023-11-08 18:00:00,7.6484146
2023-11-08 19:00:00,7.657568
2023-11-08 20:00:00,7.8500495
2023-11-08 21:00:00,8.309951
2023-11-08 22:00:00,8.966247
2023-11-08 23:00:00,9.476145
2023-11-09 00:00:00,9.964152
2023-11-09 01:00:00,10.243328
2023-11-09 02:00:00,10.137845
2023-11-09 03:00:00,9.832285
2023-11-09 04:00:00,9.670272
2023-11-09 05:00:00,9.464572
2023-11-09 06:00:00,10.571028
2023-11-09 07:00:00,11.431256
2023-11-09 08:00:00,11.066007
2023-11-09 09:00:00,10.44497
2023-11-09 10:00:00,9.761723
2023-11-09 11:00:00,9.076282
2023-11-09 12:00:00,8.274004
2023-11-09 13:00:00,7.59792
2023-11-09 14:00:00,7.054654
2023-11-09 15:00:00,6.731366
2023-11-09 16:00:00,6.4598513
2023-11-09 17:00:00,6.198914
2023-11-09 18:00:00,6.25295
2023-11-09 19:00:00,6.6305103
2023-11-09 20:00:00,7.8584957
2023-11-09 21:00:00,8.645267
2023-11-09 22:00:00,9.212427
2023-11-09 23:00:00,9.393688
2023-11-10 00:00:00,9.293758
2023-11-10 01:00:00,9.381814
2023-11-10 02:00:00,9.6960125
2023-11-10 03:00:00,9.95434
2023-11-10 04:00:00,9.910677
2023-11-10 05:00:00,9.671845
2023-11-10 06:00:00,9.091685
2023-11-10 07:00:00,8.974195
2023-11-10 08:00:00,8.874213
2023-11-10 09:00:00,8.613497
2023-11-10 10:00:00,8.139693
2023-11-10 11:00:00,7.884747
2023-11-10 12:00:00,7.705723
2023-11-10 13:00:00,7.292359
2023-11-10 14:00:00,6.746495
2023-11-10 15:00:00,6.416961
2023-11-10 16:00:00,6.343142
2023-11-10 17:00:00,6.3025455
2023-11-10 18:00:00,5.8637304
2023-11-10 19:00:00,6.1278048
2023-11-10 20:00:00,6.6331916
2023-11-10 21:00:00,7.458105
2023-11-10 22:00:00,8.355403
2023-11-10 23:00:00,9.130608
2023-11-11 00:00:00,9.66775
2023-11-11 01:00:00,9.949587
2023-11-11 02:00:00,10.098307
2023-11-11 03:00:00,10.259436
2023-11-11 04:00:00,10.13887
2023-11-11 05:00:00,9.929031
2023-11-11 06:00:00,9.4844265
2023-11-11 07:00:00,9.378447
2023-11-11 08:00:00,8.927686
2023-11-11 09:00:00,8.487229
2023-11-11 10:00:00,8.199407
2023-11-11 11:00:00,7.894632
2023-11-11 12:00:00,7.3959126
2023-11-11 13:00:00,6.8254056
2023-11-11 14:00:00,6.5928273
2023-11-11 15:00:00,6.564277
2023-11-11 16:00:00,6.5520377
2023-11-11 17:00:00,6.524282
2023-11-11 18:00:00,5.8523164
2023-11-11 19:00:00,6.1024384
2023-11-11 20:00:00,6.292639
2023-11-11 21:00:00,6.8310113
2023-11-11 22:00:00,7.1259046
2023-11-11 23:00:00,7.4808807
2023-11-12 00:00:00,8.248523
2023-11-12 01:00:00,8.898501
2023-11-12 02:00:00,8.817821
2023-11-12 03:00:00,8.518727
2023-11-12 04:00:00,8.471956
2023-11-12 05:00:00,8.459307
2023-11-12 06:00:00,8.174302
2023-11-12 07:00:00,8.375976
2023-11-12 08:00:00,8.262839
2023-11-12 09:00:00,8.280753
2023-11-12 10:00:00,8.101628
2023-11-12 11:00:00,7.6737833
2023-11-12 12:00:00,7.0728645
2023-11-12 13:00:00,6.6581225
2023-11-12 14:00:00,6.42522
2023-11-12 15:00:00,6.3722863
2023-11-12 16:00:00,6.359844
2023-11-12 17:00:00,6.318751
2023-11-12 18:00:00,5.722765
2023-11-12 19:00:00,5.938977
2023-11-12 20:00:00,6.250433
2023-11-12 21:00:00,6.7258606
2023-11-12 22:00:00,7.113073
2023-11-12 23:00:00,7.231141
2023-11-13 00:00:00,7.1101737
2023-11-13 01:00:00,6.9338603
2023-11-13 02:00:00,7.0496664
2023-11-13 03:00:00,7.2345176
2023-11-13 04:00:00,7.3718266
2023-11-13 05:00:00,7.516538
2023-11-13 06:00:00,7.556994
2023-11-13 07:00:00,6.874706
2023-11-13 08:00:00,6.4386926
2023-11-13 09:00:00,6.2881193
2023-11-13 10:00:00,5.890803
2023-11-13 11:00:00,5.5280347
2023-11-13 12:00:00,5.5499287
2023-11-13 13:00:00,5.565284
2023-11-13 14:00:00,5.52524
2023-11-13 15:00:00,5.3922687
2023-11-13 16:00:00,5.2583513
2023-11-13 17:00:00,4.971499
2023-11-13 18:00:00,4.6609516
2023-11-13 19:00:00,4.9437456
2023-11-13 20:00:00,5.6511264
2023-11-13 21:00:00,6.6054997
2023-11-13 22:00:00,7.3087716
2023-11-13 23:00:00,7.747538
2023-11-14 00:00:00,7.9901395
2023-11-14 01:00:00,8.175795
2023-11-14 02:00:00,8.161282
2023-11-14 03:00:00,8.393313
2023-11-14 04:00:00,8.579262
2023-11-14 05:00:00,8.651071
2023-11-14 06:00:00,8.653898
2023-11-14 07:00:00,8.630376
2023-11-14 08:00:00,8.311214
2023-11-14 09:00:00,7.745941
2023-11-14 10:00:00,6.840224
2023-11-14 11:00:00,6.0585723
2023-11-14 12:00:00,5.333971
2023-11-14 13:00:00,4.7925477
2023-11-14 14:00:00,4.40352
2023-11-14 15:00:00,4.3896503
2023-11-14 16:00:00,4.520644
2023-11-14 17:00:00,4.757393
2023-11-14 18:00:00,5.0234985
2023-11-14 19:00:00,5.079116
2023-11-14 20:00:00,5.284318
2023-11-14 21:00:00,5.591285
2023-11-14 22:00:00,5.9654355
2023-11-14 23:00:00,6.638329
2023-11-15 00:00:00,7.2641273
2023-11-15 01:00:00,7.7767806
2023-11-15 02:00:00,8.169695
2023-11-15 03:00:00,8.659457
2023-11-15 04:00:00,8.741382
2023-11-15 05:00:00,8.457261
2023-11-15 06:00:00,7.9379764
2023-11-15 07:00:00,8.458904
2023-11-15 08:00:00,8.099747
2023-11-15 09:00:00,6.9309907
2023-11-15 10:00:00,5.8898
2023-11-15 11:00:00,5.3336425
2023-11-15 12:00:00,4.6436453
2023-11-15 13:00:00,4.2084584
2023-11-15 14:00:00,4.0470843
2023-11-15 15:00:00,4.296919
2023-11-15 16:00:00,4.6339793
2023-11-15 17:00:00,5.03424
2023-11-15 18:00:00,5.1161304
2023-11-15 19:00:00,4.984468
2023-11-15 20:00:00,4.9177685
2023-11-15 21:00:00,4.620817
2023-11-15 22:00:00,4.7499585
2023-11-15 23:00:00,5.3739977
2023-11-16 00:00:00,6.005412
2023-11-16 01:00:00,6.301883
2023-11-16 02:00:00,7.1276646
2023-11-16 03:00:00,8.060304
2023-11-16 04:00:00,7.9218597
2023-11-16 05:00:00,7.5727024
2023-11-16 06:00:00,7.05754
2023-11-16 07:00:00,7.376359
2023-11-16 08:00:00,7.023434
2023-11-16 09:00:00,5.38938
2023-11-16 10:00:00,4.178693
2023-11-16 11:00:00,3.285645
2023-11-16 12:00:00,2.8366196
2023-11-16 13:00:00,2.8969529
2023-11-16 14:00:00,3.2126467
2023-11-16 15:00:00,3.5556858
2023-11-16 16:00:00,3.8527472
2023-11-16 17:00:00,4.2603006
2023-11-16 18:00:00,4.3309817
2023-11-16 19:00:00,4.4048123
2023-11-16 20:00:00,4.663052
2023-11-16 21:00:00,5.0101104
2023-11-16 22:00:00,5.5240245
2023-11-16 23:00:00,6.175906
2023-11-17 00:00:00,6.299278
2023-11-17 01:00:00,6.3683295
2023-11-17 02:00:00,7.036174
2023-11-17 03:00:00,7.711702
2023-11-17 04:00:00,7.4711595
2023-11-17 05:00:00,7.4291115
2023-11-17 06:00:00,6.949543
2023-11-17 07:00:00,7.3767576
2023-11-17 08:00:00,6.597181
2023-11-17 09:00:00,5.434732
2023-11-17 10:00:00,4.478701
2023-11-17 11:00:00,3.9249215
2023-11-17 12:00:00,3.523499
2023-11-17 13:00:00,3.135709
2023-11-17 14:00:00,3.0051165
2023-11-17 15:00:00,2.7037957
2023-11-17 16:00:00,2.6615405
2023-11-17 17:00:00,2.5787818
2023-11-17 18:00:00,2.5162752
2023-11-17 19:00:00,2.574178
2023-11-17 20:00:00,2.549076
2023-11-17 21:00:00,3.1209962
2023-11-17 22:00:00,3.5812821
2023-11-17 23:00:00,4.2355866
2023-11-18 00:00:00,4.562002
2023-11-18 01:00:00,3.9126327
2023-11-18 02:00:00,2.9746072
2023-11-18 03:00:00,1.9781172
2023-11-18 04:00:00,2.7952094
2023-11-18 05:00:00,3.5455399
2023-11-18 06:00:00,4.2140574
2023-11-18 07:00:00,5.871432
2023-11-18 08:00:00,6.4226995
2023-11-18 09:00:00,5.0531397
2023-11-18 10:00:00,3.7032275
2023-11-18 11:00:00,2.7516468
2023-11-18 12:00:00,2.455729
2023-11-18 13:00:00,2.6072652
2023-11-18 14:00:00,2.6999497
2023-11-18 15:00:00,2.8624437
2023-11-18 16:00:00,2.9306045
2023-11-18 17:00:00,3.04166
2023-11-18 18:00:00,3.104377
2023-11-18 19:00:00,2.8150356
2023-11-18 20:00:00,3.9136457
2023-11-18 21:00:00,4.815132
2023-11-18 22:00:00,4.951238
2023-11-18 23:00:00,4.403304
2023-11-19 00:00:00,3.8239586
2023-11-19 01:00:00,3.2532198
2023-11-19 02:00:00,2.5784178
2023-11-19 03:00:00,1.3359001
2023-11-19 04:00:00,1.121293
2023-11-19 05:00:00,3.156424
2023-11-19 06:00:00,4.6849136
2023-11-19 07:00:00,4.6210136
2023-11-19 08:00:00,4.213955
2023-11-19 09:00:00,2.9620664
2023-11-19 10:00:00,1.7410073
2023-11-19 11:00:00,1.1618941
2023-11-19 12:00:00,0.8227389
2023-11-19 13:00:00,1.1873518
2023-11-19 14:00:00,1.5605738
2023-11-19 15:00:00,1.8169382
2023-11-19 16:00:00,1.9655073
2023-11-19 17:00:00,2.4722636
2023-11-19 18:00:00,3.1520631
2023-11-19 19:00:00,2.4220839
2023-11-19 20:00:00,3.1304133
2023-11-19 21:00:00,3.6221302
2023-11-19 22:00:00,3.726356
2023-11-19 23:00:00,4.100353
2023-11-20 00:00:00,3.8523233
2023-11-20 01:00:00,2.9404392
2023-11-20 02:00:00,3.2099068
2023-11-20 03:00:00,3.997229
2023-11-20 04:00:00,3.5653522
2023-11-20 05:00:00,2.5733812
2023-11-20 06:00:00,2.4410226
2023-11-20 07:00:00,3.9810257
2023-11-20 08:00:00,3.4408748
2023-11-20 09:00:00,3.4180222
2023-11-20 10:00:00,3.374818
2023-11-20 11:00:00,2.6235924
2023-11-20 12:00:00,2.2274156
2023-11-20 13:00:00,1.8328683
2023-11-20 14:00:00,1.5418128
2023-11-20 15:00:00,1.615095
2023-11-20 16:00:00,1.7586724
2023-11-20 17:00:00,1.7623476
2023-11-20 18:00:00,2.1082094
2023-11-20 19:00:00,2.3964128
2023-11-20 20:00:00,4.1461506
2023-11-20 21:00:00,5.6357293
2023-11-20 22:00:00,5.53498
2023-11-20 23:00:00,4.590579
2023-11-21 00:00:00,3.6765194
2023-11-21 01:00:00,2.3144317
2023-11-21 02:00:00,1.349373
2023-11-21 03:00:00,1.0360855
2023-11-21 04:00:00,0.8525375
2023-11-21 05:00:00,2.4710178
2023-11-21 06:00:00,3.8799112
2023-11-21 07:00:00,5.1917458
2023-11-21 08:00:00,5.9799094
2023-11-21 09:00:00,6.284798
2023-11-21 10:00:00,6.069027
2023-11-21 11:00:00,5.5995655
2023-11-21 12:00:00,5.203555
2023-11-21 13:00:00,4.786919
2023-11-21 14:00:00,4.245587
2023-11-21 15:00:00,3.9552357
2023-11-21 16:00:00,4.1900587
2023-11-21 17:00:00,4.416343
2023-11-21 18:00:00,3.7730396
2023-11-21 19:00:00,4.1139154
2023-11-21 20:00:00,3.8710542
2023-11-21 21:00:00,3.8598752
2023-11-21 22:00:00,3.808959
2023-11-21 23:00:00,4.243996
2023-11-22 00:00:00,4.3328347
2023-11-22 01:00:00,4.1416593
2023-11-22 02:00:00,5.329133
2023-11-22 03:00:00,7.545575
2023-11-22 04:00:00,8.68386
2023-11-22 05:00:00,8.942982
2023-11-22 06:00:00,8.36411
2023-11-22 07:00:00,8.706893
2023-11-22 08:00:00,8.820004
2023-11-22 09:00:00,8.168573
2023-11-22 10:00:00,6.952572
2023-11-22 11:00:00,5.9131684
2023-11-22 12:00:00,5.2092886
2023-11-22 13:00:00,4.933448
2023-11-22 14:00:00,4.964462
2023-11-22 15:00:00,5.0734415
2023-11-22 16:00:00,5.2240915
2023-11-22 17:00:00,5.5227084
2023-11-22 18:00:00,5.519078
2023-11-22 19:00:00,5.457706
2023-11-22 20:00:00,5.677226
2023-11-22 21:00:00,6.2894855
2023-11-22 22:00:00,6.3157415
2023-11-22 23:00:00,6.039291
2023-11-23 00:00:00,6.145927
2023-11-23 01:00:00,6.4904537
2023-11-23 02:00:00,7.245786
2023-11-23 03:00:00,8.158372
2023-11-23 04:00:00,8.418699
2023-11-23 05:00:00,8.051991
2023-11-23 06:00:00,6.972597
2023-11-23 07:00:00,7.2310367
2023-11-23 08:00:00,7.287545
2023-11-23 09:00:00,6.887883
2023-11-23 10:00:00,6.3248377
2023-11-23 11:00:00,5.7982583
2023-11-23 12:00:00,5.353789
2023-11-23 13:00:00,5.030699
2023-11-23 14:00:00,5.1233606
2023-11-23 15:00:00,5.2931414
2023-11-23 16:00:00,5.334087
2023-11-23 17:00:00,5.2376842
2023-11-23 18:00:00,4.4868116
2023-11-23 19:00:00,4.29688
2023-11-23 20:00:00,4.0895276
2023-11-23 21:00:00,4.171435
2023-11-23 22:00:00,4.6023636
2023-11-23 23:00:00,5.3469057
2023-11-24 00:00:00,6.0106754
2023-11-24 01:00:00,6.8794503
2023-11-24 02:00:00,7.774468
2023-11-24 03:00:00,7.464708
2023-11-24 04:00:00,6.999477
2023-11-24 05:00:00,7.0238485
2023-11-24 06:00:00,6.9168353
2023-11-24 07:00:00,6.3763676
2023-11-24 08:00:00,6.132471
2023-11-24 09:00:00,5.55083
2023-11-24 10:00:00,4.6443005
2023-11-24 11:00:00,3.690562
2023-11-24 12:00:00,3.4349425
2023-11-24 13:00:00,3.402741
2023-11-24 14:00:00,3.5161927
2023-11-24 15:00:00,3.5782244
2023-11-24 16:00:00,3.520375
2023-11-24 17:00:00,3.37068
2023-11-24 18:00:00,3.419714
2023-11-24 19:00:00,4.1621227
2023-11-24 20:00:00,3.7945352
2023-11-24 21:00:00,3.5552208
2023-11-24 22:00:00,3.2180662
2023-11-24 23:00:00,3.1265094
2023-11-25 00:00:00,3.1116655
2023-11-25 01:00:00,3.6468897
2023-11-25 02:00:00,5.3069873
2023-11-25 03:00:00,6.459305
2023-11-25 04:00:00,6.284814
2023-11-25 05:00:00,6.490464
2023-11-25 06:00:00,6.483572
2023-11-25 07:00:00,5.8989763
2023-11-25 08:00:00,6.012856
2023-11-25 09:00:00,5.0567102
2023-11-25 10:00:00,4.125806
2023-11-25 11:00:00,4.0722675
2023-11-25 12:00:00,4.2254467
2023-11-25 13:00:00,4.5602098
2023-11-25 14:00:00,5.0794215
2023-11-25 15:00:00,5.6197615
2023-11-25 16:00:00,5.7145495
2023-11-25 17:00:00,5.500434
2023-11-25 18:00:00,5.2468414
2023-11-25 19:00:00,6.419168
2023-11-25 20:00:00,8.670156
2023-11-25 21:00:00,10.19373
2023-11-25 22:00:00,10.462517
2023-11-25 23:00:00,10.724761
2023-11-26 00:00:00,10.957351
2023-11-26 01:00:00,10.889134
2023-11-26 02:00:00,10.765799
2023-11-26 03:00:00,10.761272
2023-11-26 04:00:00,10.712437
2023-11-26 05:00:00,10.553939
2023-11-26 06:00:00,9.871211
2023-11-26 07:00:00,10.222235
2023-11-26 08:00:00,9.957986
2023-11-26 09:00:00,9.649077
2023-11-26 10:00:00,9.169289
2023-11-26 11:00:00,8.726212
2023-11-26 12:00:00,8.315559
2023-11-26 13:00:00,8.051143
2023-11-26 14:00:00,7.8390946
2023-11-26 15:00:00,7.8276105
2023-11-26 16:00:00,7.8554974
2023-11-26 17:00:00,7.540411
2023-11-26 18:00:00,6.618173
2023-11-26 19:00:00,7.0032506
2023-11-26 20:00:00,7.11791
2023-11-26 21:00:00,7.205187
2023-11-26 22:00:00,7.1386786
2023-11-26 23:00:00,7.2187357
2023-11-27 00:00:00,7.377535
2023-11-27 01:00:00,7.999617
2023-11-27 02:00:00,8.676517
2023-11-27 03:00:00,9.053269
2023-11-27 04:00:00,9.221558
2023-11-27 05:00:00,9.213076
2023-11-27 06:00:00,9.052392
2023-11-27 07:00:00,9.66146
2023-11-27 08:00:00,9.295517
2023-11-27 09:00:00,8.587146
2023-11-27 10:00:00,7.7601743
2023-11-27 11:00:00,6.8098
2023-11-27 12:00:00,5.6910586
2023-11-27 13:00:00,4.883511
2023-11-27 14:00:00,4.4442677
2023-11-27 15:00:00,4.240118
2023-11-27 16:00:00,4.220089
2023-11-27 17:00:00,4.1893373
2023-11-27 18:00:00,3.6778347
2023-11-27 19:00:00,3.4919314
2023-11-27 20:00:00,2.6805506
2023-11-27 21:00:00,2.7555366
2023-11-27 22:00:00,3.9621322
2023-11-27 23:00:00,6.070168
2023-11-28 00:00:00,8.375303
2023-11-28 01:00:00,9.347854
2023-11-28 02:00:00,9.130299
2023-11-28 03:00:00,9.032151
2023-11-28 04:00:00,9.193436
2023-11-28 05:00:00,9.196021
2023-11-28 06:00:00,9.268355
2023-11-28 07:00:00,9.585015
2023-11-28 08:00:00,9.319572
2023-11-28 09:00:00,8.758976
2023-11-28 10:00:00,8.005311
2023-11-28 11:00:00,7.7006974
2023-11-28 12:00:00,7.414822
2023-11-28 13:00:00,7.1201844
2023-11-28 14:00:00,6.6645455
2023-11-28 15:00:00,6.1832457
2023-11-28 16:00:00,5.849142
2023-11-28 17:00:00,5.662145
2023-11-28 18:00:00,4.8427773
2023-11-28 19:00:00,4.365895
2023-11-28 20:00:00,4.422391
2023-11-28 21:00:00,4.491179
2023-11-28 22:00:00,4.8089705
2023-11-28 23:00:00,5.5521336
2023-11-29 00:00:00,6.1776485
2023-11-29 01:00:00,6.7685156
2023-11-29 02:00:00,7.386943
2023-11-29 03:00:00,7.8480897
2023-11-29 04:00:00,7.923979
2023-11-29 05:00:00,7.749969
2023-11-29 06:00:00,7.3908997
2023-11-29 07:00:00,6.993373
2023-11-29 08:00:00,6.4304996
2023-11-29 09:00:00,5.8834376
2023-11-29 10:00:00,5.2515855
2023-11-29 11:00:00,4.697881
2023-11-29 12:00:00,4.2857165
2023-11-29 13:00:00,4.1373734
2023-11-29 14:00:00,4.287262
2023-11-29 15:00:00,4.4694242
2023-11-29 16:00:00,4.726106
2023-11-29 17:00:00,4.8301105
2023-11-29 18:00:00,4.556885
2023-11-29 19:00:00,4.734104
2023-11-29 20:00:00,4.7409163
2023-11-29 21:00:00,5.3671937
2023-11-29 22:00:00,6.320278
2023-11-29 23:00:00,7.341651
2023-11-30 00:00:00,8.242644
2023-11-30 01:00:00,8.71048
2023-11-30 02:00:00,8.752643
2023-11-30 03:00:00,8.482663
2023-11-30 04:00:00,8.346029
2023-11-30 05:00:00,8.104724
2023-11-30 06:00:00,7.714684
2023-11-30 07:00:00,7.5521774
2023-11-30 08:00:00,7.1151423
2023-11-30 09:00:00,6.5014315
2023-11-30 10:00:00,5.798792
2023-11-30 11:00:00,5.166889
2023-11-30 12:00:00,4.71576
2023-11-30 13:00:00,4.4622083
2023-11-30 14:00:00,4.339462
2023-11-30 15:00:00,4.4541903
2023-11-30 16:00:00,4.3837357
2023-11-30 17:00:00,4.175257
2023-11-30 18:00:00,3.7878604
2023-11-30 19:00:00,3.3482533
2023-11-30 20:00:00,3.055891
2023-11-30 21:00:00,3.3974025
2023-11-30 22:00:00,4.2735457
2023-11-30 23:00:00,5.826672
2023-12-01 00:00:00,6.8150024
2023-12-01 01:00:00,7.2434263
2023-12-01 02:00:00,7.839348
2023-12-01 03:00:00,8.171837
2023-12-01 04:00:00,8.176051
2023-12-01 05:00:00,7.947383
2023-12-01 06:00:00,7.285338
2023-12-01 07:00:00,6.7900534
2023-12-01 08:00:00,6.6217823
2023-12-01 09:00:00,6.5657043
2023-12-01 10:00:00,5.832
2023-12-01 11:00:00,4.887708
2023-12-01 12:00:00,4.0437317
2023-12-01 13:00:00,3.5621517
2023-12-01 14:00:00,3.2773433
2023-12-01 15:00:00,3.396615
2023-12-01 16:00:00,3.659841
2023-12-01 17:00:00,3.787184
2023-12-01 18:00:00,3.7269945
2023-12-01 19:00:00,3.6998928
2023-12-01 20:00:00,3.8034422
2023-12-01 21:00:00,4.3037305
2023-12-01 22:00:00,5.272024
2023-12-01 23:00:00,6.1937737
2023-12-02 00:00:00,6.6191025
2023-12-02 01:00:00,6.642365
2023-12-02 02:00:00,6.84874
2023-12-02 03:00:00,7.31101
2023-12-02 04:00:00,7.5518503
2023-12-02 05:00:00,7.2209063
2023-12-02 06:00:00,6.739713
2023-12-02 07:00:00,6.1113915
2023-12-02 08:00:00,6.174012
2023-12-02 09:00:00,5.6177964
2023-12-02 10:00:00,4.452189
2023-12-02 11:00:00,3.6068876
2023-12-02 12:00:00,2.4459226
2023-12-02 13:00:00,1.8806696
2023-12-02 14:00:00,2.24658
2023-12-02 15:00:00,2.7257738
2023-12-02 16:00:00,2.9766257
2023-12-02 17:00:00,3.179865
2023-12-02 18:00:00,3.3529859
2023-12-02 19:00:00,2.6850924
2023-12-02 20:00:00,2.6203938
2023-12-02 21:00:00,2.8682377
2023-12-02 22:00:00,3.5856068
2023-12-02 23:00:00,4.0663657
2023-12-03 00:00:00,4.108975
2023-12-03 01:00:00,4.204751
2023-12-03 02:00:00,4.895117
2023-12-03 03:00:00,6.0651937
2023-12-03 04:00:00,6.877399
2023-12-03 05:00:00,6.7873344
2023-12-03 06:00:00,6.5170507
2023-12-03 07:00:00,6.834332
2023-12-03 08:00:00,6.564028
2023-12-03 09:00:00,5.1291943
2023-12-03 10:00:00,4.29991
2023-12-03 11:00:00,3.7529054
2023-12-03 12:00:00,3.080861
2023-12-03 13:00:00,2.424321
2023-12-03 14:00:00,1.8197153
2023-12-03 15:00:00,1.6708994
2023-12-03 16:00:00,1.5716851
2023-12-03 17:00:00,1.7386353
2023-12-03 18:00:00,1.5327673
2023-12-03 19:00:00,0.63648075
2023-12-03 20:00:00,2.728724
2023-12-03 21:00:00,4.033505
2023-12-03 22:00:00,4.8921504
2023-12-03 23:00:00,4.8000526
2023-12-04 00:00:00,4.401059
2023-12-04 01:00:00,3.8638942
2023-12-04 02:00:00,3.085139
2023-12-04 03:00:00,2.2819104
2023-12-04 04:00:00,1.5149908
2023-12-04 05:00:00,1.4324758
2023-12-04 06:00:00,1.0219133
2023-12-04 07:00:00,2.0091217
2023-12-04 08:00:00,3.9150648
2023-12-04 09:00:00,3.4792995
2023-12-04 10:00:00,2.9874156
2023-12-04 11:00:00,2.016938
2023-12-04 12:00:00,1.1802082
2023-12-04 13:00:00,1.2369087
2023-12-04 14:00:00,1.2882652
2023-12-04 15:00:00,1.3065789
2023-12-04 16:00:00,1.367627
2023-12-04 17:00:00,1.3753589
2023-12-04 18:00:00,1.2241627
2023-12-04 19:00:00,2.2191038
2023-12-04 20:00:00,3.5605083
2023-12-04 21:00:00,3.0944445
2023-12-04 22:00:00,3.1383045
2023-12-04 23:00:00,3.518879
2023-12-05 00:00:00,3.7509367
2023-12-05 01:00:00,4.350807
2023-12-05 02:00:00,3.7591183
2023-12-05 03:00:00,3.8150756
2023-12-05 04:00:00,4.1380897
2023-12-05 05:00:00,4.103593
2023-12-05 06:00:00,4.027711
2023-12-05 07:00:00,3.9307134
2023-12-05 08:00:00,4.7830215
2023-12-05 09:00:00,4.2231574
2023-12-05 10:00:00,3.6076522
2023-12-05 11:00:00,3.2527704
2023-12-05 12:00:00,3.0877695
2023-12-05 13:00:00,3.447304
2023-12-05 14:00:00,4.046497
2023-12-05 15:00:00,4.784575
2023-12-05 16:00:00,5.152909
2023-12-05 17:00:00,5.354878
2023-12-05 18:00:00,4.6105437
2023-12-05 19:00:00,4.436901
2023-12-05 20:00:00,4.451607
2023-12-05 21:00:00,5.0339613
2023-12-05 22:00:00,5.739555
2023-12-05 23:00:00,6.7918873
2023-12-06 00:00:00,8.61195
2023-12-06 01:00:00,9.77304
2023-12-06 02:00:00,9.54729
2023-12-06 03:00:00,9.130856
2023-12-06 04:00:00,9.1006975
2023-12-06 05:00:00,9.10632
2023-12-06 06:00:00,8.669873
2023-12-06 07:00:00,9.360289
2023-12-06 08:00:00,8.93825
2023-12-06 09:00:00,8.666104
2023-12-06 10:00:00,8.3466015
2023-12-06 11:00:00,8.102404
2023-12-06 12:00:00,7.931113
2023-12-06 13:00:00,7.580159
2023-12-06 14:00:00,7.2761927
2023-12-06 15:00:00,7.306944
2023-12-06 16:00:00,7.520603
2023-12-06 17:00:00,7.371872
2023-12-06 18:00:00,6.479424
2023-12-06 19:00:00,7.025271
2023-12-06 20:00:00,8.685241
2023-12-06 21:00:00,9.723357
2023-12-06 22:00:00,9.614938
2023-12-06 23:00:00,9.4591255
2023-12-07 00:00:00,9.53737
2023-12-07 01:00:00,9.482142
2023-12-07 02:00:00,9.453417
2023-12-07 03:00:00,9.4445095
2023-12-07 04:00:00,9.458294
2023-12-07 05:00:00,9.500667
2023-12-07 06:00:00,9.017914
2023-12-07 07:00:00,9.42205
2023-12-07 08:00:00,9.305593
2023-12-07 09:00:00,8.949328
2023-12-07 10:00:00,7.9574947
2023-12-07 11:00:00,7.0382733
2023-12-07 12:00:00,6.7281303
2023-12-07 13:00:00,6.4908566
2023-12-07 14:00:00,5.425098
2023-12-07 15:00:00,4.9663157
2023-12-07 16:00:00,4.856152
2023-12-07 17:00:00,4.983853
2023-12-07 18:00:00,4.8468537
2023-12-07 19:00:00,4.975378
2023-12-07 20:00:00,5.154405
2023-12-07 21:00:00,5.7119145
2023-12-07 22:00:00,6.1711764
2023-12-07 23:00:00,6.7959604
2023-12-08 00:00:00,8.072278
2023-12-08 01:00:00,8.59589
2023-12-08 02:00:00,8.510955
2023-12-08 03:00:00,8.561679
2023-12-08 04:00:00,8.637629
2023-12-08 05:00:00,8.574089
2023-12-08 06:00:00,8.31917
2023-12-08 07:00:00,9.132131
2023-12-08 08:00:00,8.900814
2023-12-08 09:00:00,8.10545
2023-12-08 10:00:00,6.94227
2023-12-08 11:00:00,6.0432615
2023-12-08 12:00:00,4.9755554
2023-12-08 13:00:00,4.290412
2023-12-08 14:00:00,3.8498616
2023-12-08 15:00:00,3.6987603
2023-12-08 16:00:00,3.8623393
2023-12-08 17:00:00,4.0339093
2023-12-08 18:00:00,4.1746087
2023-12-08 19:00:00,4.297211
2023-12-08 20:00:00,4.4042506
2023-12-08 21:00:00,4.745029
2023-12-08 22:00:00,5.1372848
2023-12-08 23:00:00,5.890005
2023-12-09 00:00:00,6.784554
2023-12-09 01:00:00,7.621025
2023-12-09 02:00:00,8.023753
2023-12-09 03:00:00,7.779016
2023-12-09 04:00:00,7.640997
2023-12-09 05:00:00,7.667004
2023-12-09 06:00:00,7.600859
2023-12-09 07:00:00,7.673734
2023-12-09 08:00:00,7.195099
2023-12-09 09:00:00,6.839228
2023-12-09 10:00:00,5.9787874
2023-12-09 11:00:00,4.553512
2023-12-09 12:00:00,3.1055603
2023-12-09 13:00:00,2.4820673
2023-12-09 14:00:00,2.5754344
2023-12-09 15:00:00,2.9053032
2023-12-09 16:00:00,3.2745845
2023-12-09 17:00:00,3.4387743
2023-12-09 18:00:00,3.4047992
2023-12-09 19:00:00,2.902063
2023-12-09 20:00:00,2.677272
2023-12-09 21:00:00,3.081104
2023-12-09 22:00:00,4.343837
2023-12-09 23:00:00,5.4444065
2023-12-10 00:00:00,6.476104
2023-12-10 01:00:00,7.774628
2023-12-10 02:00:00,8.813573
2023-12-10 03:00:00,8.92517
2023-12-10 04:00:00,8.237596
2023-12-10 05:00:00,7.7248263
2023-12-10 06:00:00,7.4769335
2023-12-10 07:00:00,8.040161
2023-12-10 08:00:00,7.9020844
2023-12-10 09:00:00,7.7399545
2023-12-10 10:00:00,7.155526
2023-12-10 11:00:00,6.493112
2023-12-10 12:00:00,5.9843984
2023-12-10 13:00:00,5.602909
2023-12-10 14:00:00,5.3586993
2023-12-10 15:00:00,5.347808
2023-12-10 16:00:00,5.231089
2023-12-10 17:00:00,4.821209
2023-12-10 18:00:00,4.0449705
2023-12-10 19:00:00,4.4131103
2023-12-10 20:00:00,4.894409
2023-12-10 21:00:00,5.979226
2023-12-10 22:00:00,7.222892
2023-12-10 23:00:00,8.868792
2023-12-11 00:00:00,10.088604
2023-12-11 01:00:00,10.045594
2023-12-11 02:00:00,9.338032
2023-12-11 03:00:00,9.373133
2023-12-11 04:00:00,9.412878
2023-12-11 05:00:00,9.255219
2023-12-11 06:00:00,8.739387
2023-12-11 07:00:00,9.151299
2023-12-11 08:00:00,8.821772
2023-12-11 09:00:00,8.687765
2023-12-11 10:00:00,7.614399
2023-12-11 11:00:00,7.024425
2023-12-11 12:00:00,6.2971883
2023-12-11 13:00:00,5.505952
2023-12-11 14:00:00,5.116984
2023-12-11 15:00:00,4.8551645
2023-12-11 16:00:00,4.6733437
2023-12-11 17:00:00,4.732453
2023-12-11 18:00:00,4.4455023
2023-12-11 19:00:00,3.4504397
2023-12-11 20:00:00,3.6376772
2023-12-11 21:00:00,4.5297728
2023-12-11 22:00:00,5.314033
2023-12-11 23:00:00,5.7512493
2023-12-12 00:00:00,5.854963
2023-12-12 01:00:00,6.7664585
2023-12-12 02:00:00,8.338437
2023-12-12 03:00:00,8.86312
2023-12-12 04:00:00,8.642147
2023-12-12 05:00:00,8.50073
2023-12-12 06:00:00,8.397979
2023-12-12 07:00:00,8.398917
2023-12-12 08:00:00,7.863427
2023-12-12 09:00:00,7.2146487
2023-12-12 10:00:00,6.669876
2023-12-12 11:00:00,6.021049
2023-12-12 12:00:00,5.4487376
2023-12-12 13:00:00,4.985128
2023-12-12 14:00:00,4.858043
2023-12-12 15:00:00,4.966108
2023-12-12 16:00:00,5.14664
2023-12-12 17:00:00,4.9441857
2023-12-12 18:00:00,4.560752
2023-12-12 19:00:00,4.794383
2023-12-12 20:00:00,5.358142
2023-12-12 21:00:00,6.053931
2023-12-12 22:00:00,6.5683208
2023-12-12 23:00:00,7.204098
2023-12-13 00:00:00,8.272473
2023-12-13 01:00:00,9.543219
2023-12-13 02:00:00,9.74299
2023-12-13 03:00:00,9.475951
2023-12-13 04:00:00,9.308775
2023-12-13 05:00:00,9.137941
2023-12-13 06:00:00,8.916644
2023-12-13 07:00:00,8.944998
2023-12-13 08:00:00,8.629571
2023-12-13 09:00:00,8.488042
2023-12-13 10:00:00,8.135597
2023-12-13 11:00:00,7.8648868
2023-12-13 12:00:00,7.578015
2023-12-13 13:00:00,7.160333
2023-12-13 14:00:00,6.862421
2023-12-13 15:00:00,6.8378787
2023-12-13 16:00:00,7.006143
2023-12-13 17:00:00,6.808983
2023-12-13 18:00:00,6.4617734
2023-12-13 19:00:00,6.83397
2023-12-13 20:00:00,7.6814466
2023-12-13 21:00:00,8.432808
2023-12-13 22:00:00,9.297014
2023-12-13 23:00:00,10.27495
2023-12-14 00:00:00,10.670859
2023-12-14 01:00:00,10.541911
2023-12-14 02:00:00,10.25152
2023-12-14 03:00:00,10.147902
2023-12-14 04:00:00,10.343232
2023-12-14 05:00:00,10.680102
2023-12-14 06:00:00,10.614493
2023-12-14 07:00:00,11.249117
2023-12-14 08:00:00,11.301334
2023-12-14 09:00:00,11.0542
2023-12-14 10:00:00,10.457334
2023-12-14 11:00:00,9.989146
2023-12-14 12:00:00,9.643009
2023-12-14 13:00:00,9.298419
2023-12-14 14:00:00,8.846034
2023-12-14 15:00:00,8.529078
2023-12-14 16:00:00,8.471168
2023-12-14 17:00:00,8.253139
2023-12-14 18:00:00,7.5523744
2023-12-14 19:00:00,7.9703064
2023-12-14 20:00:00,8.9589
2023-12-14 21:00:00,9.39699
2023-12-14 22:00:00,9.273726
2023-12-14 23:00:00,9.129727
2023-12-15 00:00:00,9.471725
2023-12-15 01:00:00,9.809229
2023-12-15 02:00:00,9.85815
2023-12-15 03:00:00,9.784953
2023-12-15 04:00:00,9.624507
2023-12-15 05:00:00,9.490871
2023-12-15 06:00:00,8.882353
2023-12-15 07:00:00,9.059131
2023-12-15 08:00:00,9.814269
2023-12-15 09:00:00,9.896192
2023-12-15 10:00:00,9.636199
2023-12-15 11:00:00,9.086517
2023-12-15 12:00:00,8.844007
2023-12-15 13:00:00,8.389091
2023-12-15 14:00:00,7.930901
2023-12-15 15:00:00,7.423873
2023-12-15 16:00:00,6.71136
2023-12-15 17:00:00,6.0726385
2023-12-15 18:00:00,5.614573
2023-12-15 19:00:00,6.1774235
2023-12-15 20:00:00,6.495564
2023-12-15 21:00:00,6.902264
2023-12-15 22:00:00,6.976941
2023-12-15 23:00:00,6.836345
2023-12-16 00:00:00,7.5602484
2023-12-16 01:00:00,8.515117
2023-12-16 02:00:00,9.3396845
2023-12-16 03:00:00,9.411802
2023-12-16 04:00:00,9.443548
2023-12-16 05:00:00,9.2757
2023-12-16 06:00:00,8.930812
2023-12-16 07:00:00,9.41809
2023-12-16 08:00:00,9.098423
2023-12-16 09:00:00,8.59341
2023-12-16 10:00:00,8.030991
2023-12-16 11:00:00,7.4781823
2023-12-16 12:00:00,6.8412175
2023-12-16 13:00:00,6.2939296
2023-12-16 14:00:00,5.6127715
2023-12-16 15:00:00,5.227109
2023-12-16 16:00:00,5.130144
2023-12-16 17:00:00,5.037725
2023-12-16 18:00:00,4.6962037
2023-12-16 19:00:00,5.6024604
2023-12-16 20:00:00,7.0556297
2023-12-16 21:00:00,8.534672
2023-12-16 22:00:00,8.652943
2023-12-16 23:00:00,8.640284
2023-12-17 00:00:00,9.114501
2023-12-17 01:00:00,9.552893
2023-12-17 02:00:00,9.600602
2023-12-17 03:00:00,9.295388
2023-12-17 04:00:00,8.990991
2023-12-17 05:00:00,8.760754
2023-12-17 06:00:00,8.246327
2023-12-17 07:00:00,8.417642
2023-12-17 08:00:00,7.8985987
2023-12-17 09:00:00,7.69167
2023-12-17 10:00:00,7.2139025
2023-12-17 11:00:00,6.169728
2023-12-17 12:00:00,4.664276
2023-12-17 13:00:00,3.844425
2023-12-17 14:00:00,3.6105592
2023-12-17 15:00:00,3.7498095
2023-12-17 16:00:00,3.8495603
2023-12-17 17:00:00,4.1500072
2023-12-17 18:00:00,4.6450844
2023-12-17 19:00:00,5.286946
2023-12-17 20:00:00,5.564711
2023-12-17 21:00:00,5.833526
2023-12-17 22:00:00,5.7804704
2023-12-17 23:00:00,6.589825
2023-12-18 00:00:00,7.5001693
2023-12-18 01:00:00,8.075876
2023-12-18 02:00:00,8.605181
2023-12-18 03:00:00,8.801827
2023-12-18 04:00:00,8.253221
2023-12-18 05:00:00,7.7341723
2023-12-18 06:00:00,7.568687
2023-12-18 07:00:00,7.180629
2023-12-18 08:00:00,6.3097787
2023-12-18 09:00:00,5.269111
2023-12-18 10:00:00,4.100085
2023-12-18 11:00:00,3.0599525
2023-12-18 12:00:00,2.1657481
2023-12-18 13:00:00,1.3997176
2023-12-18 14:00:00,1.1385967
2023-12-18 15:00:00,1.5941347
2023-12-18 16:00:00,2.0181494
2023-12-18 17:00:00,2.6132596
2023-12-18 18:00:00,2.9031944
2023-12-18 19:00:00,3.3226159
2023-12-18 20:00:00,3.5348375
2023-12-18 21:00:00,4.210023
2023-12-18 22:00:00,5.6858196
2023-12-18 23:00:00,6.4683948
2023-12-19 00:00:00,6.3370867
2023-12-19 01:00:00,5.7951655
2023-12-19 02:00:00,5.3101425
2023-12-19 03:00:00,4.888274
2023-12-19 04:00:00,4.5321207
2023-12-19 05:00:00,4.0824337
2023-12-19 06:00:00,3.6217442
2023-12-19 07:00:00,3.0828545
2023-12-19 08:00:00,4.3655787
2023-12-19 09:00:00,4.809413
2023-12-19 10:00:00,4.463084
2023-12-19 11:00:00,3.6908062
2023-12-19 12:00:00,3.4111042
2023-12-19 13:00:00,3.1671567
2023-12-19 14:00:00,3.1782973
2023-12-19 15:00:00,3.1920137
2023-12-19 16:00:00,2.664105
2023-12-19 17:00:00,2.0773
2023-12-19 18:00:00,2.2753203
2023-12-19 19:00:00,2.3276591
2023-12-19 20:00:00,3.2956147
2023-12-19 21:00:00,6.148393
2023-12-19 22:00:00,7.201489
2023-12-19 23:00:00,6.749357
2023-12-20 00:00:00,6.140614
2023-12-20 01:00:00,6.365258
2023-12-20 02:00:00,7.300832
2023-12-20 03:00:00,7.105413
2023-12-20 04:00:00,6.306714
2023-12-20 05:00:00,6.0692477
2023-12-20 06:00:00,5.520829
2023-12-20 07:00:00,5.6589375
2023-12-20 08:00:00,5.601801
2023-12-20 09:00:00,4.8858137
2023-12-20 10:00:00,4.435103
2023-12-20 11:00:00,4.0106573
2023-12-20 12:00:00,4.619136
2023-12-20 13:00:00,4.832401
2023-12-20 14:00:00,4.51527
2023-12-20 15:00:00,4.227554
2023-12-20 16:00:00,2.6595857
2023-12-20 17:00:00,2.5376976
2023-12-20 18:00:00,3.9481711
2023-12-20 19:00:00,3.8906527
2023-12-20 20:00:00,4.9721637
2023-12-20 21:00:00,4.580017
2023-12-20 22:00:00,5.1063113
2023-12-20 23:00:00,5.8913345
2023-12-21 00:00:00,5.392405
2023-12-21 01:00:00,4.2884116
2023-12-21 02:00:00,4.382385
2023-12-21 03:00:00,4.575761
2023-12-21 04:00:00,4.775088
2023-12-21 05:00:00,5.1706977
2023-12-21 06:00:00,5.203717
2023-12-21 07:00:00,4.92697
2023-12-21 08:00:00,4.741578
2023-12-21 09:00:00,6.1703095
2023-12-21 10:00:00,6.3143687
2023-12-21 11:00:00,6.1215634
2023-12-21 12:00:00,5.5761943
2023-12-21 13:00:00,5.209064
2023-12-21 14:00:00,5.37032
2023-12-21 15:00:00,4.846866
2023-12-21 16:00:00,5.10471
2023-12-21 17:00:00,6.8425107
2023-12-21 18:00:00,8.704298
2023-12-21 19:00:00,8.746256
2023-12-21 20:00:00,8.393393
2023-12-21 21:00:00,8.817481
2023-12-21 22:00:00,9.528056
2023-12-21 23:00:00,9.700511
2023-12-22 00:00:00,8.8547
2023-12-22 01:00:00,7.7732344
2023-12-22 02:00:00,7.295201
2023-12-22 03:00:00,6.5632033
2023-12-22 04:00:00,6.2309136
2023-12-22 05:00:00,6.0684075
2023-12-22 06:00:00,6.1618204
2023-12-22 07:00:00,6.4717665
2023-12-22 08:00:00,6.1580153
2023-12-22 09:00:00,6.261532
2023-12-22 10:00:00,6.771583
2023-12-22 11:00:00,6.9075756
2023-12-22 12:00:00,6.201081
2023-12-22 13:00:00,5.197811
2023-12-22 14:00:00,4.8396826
2023-12-22 15:00:00,5.064143
2023-12-22 16:00:00,5.6606226
2023-12-22 17:00:00,5.852676
2023-12-22 18:00:00,6.3511205
2023-12-22 19:00:00,8.184925
2023-12-22 20:00:00,8.957775
2023-12-22 21:00:00,9.376516
2023-12-22 22:00:00,9.041506
2023-12-22 23:00:00,8.818114
2023-12-23 00:00:00,8.377668
2023-12-23 01:00:00,8.2603655
2023-12-23 02:00:00,8.371495
2023-12-23 03:00:00,8.2394
2023-12-23 04:00:00,7.757566
2023-12-23 05:00:00,7.1739755
2023-12-23 06:00:00,6.7150164
2023-12-23 07:00:00,6.5466266
2023-12-23 08:00:00,6.6852674
2023-12-23 09:00:00,6.5967045
2023-12-23 10:00:00,6.576074
2023-12-23 11:00:00,6.920749
2023-12-23 12:00:00,6.90227
2023-12-23 13:00:00,6.568533
2023-12-23 14:00:00,6.1987267
2023-12-23 15:00:00,6.123643
2023-12-23 16:00:00,6.1979895
2023-12-23 17:00:00,6.048888
2023-12-23 18:00:00,5.3902617
2023-12-23 19:00:00,4.89892
2023-12-23 20:00:00,5.2067184
2023-12-23 21:00:00,5.8049817
2023-12-23 22:00:00,6.5150537
2023-12-23 23:00:00,6.8931375
2023-12-24 00:00:00,6.870468
2023-12-24 01:00:00,7.0117536
2023-12-24 02:00:00,7.3735957
2023-12-24 03:00:00,7.7184305
2023-12-24 04:00:00,8.047142
2023-12-24 05:00:00,8.226214
2023-12-24 06:00:00,8.341556
2023-12-24 07:00:00,7.924287
2023-12-24 08:00:00,7.7267513
2023-12-24 09:00:00,7.4094415
2023-12-24 10:00:00,6.9521985
2023-12-24 11:00:00,6.1743116
2023-12-24 12:00:00,5.300206
2023-12-24 13:00:00,4.615667
2023-12-24 14:00:00,4.6148124
2023-12-24 15:00:00,4.8076353
2023-12-24 16:00:00,5.1023984
2023-12-24 17:00:00,5.18918
2023-12-24 18:00:00,4.747526
2023-12-24 19:00:00,5.70591
2023-12-24 20:00:00,6.255324
2023-12-24 21:00:00,6.988113
2023-12-24 22:00:00,7.7435083
2023-12-24 23:00:00,8.379458
2023-12-25 00:00:00,8.501614
2023-12-25 01:00:00,8.440058
2023-12-25 02:00:00,8.558528
2023-12-25 03:00:00,8.967127
2023-12-25 04:00:00,9.099229
2023-12-25 05:00:00,8.994706
2023-12-25 06:00:00,8.903278
2023-12-25 07:00:00,8.582725
2023-12-25 08:00:00,8.271244
2023-12-25 09:00:00,8.112103
2023-12-25 10:00:00,7.7158256
2023-12-25 11:00:00,7.044017
2023-12-25 12:00:00,6.338592
2023-12-25 13:00:00,6.032484
2023-12-25 14:00:00,6.021581
2023-12-25 15:00:00,6.1125994
2023-12-25 16:00:00,6.2601104
2023-12-25 17:00:00,6.011703
2023-12-25 18:00:00,4.861189
2023-12-25 19:00:00,4.7724934
2023-12-25 20:00:00,5.9494452
2023-12-25 21:00:00,7.9106297
2023-12-25 22:00:00,8.516536
2023-12-25 23:00:00,8.316369
2023-12-26 00:00:00,8.029248
2023-12-26 01:00:00,7.63483
2023-12-26 02:00:00,7.307429
2023-12-26 03:00:00,7.083411
2023-12-26 04:00:00,7.11033
2023-12-26 05:00:00,7.152231
2023-12-26 06:00:00,7.2045426
2023-12-26 07:00:00,6.6179466
2023-12-26 08:00:00,6.2540865
2023-12-26 09:00:00,5.5124183
2023-12-26 10:00:00,4.7715697
2023-12-26 11:00:00,4.1145997
2023-12-26 12:00:00,3.4978042
2023-12-26 13:00:00,3.3729577
2023-12-26 14:00:00,3.6402907
2023-12-26 15:00:00,3.8175795
2023-12-26 16:00:00,3.8660507
2023-12-26 17:00:00,3.8797293
2023-12-26 18:00:00,3.951346
2023-12-26 19:00:00,4.545844
2023-12-26 20:00:00,4.21848
2023-12-26 21:00:00,4.043868
2023-12-26 22:00:00,4.4377027
2023-12-26 23:00:00,5.4576254
2023-12-27 00:00:00,6.901282
2023-12-27 01:00:00,7.31165
2023-12-27 02:00:00,7.155462
2023-12-27 03:00:00,7.2156057
2023-12-27 04:00:00,7.428372
2023-12-27 05:00:00,7.4732265
2023-12-27 06:00:00,7.2948093
2023-12-27 07:00:00,6.140681
2023-12-27 08:00:00,5.807688
2023-12-27 09:00:00,5.407251
2023-12-27 10:00:00,4.99807
2023-12-27 11:00:00,4.0753126
2023-12-27 12:00:00,3.2434556
2023-12-27 13:00:00,3.2483203
2023-12-27 14:00:00,3.1207376
2023-12-27 15:00:00,3.0209692
2023-12-27 16:00:00,3.1935773
2023-12-27 17:00:00,3.1864831
2023-12-27 18:00:00,2.404915
2023-12-27 19:00:00,1.9392744
2023-12-27 20:00:00,2.3571997
2023-12-27 21:00:00,3.8879216
2023-12-27 22:00:00,5.488263
2023-12-27 23:00:00,6.809142
2023-12-28 00:00:00,7.2867875
2023-12-28 01:00:00,7.1135917
2023-12-28 02:00:00,6.3780813
2023-12-28 03:00:00,5.9724827
2023-12-28 04:00:00,6.234074
2023-12-28 05:00:00,6.6988726
2023-12-28 06:00:00,6.8166842
2023-12-28 07:00:00,6.585095
2023-12-28 08:00:00,6.865484
2023-12-28 09:00:00,6.7042174
2023-12-28 10:00:00,5.976391
2023-12-28 11:00:00,5.227793
2023-12-28 12:00:00,4.6490083
2023-12-28 13:00:00,4.2833576
2023-12-28 14:00:00,4.2013116
2023-12-28 15:00:00,4.3097067
2023-12-28 16:00:00,4.431234
2023-12-28 17:00:00,4.3495145
2023-12-28 18:00:00,3.8768435
2023-12-28 19:00:00,3.241415
2023-12-28 20:00:00,3.849674
2023-12-28 21:00:00,5.302501
2023-12-28 22:00:00,6.3065767
2023-12-28 23:00:00,6.475164
2023-12-29 00:00:00,6.6288137
2023-12-29 01:00:00,7.030695
2023-12-29 02:00:00,7.114113
2023-12-29 03:00:00,7.396986
2023-12-29 04:00:00,7.715331
2023-12-29 05:00:00,7.75581
2023-12-29 06:00:00,7.6823688
2023-12-29 07:00:00,6.9101586
2023-12-29 08:00:00,6.966135
2023-12-29 09:00:00,6.90815
2023-12-29 10:00:00,6.7192616
2023-12-29 11:00:00,6.0265236
2023-12-29 12:00:00,5.009581
2023-12-29 13:00:00,4.342227
2023-12-29 14:00:00,3.701008
2023-12-29 15:00:00,3.4765916
2023-12-29 16:00:00,3.598321
2023-12-29 17:00:00,3.5716622
2023-12-29 18:00:00,3.4880984
2023-12-29 19:00:00,4.1476073
2023-12-29 20:00:00,4.4160547
2023-12-29 21:00:00,4.5938005
2023-12-29 22:00:00,4.9276376
2023-12-29 23:00:00,5.066475
2023-12-30 00:00:00,5.147935
2023-12-30 01:00:00,5.2296567
2023-12-30 02:00:00,5.172946
2023-12-30 03:00:00,5.289953
2023-12-30 04:00:00,5.7398214
2023-12-30 05:00:00,6.30828
2023-12-30 06:00:00,6.554695
2023-12-30 07:00:00,5.766546
2023-12-30 08:00:00,5.6160326
2023-12-30 09:00:00,5.442722
2023-12-30 10:00:00,5.200085
2023-12-30 11:00:00,4.690087
2023-12-30 12:00:00,3.911129
2023-12-30 13:00:00,3.147439
2023-12-30 14:00:00,2.5623646
2023-12-30 15:00:00,2.2709684
2023-12-30 16:00:00,2.3408515
2023-12-30 17:00:00,2.4639246
2023-12-30 18:00:00,2.9769495
2023-12-30 19:00:00,2.6824837
2023-12-30 20:00:00,1.9803671
2023-12-30 21:00:00,1.2037108
2023-12-30 22:00:00,2.5591872
2023-12-30 23:00:00,5.146195
2023-12-31 00:00:00,6.7555575
2023-12-31 01:00:00,6.429632
2023-12-31 02:00:00,5.588665
2023-12-31 03:00:00,5.033472
2023-12-31 04:00:00,4.7768593
2023-12-31 05:00:00,4.8317223
2023-12-31 06:00:00,5.0135355
2023-12-31 07:00:00,2.8466687
2023-12-31 08:00:00,1.9001925
2023-12-31 09:00:00,2.1924884
2023-12-31 10:00:00,2.568254
2023-12-31 11:00:00,3.0956876
2023-12-31 12:00:00,3.3600583
2023-12-31 13:00:00,3.4448576
2023-12-31 14:00:00,3.2233534
2023-12-31 15:00:00,3.014492
2023-12-31 16:00:00,3.365245
2023-12-31 17:00:00,3.2806377
2023-12-31 18:00:00,4.152865
2023-12-31 19:00:00,4.5194087
2023-12-31 20:00:00,3.7827919
2023-12-31 21:00:00,4.055913
2023-12-31 22:00:00,4.5329537
2023-12-31 23:00:00,4.1993766
2024-01-01 00:00:00,3.5512614
2024-01-01 01:00:00,3.1828523
2024-01-01 02:00:00,2.9908173
2024-01-01 03:00:00,3.0630305
2024-01-01 04:00:00,2.858979
2024-01-01 05:00:00,2.2049623
2024-01-01 06:00:00,1.9514599
2024-01-01 07:00:00,2.3514261
2024-01-01 08:00:00,1.8678845
2024-01-01 09:00:00,1.0616146
2024-01-01 10:00:00,0.5413578
2024-01-01 11:00:00,0.40422818
2024-01-01 12:00:00,0.4782788
2024-01-01 13:00:00,0.30273572
2024-01-01 14:00:00,0.5597766
2024-01-01 15:00:00,1.0366746
2024-01-01 16:00:00,1.4215086
2024-01-01 17:00:00,1.843166
2024-01-01 18:00:00,3.0437744
2024-01-01 19:00:00,3.831288
2024-01-01 20:00:00,4.0130963
2024-01-01 21:00:00,3.468254
2024-01-01 22:00:00,3.082418
2024-01-01 23:00:00,2.8417778
2024-01-02 00:00:00,3.6838303
2024-01-02 01:00:00,4.235998
2024-01-02 02:00:00,4.515908
2024-01-02 03:00:00,4.909627
2024-01-02 04:00:00,4.904558
2024-01-02 05:00:00,4.5671573
2024-01-02 06:00:00,3.6861954
2024-01-02 07:00:00,2.1607296
2024-01-02 08:00:00,1.8432615
2024-01-02 09:00:00,2.0022786
2024-01-02 10:00:00,2.405781
2024-01-02 11:00:00,2.2369397
2024-01-02 12:00:00,2.4004245
2024-01-02 13:00:00,2.7237773
2024-01-02 14:00:00,2.6420732
2024-01-02 15:00:00,3.0508025
2024-01-02 16:00:00,3.0397992
2024-01-02 17:00:00,2.8190005
2024-01-02 18:00:00,2.7120287
2024-01-02 19:00:00,1.8176981
2024-01-02 20:00:00,3.0179589
2024-01-02 21:00:00,3.2841825
2024-01-02 22:00:00,2.8414748
2024-01-02 23:00:00,2.6330013
2024-01-03 00:00:00,3.423142
2024-01-03 01:00:00,3.874542
2024-01-03 02:00:00,3.7607968
2024-01-03 03:00:00,3.4622736
2024-01-03 04:00:00,3.112478
2024-01-03 05:00:00,2.452656
2024-01-03 06:00:00,1.6090714
2024-01-03 07:00:00,2.03553
2024-01-03 08:00:00,1.8962392
2024-01-03 09:00:00,2.2169662
2024-01-03 10:00:00,2.6232393
2024-01-03 11:00:00,2.5522268
2024-01-03 12:00:00,2.178449
2024-01-03 13:00:00,2.4340417
2024-01-03 14:00:00,3.039309
2024-01-03 15:00:00,3.1646106
2024-01-03 16:00:00,2.8544824
2024-01-03 17:00:00,2.145904
2024-01-03 18:00:00,1.0582013
2024-01-03 19:00:00,2.544735
2024-01-03 20:00:00,2.5314348
2024-01-03 21:00:00,1.6821109
2024-01-03 22:00:00,1.1778054
2024-01-03 23:00:00,0.8076503
2024-01-04 00:00:00,0.95975065
2024-01-04 01:00:00,1.4988918
2024-01-04 02:00:00,2.3690896
2024-01-04 03:00:00,2.4450119
2024-01-04 04:00:00,1.7283987
2024-01-04 05:00:00,1.3219109
2024-01-04 06:00:00,0.90641594
2024-01-04 07:00:00,0.14664413
2024-01-04 08:00:00,0.81037974
2024-01-04 09:00:00,2.5219357
2024-01-04 10:00:00,3.6823344
2024-01-04 11:00:00,3.909224
2024-01-04 12:00:00,3.8917172
2024-01-04 13:00:00,3.717333
2024-01-04 14:00:00,3.3390174
2024-01-04 15:00:00,3.0991569
2024-01-04 16:00:00,3.2735
2024-01-04 17:00:00,3.4608142
2024-01-04 18:00:00,2.8466456
2024-01-04 19:00:00,3.2695022
2024-01-04 20:00:00,3.8500504
2024-01-04 21:00:00,4.79406
2024-01-04 22:00:00,4.7216606
2024-01-04 23:00:00,4.0456324
2024-01-05 00:00:00,3.7773573
2024-01-05 01:00:00,3.6883523
2024-01-05 02:00:00,3.3630242
2024-01-05 03:00:00,2.9973688
2024-01-05 04:00:00,2.922503
2024-01-05 05:00:00,2.681598
2024-01-05 06:00:00,2.3033807
2024-01-05 07:00:00,1.0687972
2024-01-05 08:00:00,0.6421043
2024-01-05 09:00:00,0.56568235
2024-01-05 10:00:00,0.33239073
2024-01-05 11:00:00,1.46706
2024-01-05 12:00:00,1.845027
2024-01-05 13:00:00,1.6602262
2024-01-05 14:00:00,1.429559
2024-01-05 15:00:00,1.1405729
2024-01-05 16:00:00,1.2006512
2024-01-05 17:00:00,1.2034299
2024-01-05 18:00:00,0.49407238
2024-01-05 19:00:00,0.7369279
2024-01-05 20:00:00,2.499918
2024-01-05 21:00:00,3.7923615
2024-01-05 22:00:00,4.3299546
2024-01-05 23:00:00,4.290242
2024-01-06 00:00:00,4.423026
2024-01-06 01:00:00,4.805073
2024-01-06 02:00:00,5.5474267
2024-01-06 03:00:00,6.296025
2024-01-06 04:00:00,6.3507533
2024-01-06 05:00:00,5.933946
2024-01-06 06:00:00,4.926122
2024-01-06 07:00:00,2.2447865
2024-01-06 08:00:00,3.1358204
2024-01-06 09:00:00,3.5907521
2024-01-06 10:00:00,3.7543757
2024-01-06 11:00:00,3.3436935
2024-01-06 12:00:00,2.9396791
2024-01-06 13:00:00,2.6924617
2024-01-06 14:00:00,2.2186172
2024-01-06 15:00:00,2.21851
2024-01-06 16:00:00,2.4349585
2024-01-06 17:00:00,2.5184505
2024-01-06 18:00:00,2.5359468
2024-01-06 19:00:00,1.6701418
2024-01-06 20:00:00,1.6051981
2024-01-06 21:00:00,1.3233422
2024-01-06 22:00:00,0.8259505
2024-01-06 23:00:00,1.4997048
2024-01-07 00:00:00,2.0891001
2024-01-07 01:00:00,2.2152655
2024-01-07 02:00:00,2.099297
2024-01-07 03:00:00,1.6430955
2024-01-07 04:00:00,1.6312382
2024-01-07 05:00:00,1.419932
2024-01-07 06:00:00,0.42214152
2024-01-07 07:00:00,1.8013048
2024-01-07 08:00:00,3.0913265
2024-01-07 09:00:00,2.393006
2024-01-07 10:00:00,1.9286757
2024-01-07 11:00:00,1.9103911
2024-01-07 12:00:00,2.0702143
2024-01-07 13:00:00,1.7335577
2024-01-07 14:00:00,1.5240831
2024-01-07 15:00:00,1.916821
2024-01-07 16:00:00,2.659021
2024-01-07 17:00:00,2.8675346
2024-01-07 18:00:00,3.2140825
2024-01-07 19:00:00,4.046582
2024-01-07 20:00:00,5.550531
2024-01-07 21:00:00,6.268078
2024-01-07 22:00:00,6.060892
2024-01-07 23:00:00,5.519754
2024-01-08 00:00:00,4.9157825
2024-01-08 01:00:00,5.0142894
2024-01-08 02:00:00,5.211174
2024-01-08 03:00:00,4.7431545
2024-01-08 04:00:00,3.7389185
2024-01-08 05:00:00,2.583271
2024-01-08 06:00:00,3.272905
2024-01-08 07:00:00,2.8271625
2024-01-08 08:00:00,2.7437315
2024-01-08 09:00:00,2.7952106
2024-01-08 10:00:00,2.5868852
2024-01-08 11:00:00,2.2658894
2024-01-08 12:00:00,1.8303236
2024-01-08 13:00:00,1.7667044
2024-01-08 14:00:00,1.4703968
2024-01-08 15:00:00,1.195259
2024-01-08 16:00:00,0.8202448
2024-01-08 17:00:00,0.47425526
2024-01-08 18:00:00,0.45581454
2024-01-08 19:00:00,1.1515812
2024-01-08 20:00:00,1.9486558
2024-01-08 21:00:00,3.04552
2024-01-08 22:00:00,3.532222
2024-01-08 23:00:00,3.6198275
2024-01-09 00:00:00,4.2063127
2024-01-09 01:00:00,4.4112215
2024-01-09 02:00:00,4.442466
2024-01-09 03:00:00,4.2388043
2024-01-09 04:00:00,3.8523688
2024-01-09 05:00:00,4.1810975
2024-01-09 06:00:00,5.0941453
2024-01-09 07:00:00,5.1079316
2024-01-09 08:00:00,5.6887727
2024-01-09 09:00:00,5.577025
2024-01-09 10:00:00,5.559923
2024-01-09 11:00:00,5.2034836
2024-01-09 12:00:00,4.851306
2024-01-09 13:00:00,4.346713
2024-01-09 14:00:00,4.0502076
2024-01-09 15:00:00,4.1407194
2024-01-09 16:00:00,4.201799
2024-01-09 17:00:00,4.117609
2024-01-09 18:00:00,3.6568131
2024-01-09 19:00:00,3.4728613
2024-01-09 20:00:00,2.461034
2024-01-09 21:00:00,2.3838375
2024-01-09 22:00:00,3.1458197
2024-01-09 23:00:00,4.821234
2024-01-10 00:00:00,7.170901
2024-01-10 01:00:00,8.146276
2024-01-10 02:00:00,7.912858
2024-01-10 03:00:00,7.617001
2024-01-10 04:00:00,7.3692126
2024-01-10 05:00:00,7.144679
2024-01-10 06:00:00,6.8982363
2024-01-10 07:00:00,6.7384973
2024-01-10 08:00:00,6.3188877
2024-01-10 09:00:00,6.1078734
2024-01-10 10:00:00,5.9744844
2024-01-10 11:00:00,5.312698
2024-01-10 12:00:00,4.6275434
2024-01-10 13:00:00,4.303804
2024-01-10 14:00:00,4.24333
2024-01-10 15:00:00,4.2921324
2024-01-10 16:00:00,4.1611986
2024-01-10 17:00:00,4.2539415
2024-01-10 18:00:00,4.126362
2024-01-10 19:00:00,4.000765
2024-01-10 20:00:00,4.725941
2024-01-10 21:00:00,6.0236945
2024-01-10 22:00:00,6.2271123
2024-01-10 23:00:00,6.2616434
2024-01-11 00:00:00,6.05594
2024-01-11 01:00:00,5.970894
2024-01-11 02:00:00,6.499633
2024-01-11 03:00:00,6.6933527
2024-01-11 04:00:00,6.7876472
2024-01-11 05:00:00,6.776779
2024-01-11 06:00:00,6.382754
2024-01-11 07:00:00,6.0302634
2024-01-11 08:00:00,5.941792
2024-01-11 09:00:00,5.6542134
2024-01-11 10:00:00,5.604835
2024-01-11 11:00:00,5.4453673
2024-01-11 12:00:00,5.423652
2024-01-11 13:00:00,5.2132015
2024-01-11 14:00:00,4.8288474
2024-01-11 15:00:00,4.4211526
2024-01-11 16:00:00,4.325885
2024-01-11 17:00:00,4.3684077
2024-01-11 18:00:00,4.3536305
2024-01-11 19:00:00,5.1028743
2024-01-11 20:00:00,5.007924
2024-01-11 21:00:00,5.131571
2024-01-11 22:00:00,5.0388203
2024-01-11 23:00:00,4.7023015
2024-01-12 00:00:00,4.5251927
2024-01-12 01:00:00,4.2976675
2024-01-12 02:00:00,4.1648006
2024-01-12 03:00:00,4.1807733
2024-01-12 04:00:00,4.9772
2024-01-12 05:00:00,5.5182433
2024-01-12 06:00:00,6.267344
2024-01-12 07:00:00,5.437225
2024-01-12 08:00:00,6.1852803
2024-01-12 09:00:00,6.363615
2024-01-12 10:00:00,6.073412
2024-01-12 11:00:00,5.934787
2024-01-12 12:00:00,5.5005302
2024-01-12 13:00:00,5.2143254
2024-01-12 14:00:00,5.099799
2024-01-12 15:00:00,4.8225684
2024-01-12 16:00:00,4.648632
2024-01-12 17:00:00,4.267232
2024-01-12 18:00:00,3.8458118
2024-01-12 19:00:00,4.285789
2024-01-12 20:00:00,4.505256
2024-01-12 21:00:00,4.5839534
2024-01-12 22:00:00,4.7185616
2024-01-12 23:00:00,4.7581697
2024-01-13 00:00:00,3.9187076
2024-01-13 01:00:00,3.003973
2024-01-13 02:00:00,2.9765778
2024-01-13 03:00:00,2.6852176
2024-01-13 04:00:00,1.7717289
2024-01-13 05:00:00,0.650824
2024-01-13 06:00:00,1.053367
2024-01-13 07:00:00,2.667188
2024-01-13 08:00:00,5.430556
2024-01-13 09:00:00,6.155361
2024-01-13 10:00:00,5.8634644
2024-01-13 11:00:00,5.342301
2024-01-13 12:00:00,4.7479987
2024-01-13 13:00:00,4.039428
2024-01-13 14:00:00,3.7515593
2024-01-13 15:00:00,3.57575
2024-01-13 16:00:00,3.446927
2024-01-13 17:00:00,3.5572705
2024-01-13 18:00:00,3.1879692
2024-01-13 19:00:00,2.5684876
2024-01-13 20:00:00,1.8866583
2024-01-13 21:00:00,2.2226455
2024-01-13 22:00:00,3.324438
2024-01-13 23:00:00,5.28832
2024-01-14 00:00:00,5.800857
2024-01-14 01:00:00,5.3916974
2024-01-14 02:00:00,4.931545
2024-01-14 03:00:00,4.2956777
2024-01-14 04:00:00,3.1863158
2024-01-14 05:00:00,2.9503882
2024-01-14 06:00:00,2.8683305
2024-01-14 07:00:00,2.3187716
2024-01-14 08:00:00,2.2917273
2024-01-14 09:00:00,2.9260948
2024-01-14 10:00:00,3.4823534
2024-01-14 11:00:00,3.6665552
2024-01-14 12:00:00,3.557047
2024-01-14 13:00:00,3.355704
2024-01-14 14:00:00,3.3580415
2024-01-14 15:00:00,3.46492
2024-01-14 16:00:00,3.627564
2024-01-14 17:00:00,3.486373
2024-01-14 18:00:00,2.9860861
2024-01-14 19:00:00,4.243751
2024-01-14 20:00:00,4.5737796
2024-01-14 21:00:00,5.1664767
2024-01-14 22:00:00,5.5283213
2024-01-14 23:00:00,5.6766696
2024-01-15 00:00:00,6.714979
2024-01-15 01:00:00,6.6611233
2024-01-15 02:00:00,4.453805
2024-01-15 03:00:00,4.5183864
2024-01-15 04:00:00,4.641242
2024-01-15 05:00:00,5.3775177
2024-01-15 06:00:00,5.2511187
2024-01-15 07:00:00,4.765699
2024-01-15 08:00:00,4.50553
2024-01-15 09:00:00,4.250774
2024-01-15 10:00:00,4.195091
2024-01-15 11:00:00,4.085128
2024-01-15 12:00:00,3.8021293
2024-01-15 13:00:00,3.5743363
2024-01-15 14:00:00,3.326166
2024-01-15 15:00:00,3.321498
2024-01-15 16:00:00,3.5044212
2024-01-15 17:00:00,3.83218
2024-01-15 18:00:00,2.6420827
2024-01-15 19:00:00,2.2483559
2024-01-15 20:00:00,2.4269795
2024-01-15 21:00:00,3.0494094
2024-01-15 22:00:00,2.821355
2024-01-15 23:00:00,1.9460545
2024-01-16 00:00:00,0.9409884
2024-01-16 01:00:00,0.55877656
2024-01-16 02:00:00,1.686104
2024-01-16 03:00:00,3.5648153
2024-01-16 04:00:00,5.47494
2024-01-16 05:00:00,6.2725735
2024-01-16 06:00:00,6.7424617
2024-01-16 07:00:00,6.458085
2024-01-16 08:00:00,6.687319
2024-01-16 09:00:00,6.4881215
2024-01-16 10:00:00,6.4397984
2024-01-16 11:00:00,6.2686462
2024-01-16 12:00:00,5.9445786
2024-01-16 13:00:00,5.7305527
2024-01-16 14:00:00,5.5658417
2024-01-16 15:00:00,5.5145655
2024-01-16 16:00:00,5.471354
2024-01-16 17:00:00,5.1224446
2024-01-16 18:00:00,5.183695
2024-01-16 19:00:00,6.3418894
2024-01-16 20:00:00,7.844856
2024-01-16 21:00:00,8.542361
2024-01-16 22:00:00,7.8789325
2024-01-16 23:00:00,7.1519766
2024-01-17 00:00:00,6.8299484
2024-01-17 01:00:00,7.3258476
2024-01-17 02:00:00,8.335643
2024-01-17 03:00:00,8.400662
2024-01-17 04:00:00,8.213565
2024-01-17 05:00:00,8.157402
2024-01-17 06:00:00,8.029961
2024-01-17 07:00:00,8.169681
2024-01-17 08:00:00,7.7482185
2024-01-17 09:00:00,7.116745
2024-01-17 10:00:00,6.5884857
2024-01-17 11:00:00,6.3020363
2024-01-17 12:00:00,6.025277
2024-01-17 13:00:00,5.6522818
2024-01-17 14:00:00,5.298284
2024-01-17 15:00:00,5.0794263
2024-01-17 16:00:00,4.9338417
2024-01-17 17:00:00,4.716947
2024-01-17 18:00:00,3.8789248
2024-01-17 19:00:00,2.4607751
2024-01-17 20:00:00,2.354997
2024-01-17 21:00:00,3.4769864
2024-01-17 22:00:00,4.491567
2024-01-17 23:00:00,5.004266
2024-01-18 00:00:00,5.253727
2024-01-18 01:00:00,5.5775604
2024-01-18 02:00:00,6.44825
2024-01-18 03:00:00,7.437357
2024-01-18 04:00:00,8.006125
2024-01-18 05:00:00,7.92003
2024-01-18 06:00:00,7.449554
2024-01-18 07:00:00,6.773566
2024-01-18 08:00:00,6.4479203
2024-01-18 09:00:00,6.2381873
2024-01-18 10:00:00,5.609369
2024-01-18 11:00:00,4.7351193
2024-01-18 12:00:00,3.8882687
2024-01-18 13:00:00,3.349588
2024-01-18 14:00:00,3.100734
2024-01-18 15:00:00,3.0137246
2024-01-18 16:00:00,3.0599
2024-01-18 17:00:00,3.0235434
2024-01-18 18:00:00,2.9687283
2024-01-18 19:00:00,3.3804808
2024-01-18 20:00:00,2.8845398
2024-01-18 21:00:00,2.667938
2024-01-18 22:00:00,2.846449
2024-01-18 23:00:00,3.2487411
2024-01-19 00:00:00,3.7156687
2024-01-19 01:00:00,4.5533276
2024-01-19 02:00:00,5.0508637
2024-01-19 03:00:00,5.5935698
2024-01-19 04:00:00,6.2431626
2024-01-19 05:00:00,6.3932076
2024-01-19 06:00:00,5.96499
2024-01-19 07:00:00,5.3331785
2024-01-19 08:00:00,5.2366514
2024-01-19 09:00:00,5.0357194
2024-01-19 10:00:00,4.216091
2024-01-19 11:00:00,3.3666627
2024-01-19 12:00:00,2.721521
2024-01-19 13:00:00,1.93751
2024-01-19 14:00:00,1.2406893
2024-01-19 15:00:00,0.653437
2024-01-19 16:00:00,0.4013712
2024-01-19 17:00:00,0.73689884
2024-01-19 18:00:00,1.262614
2024-01-19 19:00:00,1.536676
2024-01-19 20:00:00,1.3316896
2024-01-19 21:00:00,1.032462
2024-01-19 22:00:00,0.96720713
2024-01-19 23:00:00,1.4964062
2024-01-20 00:00:00,2.4104786
2024-01-20 01:00:00,3.2474687
2024-01-20 02:00:00,3.638509
2024-01-20 03:00:00,2.9169695
2024-01-20 04:00:00,1.6369966
2024-01-20 05:00:00,0.9354028
2024-01-20 06:00:00,1.0894315
2024-01-20 07:00:00,2.8434157
2024-01-20 08:00:00,2.4941297
2024-01-20 09:00:00,2.1557403
2024-01-20 10:00:00,1.8182143
2024-01-20 11:00:00,1.4352626
2024-01-20 12:00:00,1.3594891
2024-01-20 13:00:00,1.4828836
2024-01-20 14:00:00,1.7686445
2024-01-20 15:00:00,1.8762808
2024-01-20 16:00:00,1.7146565
2024-01-20 17:00:00,2.456878
2024-01-20 18:00:00,3.972552
2024-01-20 19:00:00,3.9130447
2024-01-20 20:00:00,4.666906
2024-01-20 21:00:00,4.585706
2024-01-20 22:00:00,4.6655107
2024-01-20 23:00:00,4.569391
2024-01-21 00:00:00,4.0728703
2024-01-21 01:00:00,3.827555
2024-01-21 02:00:00,3.5145538
2024-01-21 03:00:00,2.6512852
2024-01-21 04:00:00,1.3851777
2024-01-21 05:00:00,1.6847258
2024-01-21 06:00:00,2.549747
2024-01-21 07:00:00,3.0505579
2024-01-21 08:00:00,2.3403955
2024-01-21 09:00:00,2.5662088
2024-01-21 10:00:00,2.8641472
2024-01-21 11:00:00,3.4224982
2024-01-21 12:00:00,3.4553149
2024-01-21 13:00:00,2.462816
2024-01-21 14:00:00,2.8269057
2024-01-21 15:00:00,3.9656506
2024-01-21 16:00:00,3.831894
2024-01-21 17:00:00,2.9980962
2024-01-21 18:00:00,3.8637588
2024-01-21 19:00:00,4.2409954
2024-01-21 20:00:00,3.8789725
2024-01-21 21:00:00,3.0850167
2024-01-21 22:00:00,2.1943784
2024-01-21 23:00:00,1.4295121
2024-01-22 00:00:00,0.7790694
2024-01-22 01:00:00,0.6552941
2024-01-22 02:00:00,1.7524596
2024-01-22 03:00:00,2.5242207
2024-01-22 04:00:00,2.3209143
2024-01-22 05:00:00,1.2943224
2024-01-22 06:00:00,0.87335116
2024-01-22 07:00:00,1.0353056
2024-01-22 08:00:00,0.82552063
2024-01-22 09:00:00,1.3148216
2024-01-22 10:00:00,1.2174916
2024-01-22 11:00:00,1.7201388
2024-01-22 12:00:00,2.1592355
2024-01-22 13:00:00,2.5594118
2024-01-22 14:00:00,2.4516275
2024-01-22 15:00:00,2.2143915
2024-01-22 16:00:00,1.9746356
2024-01-22 17:00:00,2.9280026
2024-01-22 18:00:00,3.3907003
2024-01-22 19:00:00,3.108525
2024-01-22 20:00:00,2.4256523
2024-01-22 21:00:00,1.5893284
2024-01-22 22:00:00,2.1420057
2024-01-22 23:00:00,2.708936
2024-01-23 00:00:00,2.5586135
2024-01-23 01:00:00,2.858947
2024-01-23 02:00:00,3.431506
2024-01-23 03:00:00,3.79431
2024-01-23 04:00:00,3.9811993
2024-01-23 05:00:00,3.9888341
2024-01-23 06:00:00,4.5008974
2024-01-23 07:00:00,4.94639
2024-01-23 08:00:00,4.7970176
2024-01-23 09:00:00,4.593196
2024-01-23 10:00:00,4.7825584
2024-01-23 11:00:00,4.4804106
2024-01-23 12:00:00,4.878106
2024-01-23 13:00:00,5.5677633
2024-01-23 14:00:00,5.3022757
2024-01-23 15:00:00,4.6189857
2024-01-23 16:00:00,3.5996182
2024-01-23 17:00:00,2.7839954
2024-01-23 18:00:00,2.152127
2024-01-23 19:00:00,2.531325
2024-01-23 20:00:00,2.6481059
2024-01-23 21:00:00,2.174158
2024-01-23 22:00:00,1.7302078
2024-01-23 23:00:00,1.2748622
2024-01-24 00:00:00,0.8896825
2024-01-24 01:00:00,0.6626123
2024-01-24 02:00:00,0.73110175
2024-01-24 03:00:00,1.8123164
2024-01-24 04:00:00,2.9827857
2024-01-24 05:00:00,3.84493
2024-01-24 06:00:00,4.085037
2024-01-24 07:00:00,3.4933066
2024-01-24 08:00:00,3.9136262
2024-01-24 09:00:00,4.1864004
2024-01-24 10:00:00,4.9202027
2024-01-24 11:00:00,5.2028217
2024-01-24 12:00:00,5.232286
2024-01-24 13:00:00,5.7005186
2024-01-24 14:00:00,5.8319936
2024-01-24 15:00:00,6.295962
2024-01-24 16:00:00,6.51046
2024-01-24 17:00:00,6.0737143
2024-01-24 18:00:00,5.146534
2024-01-24 19:00:00,5.4494395
2024-01-24 20:00:00,4.8120046
2024-01-24 21:00:00,4.369127
2024-01-24 22:00:00,4.421304
2024-01-24 23:00:00,4.5518565
2024-01-25 00:00:00,4.2395597
2024-01-25 01:00:00,4.0573893
2024-01-25 02:00:00,3.9162025
2024-01-25 03:00:00,3.7800322
2024-01-25 04:00:00,3.9192736
2024-01-25 05:00:00,3.8492982
2024-01-25 06:00:00,3.47226
2024-01-25 07:00:00,3.3483968
2024-01-25 08:00:00,3.5225167
2024-01-25 09:00:00,3.138255
2024-01-25 10:00:00,3.52163
2024-01-25 11:00:00,4.5292473
2024-01-25 12:00:00,4.7159343
2024-01-25 13:00:00,4.168802
2024-01-25 14:00:00,4.1284695
2024-01-25 15:00:00,4.505534
2024-01-25 16:00:00,3.83064
2024-01-25 17:00:00,3.5028677
2024-01-25 18:00:00,3.323419
2024-01-25 19:00:00,2.4461634
2024-01-25 20:00:00,2.3484807
2024-01-25 21:00:00,2.5392978
2024-01-25 22:00:00,3.4744117
2024-01-25 23:00:00,3.9178553
2024-01-26 00:00:00,3.7347476
2024-01-26 01:00:00,3.4136367
2024-01-26 02:00:00,3.036057
2024-01-26 03:00:00,2.8575196
2024-01-26 04:00:00,1.8636144
2024-01-26 05:00:00,1.7860228
2024-01-26 06:00:00,1.5862862
2024-01-26 07:00:00,1.5724798
2024-01-26 08:00:00,1.4255518
2024-01-26 09:00:00,1.8495846
2024-01-26 10:00:00,2.7505393
2024-01-26 11:00:00,3.2173312
2024-01-26 12:00:00,3.801545
2024-01-26 13:00:00,4.884718
2024-01-26 14:00:00,4.5322585
2024-01-26 15:00:00,4.247254
2024-01-26 16:00:00,3.9311955
2024-01-26 17:00:00,4.7313776
2024-01-26 18:00:00,4.3236537
2024-01-26 19:00:00,4.6495924
2024-01-26 20:00:00,3.8128452
2024-01-26 21:00:00,3.2037103
2024-01-26 22:00:00,3.2332602
2024-01-26 23:00:00,3.3418489
2024-01-27 00:00:00,3.0266716
2024-01-27 01:00:00,2.7257187
2024-01-27 02:00:00,2.6572735
2024-01-27 03:00:00,2.2578177
2024-01-27 04:00:00,1.6794232
2024-01-27 05:00:00,0.5322118
2024-01-27 06:00:00,1.6627485
2024-01-27 07:00:00,2.155466
2024-01-27 08:00:00,1.9368085
2024-01-27 09:00:00,2.1898737
2024-01-27 10:00:00,2.427706
2024-01-27 11:00:00,2.5832274
2024-01-27 12:00:00,2.4727733
2024-01-27 13:00:00,2.4005444
2024-01-27 14:00:00,1.7404225
2024-01-27 15:00:00,1.5980343
2024-01-27 16:00:00,1.3052738
2024-01-27 17:00:00,0.42857933
2024-01-27 18:00:00,0.99264896
2024-01-27 19:00:00,1.7013915
2024-01-27 20:00:00,2.291911
2024-01-27 21:00:00,2.7013435
2024-01-27 22:00:00,3.073632
2024-01-27 23:00:00,3.9244058
2024-01-28 00:00:00,4.434483
2024-01-28 01:00:00,4.5699263
2024-01-28 02:00:00,4.4001265
2024-01-28 03:00:00,3.9707832
2024-01-28 04:00:00,3.6238763
2024-01-28 05:00:00,2.8379192
2024-01-28 06:00:00,2.7665868
2024-01-28 07:00:00,3.2261393
2024-01-28 08:00:00,3.839116
2024-01-28 09:00:00,4.011962
2024-01-28 10:00:00,3.8720899
2024-01-28 11:00:00,3.9784696
2024-01-28 12:00:00,3.5101972
2024-01-28 13:00:00,2.9506204
2024-01-28 14:00:00,2.760067
2024-01-28 15:00:00,2.753107
2024-01-28 16:00:00,2.6639102
2024-01-28 17:00:00,2.6921613
2024-01-28 18:00:00,2.505009
2024-01-28 19:00:00,2.0831246
2024-01-28 20:00:00,2.041843
2024-01-28 21:00:00,2.4842494
2024-01-28 22:00:00,2.7323978
2024-01-28 23:00:00,2.752992
2024-01-29 00:00:00,2.7507625
2024-01-29 01:00:00,2.5780034
2024-01-29 02:00:00,2.8126657
2024-01-29 03:00:00,3.3040743
2024-01-29 04:00:00,4.213506
2024-01-29 05:00:00,5.1825094
2024-01-29 06:00:00,6.2466655
2024-01-29 07:00:00,6.365887
2024-01-29 08:00:00,6.881446
2024-01-29 09:00:00,6.4103026
2024-01-29 10:00:00,4.92958
2024-01-29 11:00:00,4.2044587
2024-01-29 12:00:00,4.275581
2024-01-29 13:00:00,3.9763398
2024-01-29 14:00:00,3.9045856
2024-01-29 15:00:00,4.0581026
2024-01-29 16:00:00,4.451712
2024-01-29 17:00:00,4.2490597
2024-01-29 18:00:00,3.9079714
2024-01-29 19:00:00,4.1066833
2024-01-29 20:00:00,3.050609
2024-01-29 21:00:00,3.5623531
2024-01-29 22:00:00,3.946409
2024-01-29 23:00:00,4.0990224
2024-01-30 00:00:00,4.1018586
2024-01-30 01:00:00,4.3289104
2024-01-30 02:00:00,4.704109
2024-01-30 03:00:00,5.21541
2024-01-30 04:00:00,6.0099874
2024-01-30 05:00:00,6.33804
2024-01-30 06:00:00,6.424344
2024-01-30 07:00:00,5.8370275
2024-01-30 08:00:00,5.839494
2024-01-30 09:00:00,5.682393
2024-01-30 10:00:00,5.6855593
2024-01-30 11:00:00,5.0339875
2024-01-30 12:00:00,4.216191
2024-01-30 13:00:00,3.27993
2024-01-30 14:00:00,2.6857662
2024-01-30 15:00:00,2.3975325
2024-01-30 16:00:00,2.4218533
2024-01-30 17:00:00,2.4130566
2024-01-30 18:00:00,2.4291198
2024-01-30 19:00:00,2.6230493
2024-01-30 20:00:00,3.2456377
2024-01-30 21:00:00,4.7192254
2024-01-30 22:00:00,5.1563497
2024-01-30 23:00:00,4.744048
2024-01-31 00:00:00,4.655776
2024-01-31 01:00:00,4.599435
2024-01-31 02:00:00,4.784706
2024-01-31 03:00:00,5.3106937
2024-01-31 04:00:00,5.7301517
2024-01-31 05:00:00,5.9278903
2024-01-31 06:00:00,6.176994
2024-01-31 07:00:00,6.1411653
2024-01-31 08:00:00,5.673302
2024-01-31 09:00:00,5.3897805
2024-01-31 10:00:00,5.072431
2024-01-31 11:00:00,5.0762095
2024-01-31 12:00:00,4.8853345
2024-01-31 13:00:00,4.748901
2024-01-31 14:00:00,4.919343
2024-01-31 15:00:00,5.142524
2024-01-31 16:00:00,5.421296
2024-01-31 17:00:00,5.412388
2024-01-31 18:00:00,5.237477
2024-01-31 19:00:00,5.6330595
2024-01-31 20:00:00,6.496042
2024-01-31 21:00:00,7.1951165
2024-01-31 22:00:00,7.910854
2024-01-31 23:00:00,8.2375765
2024-02-01 00:00:00,8.071813
2024-02-01 01:00:00,8.035746
2024-02-01 02:00:00,8.045599
2024-02-01 03:00:00,7.9036593
2024-02-01 04:00:00,7.797785
2024-02-01 05:00:00,7.881678
2024-02-01 06:00:00,7.827389
2024-02-01 07:00:00,7.232521
2024-02-01 08:00:00,7.4194865
2024-02-01 09:00:00,7.2061534
2024-02-01 10:00:00,7.1011953
2024-02-01 11:00:00,7.0581613
2024-02-01 12:00:00,6.8686438
2024-02-01 13:00:00,6.403669
2024-02-01 14:00:00,6.242989
2024-02-01 15:00:00,6.4731636
2024-02-01 16:00:00,6.5457106
2024-02-01 17:00:00,6.172657
2024-02-01 18:00:00,5.938145
2024-02-01 19:00:00,5.5724483
2024-02-01 20:00:00,6.073635
2024-02-01 21:00:00,6.724655
2024-02-01 22:00:00,7.4974346
2024-02-01 23:00:00,7.7587895
2024-02-02 00:00:00,7.722039
2024-02-02 01:00:00,7.9156566
2024-02-02 02:00:00,8.440794
2024-02-02 03:00:00,8.613347
2024-02-02 04:00:00,8.520354
2024-02-02 05:00:00,8.189725
2024-02-02 06:00:00,7.846688
2024-02-02 07:00:00,8.605723
2024-02-02 08:00:00,9.772153
2024-02-02 09:00:00,9.232778
2024-02-02 10:00:00,8.093753
2024-02-02 11:00:00,7.3400626
2024-02-02 12:00:00,6.2652087
2024-02-02 13:00:00,5.9284277
2024-02-02 14:00:00,5.6890926
2024-02-02 15:00:00,5.3807817
2024-02-02 16:00:00,5.501136
2024-02-02 17:00:00,5.907654
2024-02-02 18:00:00,5.9952984
2024-02-02 19:00:00,5.9765296
2024-02-02 20:00:00,6.2193775
2024-02-02 21:00:00,7.259556
2024-02-02 22:00:00,7.7835283
2024-02-02 23:00:00,7.7946334
2024-02-03 00:00:00,7.6311216
2024-02-03 01:00:00,7.583574
2024-02-03 02:00:00,8.112298
2024-02-03 03:00:00,8.641355
2024-02-03 04:00:00,9.0187645
2024-02-03 05:00:00,9.2921
2024-02-03 06:00:00,9.393434
2024-02-03 07:00:00,9.97213
2024-02-03 08:00:00,10.674066
2024-02-03 09:00:00,9.635278
2024-02-03 10:00:00,8.656795
2024-02-03 11:00:00,7.4947915
2024-02-03 12:00:00,6.4080143
2024-02-03 13:00:00,5.655468
2024-02-03 14:00:00,5.2279778
2024-02-03 15:00:00,5.050408
2024-02-03 16:00:00,4.9093585
2024-02-03 17:00:00,5.1859202
2024-02-03 18:00:00,4.968887
2024-02-03 19:00:00,5.318728
2024-02-03 20:00:00,5.9246364
2024-02-03 21:00:00,6.8217673
2024-02-03 22:00:00,7.4800735
2024-02-03 23:00:00,7.9182944
2024-02-04 00:00:00,7.9684725
2024-02-04 01:00:00,8.2381
2024-02-04 02:00:00,8.740483
2024-02-04 03:00:00,9.242228
2024-02-04 04:00:00,9.382205
2024-02-04 05:00:00,9.322226
2024-02-04 06:00:00,9.134755
2024-02-04 07:00:00,8.338605
2024-02-04 08:00:00,8.684442
2024-02-04 09:00:00,8.662769
2024-02-04 10:00:00,8.46161
2024-02-04 11:00:00,8.139504
2024-02-04 12:00:00,8.01778
2024-02-04 13:00:00,7.720182
2024-02-04 14:00:00,7.5073385
2024-02-04 15:00:00,7.260536
2024-02-04 16:00:00,7.1083703
2024-02-04 17:00:00,6.8909874
2024-02-04 18:00:00,6.921443
2024-02-04 19:00:00,7.493017
2024-02-04 20:00:00,7.6754336
2024-02-04 21:00:00,8.250791
2024-02-04 22:00:00,8.7874
2024-02-04 23:00:00,8.693553
2024-02-05 00:00:00,8.464626
2024-02-05 01:00:00,8.492419
2024-02-05 02:00:00,8.70411
2024-02-05 03:00:00,8.889133
2024-02-05 04:00:00,9.06395
2024-02-05 05:00:00,8.977913
2024-02-05 06:00:00,8.708621
2024-02-05 07:00:00,9.64272
2024-02-05 08:00:00,9.69297
2024-02-05 09:00:00,9.03855
2024-02-05 10:00:00,8.610864
2024-02-05 11:00:00,8.145166
2024-02-05 12:00:00,7.791018
2024-02-05 13:00:00,7.2466755
2024-02-05 14:00:00,6.6048913
2024-02-05 15:00:00,6.3747554
2024-02-05 16:00:00,6.338311
2024-02-05 17:00:00,6.0508003
2024-02-05 18:00:00,5.8580337
2024-02-05 19:00:00,5.8865933
2024-02-05 20:00:00,6.021291
2024-02-05 21:00:00,6.544515
2024-02-05 22:00:00,7.2592497
2024-02-05 23:00:00,8.048221
2024-02-06 00:00:00,8.614638
2024-02-06 01:00:00,8.556177
2024-02-06 02:00:00,8.247822
2024-02-06 03:00:00,7.951982
2024-02-06 04:00:00,7.9026413
2024-02-06 05:00:00,7.866538
2024-02-06 06:00:00,7.9451013
2024-02-06 07:00:00,7.5296273
2024-02-06 08:00:00,7.7204223
2024-02-06 09:00:00,8.02554
2024-02-06 10:00:00,7.8865256
2024-02-06 11:00:00,7.389111
2024-02-06 12:00:00,6.504284
2024-02-06 13:00:00,5.7419434
2024-02-06 14:00:00,5.136462
2024-02-06 15:00:00,4.7819767
2024-02-06 16:00:00,4.819317
2024-02-06 17:00:00,4.9142637
2024-02-06 18:00:00,4.7530336
2024-02-06 19:00:00,5.4050055
2024-02-06 20:00:00,5.771512
2024-02-06 21:00:00,5.871461
2024-02-06 22:00:00,5.8158817
2024-02-06 23:00:00,6.286502
2024-02-07 00:00:00,6.775488
2024-02-07 01:00:00,7.1545916
2024-02-07 02:00:00,7.5857263
2024-02-07 03:00:00,7.7234917
2024-02-07 04:00:00,7.852831
2024-02-07 05:00:00,7.717184
2024-02-07 06:00:00,7.5278196
2024-02-07 07:00:00,7.191611
2024-02-07 08:00:00,7.9597764
2024-02-07 09:00:00,7.8657866
2024-02-07 10:00:00,7.0451317
2024-02-07 11:00:00,6.2272263
2024-02-07 12:00:00,5.5209146
2024-02-07 13:00:00,4.6419244
2024-02-07 14:00:00,4.1197643
2024-02-07 15:00:00,3.8784695
2024-02-07 16:00:00,3.9733715
2024-02-07 17:00:00,4.0845275
2024-02-07 18:00:00,4.212077
2024-02-07 19:00:00,4.810279
2024-02-07 20:00:00,4.462883
2024-02-07 21:00:00,3.8398995
2024-02-07 22:00:00,3.3077018
2024-02-07 23:00:00,3.474847
2024-02-08 00:00:00,4.1309414
2024-02-08 01:00:00,4.8165874
2024-02-08 02:00:00,5.9651046
2024-02-08 03:00:00,6.8436623
2024-02-08 04:00:00,7.3001084
2024-02-08 05:00:00,7.6170597
2024-02-08 06:00:00,7.3578844
2024-02-08 07:00:00,6.0884867
2024-02-08 08:00:00,6.421425
2024-02-08 09:00:00,5.710868
2024-02-08 10:00:00,4.8799887
2024-02-08 11:00:00,4.1545653
2024-02-08 12:00:00,3.722471
2024-02-08 13:00:00,3.714698
2024-02-08 14:00:00,3.7908978
2024-02-08 15:00:00,4.171209
2024-02-08 16:00:00,3.8790336
2024-02-08 17:00:00,2.5303137
2024-02-08 18:00:00,2.0897036
2024-02-08 19:00:00,0.8291514
2024-02-08 20:00:00,0.6629299
2024-02-08 21:00:00,0.96041787
2024-02-08 22:00:00,2.2320647
2024-02-08 23:00:00,2.5134687
2024-02-09 00:00:00,1.8359095
2024-02-09 01:00:00,1.4822028
2024-02-09 02:00:00,1.1435099
2024-02-09 03:00:00,0.99792886
2024-02-09 04:00:00,2.8825085
2024-02-09 05:00:00,5.07187
2024-02-09 06:00:00,4.2621093
2024-02-09 07:00:00,4.1626472
2024-02-09 08:00:00,4.4162965
2024-02-09 09:00:00,4.965021
2024-02-09 10:00:00,4.1936707
2024-02-09 11:00:00,3.439796
2024-02-09 12:00:00,3.0419018
2024-02-09 13:00:00,2.7034314
2024-02-09 14:00:00,2.882399
2024-02-09 15:00:00,2.3863623
2024-02-09 16:00:00,2.4669967
2024-02-09 17:00:00,1.5088279
2024-02-09 18:00:00,1.7877638
2024-02-09 19:00:00,2.2305222
2024-02-09 20:00:00,3.2039735
2024-02-09 21:00:00,3.1286254
2024-02-09 22:00:00,1.0975677
2024-02-09 23:00:00,2.0668163
2024-02-10 00:00:00,3.4146621
2024-02-10 01:00:00,3.965666
2024-02-10 02:00:00,4.9942174
2024-02-10 03:00:00,5.1917953
2024-02-10 04:00:00,5.078151
2024-02-10 05:00:00,4.739708
2024-02-10 06:00:00,4.6432066
2024-02-10 07:00:00,4.586555
2024-02-10 08:00:00,4.063139
2024-02-10 09:00:00,4.071748
2024-02-10 10:00:00,3.9722903
2024-02-10 11:00:00,3.2188115
2024-02-10 12:00:00,2.4366922
2024-02-10 13:00:00,2.0871136
2024-02-10 14:00:00,2.4297853
2024-02-10 15:00:00,2.3536131
2024-02-10 16:00:00,2.5131247
2024-02-10 17:00:00,2.4373345
2024-02-10 18:00:00,2.6509695
2024-02-10 19:00:00,3.5087218
2024-02-10 20:00:00,4.0998654
2024-02-10 21:00:00,4.30401
2024-02-10 22:00:00,5.1798077
2024-02-10 23:00:00,6.452239
2024-02-11 00:00:00,6.4018946
2024-02-11 01:00:00,6.16134
2024-02-11 02:00:00,6.4850025
2024-02-11 03:00:00,6.6087084
2024-02-11 04:00:00,6.0118895
2024-02-11 05:00:00,5.007207
2024-02-11 06:00:00,4.935605
2024-02-11 07:00:00,5.1757474
2024-02-11 08:00:00,6.3174677
2024-02-11 09:00:00,7.996299
2024-02-11 10:00:00,6.94415
2024-02-11 11:00:00,6.796315
2024-02-11 12:00:00,6.755931
2024-02-11 13:00:00,6.717815
2024-02-11 14:00:00,6.1358533
2024-02-11 15:00:00,5.46025
2024-02-11 16:00:00,5.2692566
2024-02-11 17:00:00,5.3042283
2024-02-11 18:00:00,5.662566
2024-02-11 19:00:00,8.322687
2024-02-11 20:00:00,8.347428
2024-02-11 21:00:00,7.6324472
2024-02-11 22:00:00,7.6218896
2024-02-11 23:00:00,8.118654
2024-02-12 00:00:00,8.220989
2024-02-12 01:00:00,8.2446375
2024-02-12 02:00:00,8.242958
2024-02-12 03:00:00,8.30585
2024-02-12 04:00:00,8.693106
2024-02-12 05:00:00,8.89048
2024-02-12 06:00:00,8.643147
2024-02-12 07:00:00,10.23706
2024-02-12 08:00:00,11.247848
2024-02-12 09:00:00,11.464819
2024-02-12 10:00:00,11.246328
2024-02-12 11:00:00,10.664087
2024-02-12 12:00:00,10.287738
2024-02-12 13:00:00,9.846297
2024-02-12 14:00:00,9.280823
2024-02-12 15:00:00,9.013735
2024-02-12 16:00:00,8.753407
2024-02-12 17:00:00,7.8576117
2024-02-12 18:00:00,7.3721285
2024-02-12 19:00:00,8.1508
2024-02-12 20:00:00,9.051499
2024-02-12 21:00:00,9.766936
2024-02-12 22:00:00,10.046186
2024-02-12 23:00:00,9.809862
2024-02-13 00:00:00,9.320124
2024-02-13 01:00:00,8.981628
2024-02-13 02:00:00,8.803932
2024-02-13 03:00:00,8.823258
2024-02-13 04:00:00,8.737531
2024-02-13 05:00:00,8.499992
2024-02-13 06:00:00,8.296392
2024-02-13 07:00:00,8.973058
2024-02-13 08:00:00,10.388103
2024-02-13 09:00:00,9.910757
2024-02-13 10:00:00,9.341347
2024-02-13 11:00:00,8.475436
2024-02-13 12:00:00,7.5071874
2024-02-13 13:00:00,7.1318264
2024-02-13 14:00:00,6.608517
2024-02-13 15:00:00,5.884592
2024-02-13 16:00:00,5.2955713
2024-02-13 17:00:00,5.2392974
2024-02-13 18:00:00,5.067352
2024-02-13 19:00:00,4.949636
2024-02-13 20:00:00,5.4507446
2024-02-13 21:00:00,6.0675383
2024-02-13 22:00:00,6.9297442
2024-02-13 23:00:00,7.121159
2024-02-14 00:00:00,6.5724907
2024-02-14 01:00:00,5.6380334
2024-02-14 02:00:00,4.941454
2024-02-14 03:00:00,4.409825
2024-02-14 04:00:00,4.1924744
2024-02-14 05:00:00,4.149506
2024-02-14 06:00:00,4.569183
2024-02-14 07:00:00,4.09457
2024-02-14 08:00:00,5.34026
2024-02-14 09:00:00,5.108977
2024-02-14 10:00:00,4.903813
2024-02-14 11:00:00,4.6395583
2024-02-14 12:00:00,4.5414968
2024-02-14 13:00:00,4.5817194
2024-02-14 14:00:00,4.412113
2024-02-14 15:00:00,4.1706166
2024-02-14 16:00:00,4.1135235
2024-02-14 17:00:00,3.9447584
2024-02-14 18:00:00,4.038268
2024-02-14 19:00:00,3.9301243
2024-02-14 20:00:00,4.1620603
2024-02-14 21:00:00,4.28874
2024-02-14 22:00:00,4.2628713
2024-02-14 23:00:00,3.781848
2024-02-15 00:00:00,3.5828338
2024-02-15 01:00:00,4.1221523
2024-02-15 02:00:00,6.053454
2024-02-15 03:00:00,6.330612
2024-02-15 04:00:00,5.3254957
2024-02-15 05:00:00,5.105682
2024-02-15 06:00:00,5.2109594
2024-02-15 07:00:00,5.4766116
2024-02-15 08:00:00,5.052148
2024-02-15 09:00:00,4.295492
2024-02-15 10:00:00,4.6145287
2024-02-15 11:00:00,4.209178
2024-02-15 12:00:00,3.9970934
2024-02-15 13:00:00,3.7539222
2024-02-15 14:00:00,3.616973
2024-02-15 15:00:00,3.1765006
2024-02-15 16:00:00,2.7909517
2024-02-15 17:00:00,2.6832783
2024-02-15 18:00:00,2.175622
2024-02-15 19:00:00,1.8547884
2024-02-15 20:00:00,1.9057513
2024-02-15 21:00:00,2.1856837
2024-02-15 22:00:00,2.8551939
2024-02-15 23:00:00,4.4615393
2024-02-16 00:00:00,6.2893863
2024-02-16 01:00:00,6.6498528
2024-02-16 02:00:00,6.0672026
2024-02-16 03:00:00,5.286427
2024-02-16 04:00:00,5.4293585
2024-02-16 05:00:00,4.917322
2024-02-16 06:00:00,4.046875
2024-02-16 07:00:00,3.5702357
2024-02-16 08:00:00,3.7003644
2024-02-16 09:00:00,3.6078343
2024-02-16 10:00:00,3.461867
2024-02-16 11:00:00,3.7003174
2024-02-16 12:00:00,3.9392712
2024-02-16 13:00:00,3.647125
2024-02-16 14:00:00,3.3158267
2024-02-16 15:00:00,3.3608685
2024-02-16 16:00:00,3.296785
2024-02-16 17:00:00,3.1278896
2024-02-16 18:00:00,2.5005574
2024-02-16 19:00:00,3.2728667
2024-02-16 20:00:00,5.2532587
2024-02-16 21:00:00,4.6834297
2024-02-16 22:00:00,3.8815684
2024-02-16 23:00:00,3.1089017
2024-02-17 00:00:00,2.5255013
2024-02-17 01:00:00,1.7782124
2024-02-17 02:00:00,1.3344982
2024-02-17 03:00:00,1.6897479
2024-02-17 04:00:00,1.9730628
2024-02-17 05:00:00,2.2162895
2024-02-17 06:00:00,2.0830247
2024-02-17 07:00:00,1.381576
2024-02-17 08:00:00,1.3497106
2024-02-17 09:00:00,1.4558445
2024-02-17 10:00:00,1.0221666
2024-02-17 11:00:00,0.9681498
2024-02-17 12:00:00,0.56606394
2024-02-17 13:00:00,0.6267959
2024-02-17 14:00:00,0.80304694
2024-02-17 15:00:00,0.8005672
2024-02-17 16:00:00,0.3837732
2024-02-17 17:00:00,0.2494198
2024-02-17 18:00:00,0.44317243
2024-02-17 19:00:00,0.62442696
2024-02-17 20:00:00,1.5748959
2024-02-17 21:00:00,2.2625244
2024-02-17 22:00:00,2.4684186
2024-02-17 23:00:00,1.5199229
2024-02-18 00:00:00,1.5222629
2024-02-18 01:00:00,3.211046
2024-02-18 02:00:00,4.550066
2024-02-18 03:00:00,5.0705295
2024-02-18 04:00:00,4.7549324
2024-02-18 05:00:00,4.9640417
2024-02-18 06:00:00,4.8124847
2024-02-18 07:00:00,4.7926817
2024-02-18 08:00:00,4.739615
2024-02-18 09:00:00,4.519558
2024-02-18 10:00:00,4.1894374
2024-02-18 11:00:00,3.3376255
2024-02-18 12:00:00,2.6639938
2024-02-18 13:00:00,2.2378426
2024-02-18 14:00:00,1.6544756
2024-02-18 15:00:00,1.8401549
2024-02-18 16:00:00,2.2738087
2024-02-18 17:00:00,2.580034
2024-02-18 18:00:00,2.8297315
2024-02-18 19:00:00,2.3490367
2024-02-18 20:00:00,3.4413373
2024-02-18 21:00:00,4.6341
2024-02-18 22:00:00,4.690871
2024-02-18 23:00:00,3.8813257
2024-02-19 00:00:00,3.2220676
2024-02-19 01:00:00,2.7845097
2024-02-19 02:00:00,1.7235361
2024-02-19 03:00:00,1.5499557
2024-02-19 04:00:00,2.17603
2024-02-19 05:00:00,2.2812767
2024-02-19 06:00:00,1.7576511
2024-02-19 07:00:00,1.4027308
2024-02-19 08:00:00,0.6248721
2024-02-19 09:00:00,1.4314724
2024-02-19 10:00:00,2.305551
2024-02-19 11:00:00,1.8556582
2024-02-19 12:00:00,1.6554656
2024-02-19 13:00:00,1.3656658
2024-02-19 14:00:00,1.3629252
2024-02-19 15:00:00,1.6133319
2024-02-19 16:00:00,1.6675893
2024-02-19 17:00:00,1.8927399
2024-02-19 18:00:00,2.2829304
2024-02-19 19:00:00,1.8154547
2024-02-19 20:00:00,2.4925969
2024-02-19 21:00:00,2.926086
2024-02-19 22:00:00,3.4752054
2024-02-19 23:00:00,3.5831432
2024-02-20 00:00:00,3.8745813
2024-02-20 01:00:00,3.5706294
2024-02-20 02:00:00,3.4119697
2024-02-20 03:00:00,3.0911787
2024-02-20 04:00:00,3.0292916
2024-02-20 05:00:00,2.8132079
2024-02-20 06:00:00,1.7860562
2024-02-20 07:00:00,0.95014906
2024-02-20 08:00:00,2.0682693
2024-02-20 09:00:00,2.0181038
2024-02-20 10:00:00,1.6968575
2024-02-20 11:00:00,1.5441886
2024-02-20 12:00:00,2.2690375
2024-02-20 13:00:00,2.9974613
2024-02-20 14:00:00,3.6946177
2024-02-20 15:00:00,3.389235
2024-02-20 16:00:00,2.6150744
2024-02-20 17:00:00,1.7337277
2024-02-20 18:00:00,2.247226
2024-02-20 19:00:00,2.8736188
2024-02-20 20:00:00,3.1045442
2024-02-20 21:00:00,3.118431
2024-02-20 22:00:00,3.0915568
2024-02-20 23:00:00,3.5711255
2024-02-21 00:00:00,4.346599
2024-02-21 01:00:00,5.013642
2024-02-21 02:00:00,5.4995975
2024-02-21 03:00:00,4.8807387
2024-02-21 04:00:00,4.1632395
2024-02-21 05:00:00,3.8331702
2024-02-21 06:00:00,2.7985592
2024-02-21 07:00:00,1.8992887
2024-02-21 08:00:00,1.8257818
2024-02-21 09:00:00,2.089854
2024-02-21 10:00:00,2.4851344
2024-02-21 11:00:00,3.1585176
2024-02-21 12:00:00,3.328273
2024-02-21 13:00:00,3.2497303
2024-02-21 14:00:00,2.7485611
2024-02-21 15:00:00,2.698321
2024-02-21 16:00:00,2.485925
2024-02-21 17:00:00,2.4078193
2024-02-21 18:00:00,2.5649621
2024-02-21 19:00:00,1.7092136
2024-02-21 20:00:00,2.2564652
2024-02-21 21:00:00,2.906625
2024-02-21 22:00:00,2.4642053
2024-02-21 23:00:00,3.1540658
2024-02-22 00:00:00,3.0378702
2024-02-22 01:00:00,3.7390816
2024-02-22 02:00:00,3.7785082
2024-02-22 03:00:00,3.3645117
2024-02-22 04:00:00,2.5684505
2024-02-22 05:00:00,2.0478199
2024-02-22 06:00:00,2.5430834
2024-02-22 07:00:00,2.9365346
2024-02-22 08:00:00,3.1327326
2024-02-22 09:00:00,3.1364982
2024-02-22 10:00:00,2.615891
2024-02-22 11:00:00,1.8420496
2024-02-22 12:00:00,2.4407983
2024-02-22 13:00:00,2.7488992
2024-02-22 14:00:00,2.191438
2024-02-22 15:00:00,1.6423569
2024-02-22 16:00:00,1.3246858
2024-02-22 17:00:00,1.4580826
2024-02-22 18:00:00,1.3790264
2024-02-22 19:00:00,2.0534945
2024-02-22 20:00:00,2.1374986
2024-02-22 21:00:00,2.1214108
2024-02-22 22:00:00,1.2923739
2024-02-22 23:00:00,1.1805131
2024-02-23 00:00:00,1.7619183
2024-02-23 01:00:00,1.7805284
2024-02-23 02:00:00,1.9672114
2024-02-23 03:00:00,3.0769339
2024-02-23 04:00:00,3.5821881
2024-02-23 05:00:00,3.9014611
2024-02-23 06:00:00,3.492411
2024-02-23 07:00:00,2.675225
2024-02-23 08:00:00,3.1621706
2024-02-23 09:00:00,2.4881215
2024-02-23 10:00:00,2.6289077
2024-02-23 11:00:00,2.1620195
2024-02-23 12:00:00,2.139059
2024-02-23 13:00:00,2.1935415
2024-02-23 14:00:00,2.1627634
2024-02-23 15:00:00,1.4307013
2024-02-23 16:00:00,1.441587
2024-02-23 17:00:00,1.8058187
2024-02-23 18:00:00,1.5607709
2024-02-23 19:00:00,1.0365069
2024-02-23 20:00:00,0.31850818
2024-02-23 21:00:00,0.28092536
2024-02-23 22:00:00,0.72554135
2024-02-23 23:00:00,2.0523956
2024-02-24 00:00:00,3.2574084
2024-02-24 01:00:00,4.561495
2024-02-24 02:00:00,5.686994
2024-02-24 03:00:00,6.6986394
2024-02-24 04:00:00,7.350835
2024-02-24 05:00:00,7.678184
2024-02-24 06:00:00,7.844178
2024-02-24 07:00:00,8.051266
2024-02-24 08:00:00,8.230667
2024-02-24 09:00:00,7.9232183
2024-02-24 10:00:00,7.675848
2024-02-24 11:00:00,7.934916
2024-02-24 12:00:00,8.442061
2024-02-24 13:00:00,8.615756
2024-02-24 14:00:00,8.26038
2024-02-24 15:00:00,7.9628053
2024-02-24 16:00:00,7.299704
2024-02-24 17:00:00,5.8340263
2024-02-24 18:00:00,6.159632
2024-02-24 19:00:00,7.776133
2024-02-24 20:00:00,8.627494
2024-02-24 21:00:00,8.933512
2024-02-24 22:00:00,8.739381
2024-02-24 23:00:00,8.48843
2024-02-25 00:00:00,8.275305
2024-02-25 01:00:00,8.338717
2024-02-25 02:00:00,8.472618
2024-02-25 03:00:00,8.471339
2024-02-25 04:00:00,8.414619
2024-02-25 05:00:00,8.469756
2024-02-25 06:00:00,8.621097
2024-02-25 07:00:00,9.1161995
2024-02-25 08:00:00,10.45397
2024-02-25 09:00:00,10.371204
2024-02-25 10:00:00,10.000834
2024-02-25 11:00:00,9.320251
2024-02-25 12:00:00,8.375783
2024-02-25 13:00:00,7.794876
2024-02-25 14:00:00,7.5594993
2024-02-25 15:00:00,7.2225204
2024-02-25 16:00:00,6.5487013
2024-02-25 17:00:00,5.555523
2024-02-25 18:00:00,6.2918396
2024-02-25 19:00:00,8.195967
2024-02-25 20:00:00,8.678818
2024-02-25 21:00:00,8.40803
2024-02-25 22:00:00,8.090815
2024-02-25 23:00:00,7.828712
2024-02-26 00:00:00,7.566407
2024-02-26 01:00:00,7.5045624
2024-02-26 02:00:00,7.636896
2024-02-26 03:00:00,7.9502707
2024-02-26 04:00:00,8.088062
2024-02-26 05:00:00,7.993731
2024-02-26 06:00:00,7.770896
2024-02-26 07:00:00,7.6904874
2024-02-26 08:00:00,8.7558365
2024-02-26 09:00:00,9.001324
2024-02-26 10:00:00,8.925145
2024-02-26 11:00:00,8.413605
2024-02-26 12:00:00,7.8020706
2024-02-26 13:00:00,7.116065
2024-02-26 14:00:00,6.4656034
2024-02-26 15:00:00,5.615408
2024-02-26 16:00:00,5.125793
2024-02-26 17:00:00,4.4233437
2024-02-26 18:00:00,4.315707
2024-02-26 19:00:00,5.3184485
2024-02-26 20:00:00,5.2822967
2024-02-26 21:00:00,5.951612
2024-02-26 22:00:00,6.9117312
2024-02-26 23:00:00,7.2008643
2024-02-27 00:00:00,7.074422
2024-02-27 01:00:00,7.1826262
2024-02-27 02:00:00,7.372654
2024-02-27 03:00:00,7.4381523
2024-02-27 04:00:00,7.277585
2024-02-27 05:00:00,7.102811
2024-02-27 06:00:00,7.058246
2024-02-27 07:00:00,5.987547
2024-02-27 08:00:00,7.060264
2024-02-27 09:00:00,6.9968743
2024-02-27 10:00:00,6.891399
2024-02-27 11:00:00,6.4813285
2024-02-27 12:00:00,5.87762
2024-02-27 13:00:00,5.3575306
2024-02-27 14:00:00,5.110514
2024-02-27 15:00:00,4.8680205
2024-02-27 16:00:00,4.4506316
2024-02-27 17:00:00,3.7111752
2024-02-27 18:00:00,3.7718766
2024-02-27 19:00:00,4.583619
2024-02-27 20:00:00,4.78458
2024-02-27 21:00:00,5.123074
2024-02-27 22:00:00,5.031062
2024-02-27 23:00:00,5.1609726
2024-02-28 00:00:00,5.256356
2024-02-28 01:00:00,5.2245717
2024-02-28 02:00:00,5.0731506
2024-02-28 03:00:00,5.269402
2024-02-28 04:00:00,5.5890093
2024-02-28 05:00:00,5.662679
2024-02-28 06:00:00,5.7867756
2024-02-28 07:00:00,5.509272
2024-02-28 08:00:00,7.0094686
2024-02-28 09:00:00,6.1896324
2024-02-28 10:00:00,5.503666
2024-02-28 11:00:00,5.1950574
2024-02-28 12:00:00,5.207599
2024-02-28 13:00:00,5.043483
2024-02-28 14:00:00,4.6230707
2024-02-28 15:00:00,3.8643675
2024-02-28 16:00:00,3.6112707
2024-02-28 17:00:00,3.5529268
2024-02-28 18:00:00,3.4467335
2024-02-28 19:00:00,5.5407166
2024-02-28 20:00:00,5.8512206
2024-02-28 21:00:00,6.76343
2024-02-28 22:00:00,6.591484
2024-02-28 23:00:00,5.627403
2024-02-29 00:00:00,4.84644
2024-02-29 01:00:00,4.1385865
2024-02-29 02:00:00,3.7928543
2024-02-29 03:00:00,3.1338751
2024-02-29 04:00:00,2.5958366
2024-02-29 05:00:00,2.0457478
2024-02-29 06:00:00,1.6559641
2024-02-29 07:00:00,0.48374602
2024-02-29 08:00:00,0.25202826
2024-02-29 09:00:00,0.8186808
2024-02-29 10:00:00,1.3822494
2024-02-29 11:00:00,1.0911831
2024-02-29 12:00:00,0.8759612
2024-02-29 13:00:00,0.9614663
2024-02-29 14:00:00,1.0577235
2024-02-29 15:00:00,2.0391114
2024-02-29 16:00:00,1.6353444
2024-02-29 17:00:00,1.6567934
2024-02-29 18:00:00,3.631141
2024-02-29 19:00:00,3.7692482
2024-02-29 20:00:00,2.9383955
2024-02-29 21:00:00,3.4268415
2024-02-29 22:00:00,3.6693225
2024-02-29 23:00:00,3.6616957
2024-03-01 00:00:00,3.387716
2024-03-01 01:00:00,3.3843863
2024-03-01 02:00:00,3.1210985
2024-03-01 03:00:00,2.5609627
2024-03-01 04:00:00,2.1278274
2024-03-01 05:00:00,2.0779805
2024-03-01 06:00:00,2.0613441
2024-03-01 07:00:00,1.2451906
2024-03-01 08:00:00,1.5033566
2024-03-01 09:00:00,1.2017707
2024-03-01 10:00:00,1.2205205
2024-03-01 11:00:00,1.2004247
2024-03-01 12:00:00,1.1860712
2024-03-01 13:00:00,1.3297683
2024-03-01 14:00:00,1.1929581
2024-03-01 15:00:00,1.0307808
2024-03-01 16:00:00,1.0546043
2024-03-01 17:00:00,1.0496789
2024-03-01 18:00:00,2.5223322
2024-03-01 19:00:00,3.7283096
2024-03-01 20:00:00,3.5410213
2024-03-01 21:00:00,3.960208
2024-03-01 22:00:00,4.256182
2024-03-01 23:00:00,4.8413916
2024-03-02 00:00:00,5.097239
2024-03-02 01:00:00,4.9260406
2024-03-02 02:00:00,4.6888843
2024-03-02 03:00:00,4.4251404
2024-03-02 04:00:00,4.2067227
2024-03-02 05:00:00,3.9027197
2024-03-02 06:00:00,3.8109922
2024-03-02 07:00:00,3.3030984
2024-03-02 08:00:00,3.055188
2024-03-02 09:00:00,3.2558877
2024-03-02 10:00:00,3.2893646
2024-03-02 11:00:00,3.0707483
2024-03-02 12:00:00,2.7738342
2024-03-02 13:00:00,3.06445
2024-03-02 14:00:00,2.9613643
2024-03-02 15:00:00,2.3361313
2024-03-02 16:00:00,2.2584925
2024-03-02 17:00:00,1.5765665
2024-03-02 18:00:00,1.043308
2024-03-02 19:00:00,3.3072133
2024-03-02 20:00:00,2.336141
2024-03-02 21:00:00,2.1570354
2024-03-02 22:00:00,2.4721029
2024-03-02 23:00:00,2.3892267
2024-03-03 00:00:00,2.267558
2024-03-03 01:00:00,2.725253
2024-03-03 02:00:00,3.1451187
2024-03-03 03:00:00,2.9866567
2024-03-03 04:00:00,2.6511123
2024-03-03 05:00:00,1.1728706
2024-03-03 06:00:00,0.73747265
2024-03-03 07:00:00,1.5076478
2024-03-03 08:00:00,1.9990116
2024-03-03 09:00:00,2.0882118
2024-03-03 10:00:00,2.1694503
2024-03-03 11:00:00,2.089454
2024-03-03 12:00:00,1.9709783
2024-03-03 13:00:00,1.8011066
2024-03-03 14:00:00,1.461206
2024-03-03 15:00:00,1.4801161
2024-03-03 16:00:00,1.4606642
2024-03-03 17:00:00,1.7922052
2024-03-03 18:00:00,3.1643648
2024-03-03 19:00:00,3.6950839
2024-03-03 20:00:00,3.2658384
2024-03-03 21:00:00,2.7400115
2024-03-03 22:00:00,2.164693
2024-03-03 23:00:00,2.0495272
2024-03-04 00:00:00,2.0336027
2024-03-04 01:00:00,1.0971384
2024-03-04 02:00:00,0.8824577
2024-03-04 03:00:00,2.386552
2024-03-04 04:00:00,2.8104613
2024-03-04 05:00:00,1.9569855
2024-03-04 06:00:00,2.4353113
2024-03-04 07:00:00,3.7092977
2024-03-04 08:00:00,3.218276
2024-03-04 09:00:00,2.6656575
2024-03-04 10:00:00,2.0296535
2024-03-04 11:00:00,2.4905941
2024-03-04 12:00:00,2.786359
2024-03-04 13:00:00,4.088652
2024-03-04 14:00:00,3.369326
2024-03-04 15:00:00,4.012505
2024-03-04 16:00:00,2.8526769
2024-03-04 17:00:00,2.4935756
2024-03-04 18:00:00,2.3690453
2024-03-04 19:00:00,2.149219
2024-03-04 20:00:00,2.564369
2024-03-04 21:00:00,2.5673604
2024-03-04 22:00:00,1.9677391
2024-03-04 23:00:00,1.6523042
2024-03-05 00:00:00,1.8568763
2024-03-05 01:00:00,1.9518353
2024-03-05 02:00:00,2.137858
2024-03-05 03:00:00,2.3640378
2024-03-05 04:00:00,2.475043
2024-03-05 05:00:00,2.7957654
2024-03-05 06:00:00,3.3430796
2024-03-05 07:00:00,2.9002194
2024-03-05 08:00:00,3.7178524
2024-03-05 09:00:00,4.5791016
2024-03-05 10:00:00,4.539283
2024-03-05 11:00:00,4.459725
2024-03-05 12:00:00,4.4080725
2024-03-05 13:00:00,4.1948442
2024-03-05 14:00:00,4.094121
2024-03-05 15:00:00,4.131431
2024-03-05 16:00:00,4.1177583
2024-03-05 17:00:00,3.8698087
2024-03-05 18:00:00,4.0049996
2024-03-05 19:00:00,5.3022547
2024-03-05 20:00:00,5.6472545
2024-03-05 21:00:00,5.8694983
2024-03-05 22:00:00,6.0679874
2024-03-05 23:00:00,5.5684137
2024-03-06 00:00:00,5.5074506
2024-03-06 01:00:00,6.6538544
2024-03-06 02:00:00,7.3202825
2024-03-06 03:00:00,7.632481
2024-03-06 04:00:00,7.6462884
2024-03-06 05:00:00,7.3086424
2024-03-06 06:00:00,7.0780096
2024-03-06 07:00:00,6.4654026
2024-03-06 08:00:00,8.057853
2024-03-06 09:00:00,7.631017
2024-03-06 10:00:00,7.0544753
2024-03-06 11:00:00,6.1109033
2024-03-06 12:00:00,5.244056
2024-03-06 13:00:00,4.794964
2024-03-06 14:00:00,4.981071
2024-03-06 15:00:00,4.657733
2024-03-06 16:00:00,4.3999825
2024-03-06 17:00:00,4.3093915
2024-03-06 18:00:00,4.3745475
2024-03-06 19:00:00,5.0839906
2024-03-06 20:00:00,5.023198
2024-03-06 21:00:00,5.15075
2024-03-06 22:00:00,4.8738165
2024-03-06 23:00:00,4.3701286
2024-03-07 00:00:00,3.9287286
2024-03-07 01:00:00,3.7861464
2024-03-07 02:00:00,4.2312727
2024-03-07 03:00:00,5.169516
2024-03-07 04:00:00,5.9600606
2024-03-07 05:00:00,6.751532
2024-03-07 06:00:00,7.407687
2024-03-07 07:00:00,6.88916
2024-03-07 08:00:00,7.0237675
2024-03-07 09:00:00,8.215684
2024-03-07 10:00:00,7.918625
2024-03-07 11:00:00,7.321905
2024-03-07 12:00:00,6.7509003
2024-03-07 13:00:00,6.769389
2024-03-07 14:00:00,5.94331
2024-03-07 15:00:00,5.4547305
2024-03-07 16:00:00,5.532024
2024-03-07 17:00:00,5.407911
2024-03-07 18:00:00,5.588712
2024-03-07 19:00:00,5.9463034
2024-03-07 20:00:00,6.375643
2024-03-07 21:00:00,6.3306365
2024-03-07 22:00:00,6.349339
2024-03-07 23:00:00,6.6013722
2024-03-08 00:00:00,6.882614
2024-03-08 01:00:00,7.1040316
2024-03-08 02:00:00,7.4874797
2024-03-08 03:00:00,8.005749
2024-03-08 04:00:00,8.213294
2024-03-08 05:00:00,8.202605
2024-03-08 06:00:00,8.159599
2024-03-08 07:00:00,8.670461
2024-03-08 08:00:00,9.576735
2024-03-08 09:00:00,9.482864
2024-03-08 10:00:00,9.179424
2024-03-08 11:00:00,8.788843
2024-03-08 12:00:00,8.766043
2024-03-08 13:00:00,8.5475445
2024-03-08 14:00:00,7.711416
2024-03-08 15:00:00,6.7509475
2024-03-08 16:00:00,5.9257855
2024-03-08 17:00:00,5.0504637
2024-03-08 18:00:00,4.7253666
2024-03-08 19:00:00,4.1991744
2024-03-08 20:00:00,3.638451
2024-03-08 21:00:00,3.8051903
2024-03-08 22:00:00,4.7190247
2024-03-08 23:00:00,5.270282
2024-03-09 00:00:00,5.091684
2024-03-09 01:00:00,5.0441723
2024-03-09 02:00:00,5.67441
2024-03-09 03:00:00,6.575804
2024-03-09 04:00:00,7.016103
2024-03-09 05:00:00,7.032778
2024-03-09 06:00:00,7.0654182
2024-03-09 07:00:00,6.1734953
2024-03-09 08:00:00,7.3135962
2024-03-09 09:00:00,7.716743
2024-03-09 10:00:00,7.1443872
2024-03-09 11:00:00,6.5718226
2024-03-09 12:00:00,5.8532386
2024-03-09 13:00:00,5.1765084
2024-03-09 14:00:00,4.4728518
2024-03-09 15:00:00,4.080638
2024-03-09 16:00:00,3.8255062
2024-03-09 17:00:00,3.6489968
2024-03-09 18:00:00,3.3926508
2024-03-09 19:00:00,3.6110797
2024-03-09 20:00:00,3.5067494
2024-03-09 21:00:00,3.6186593
2024-03-09 22:00:00,3.5389986
2024-03-09 23:00:00,3.75879
2024-03-10 00:00:00,4.2329717
2024-03-10 01:00:00,4.765697
2024-03-10 02:00:00,5.055031
2024-03-10 03:00:00,5.913912
2024-03-10 04:00:00,6.985731
2024-03-10 05:00:00,7.3692727
2024-03-10 06:00:00,7.2775216
2024-03-10 07:00:00,6.456343
2024-03-10 08:00:00,6.436772
2024-03-10 09:00:00,6.186911
2024-03-10 10:00:00,5.7712584
2024-03-10 11:00:00,5.1719933
2024-03-10 12:00:00,4.2532487
2024-03-10 13:00:00,3.4387665
2024-03-10 14:00:00,3.0855887
2024-03-10 15:00:00,3.0976496
2024-03-10 16:00:00,3.3083003
2024-03-10 17:00:00,3.4140897
2024-03-10 18:00:00,3.4452746
2024-03-10 19:00:00,4.847067
2024-03-10 20:00:00,5.0725455
2024-03-10 21:00:00,5.162721
2024-03-10 22:00:00,5.1327124
2024-03-10 23:00:00,5.8653407
2024-03-11 00:00:00,6.4250407
2024-03-11 01:00:00,6.311154
2024-03-11 02:00:00,5.764849
2024-03-11 03:00:00,5.1599
2024-03-11 04:00:00,4.309531
2024-03-11 05:00:00,3.5746667
2024-03-11 06:00:00,3.0562906
2024-03-11 07:00:00,2.3147552
2024-03-11 08:00:00,2.2834716
2024-03-11 09:00:00,3.907191
2024-03-11 10:00:00,3.9620094
2024-03-11 11:00:00,3.5666275
2024-03-11 12:00:00,3.235029
2024-03-11 13:00:00,2.8946772
2024-03-11 14:00:00,2.4708235
2024-03-11 15:00:00,2.1482267
2024-03-11 16:00:00,1.9535874
2024-03-11 17:00:00,2.0594637
2024-03-11 18:00:00,2.4716003
2024-03-11 19:00:00,2.6323879
2024-03-11 20:00:00,2.8903415
2024-03-11 21:00:00,2.9548845
2024-03-11 22:00:00,2.8168626
2024-03-11 23:00:00,2.9090378
2024-03-12 00:00:00,3.4711065
2024-03-12 01:00:00,4.654869
2024-03-12 02:00:00,5.0619826
2024-03-12 03:00:00,5.215616
2024-03-12 04:00:00,4.8517656
2024-03-12 05:00:00,4.110397
2024-03-12 06:00:00,2.8650703
2024-03-12 07:00:00,1.1988785
2024-03-12 08:00:00,1.5369936
2024-03-12 09:00:00,3.1169922
2024-03-12 10:00:00,3.6875324
2024-03-12 11:00:00,3.5447168
2024-03-12 12:00:00,3.1952667
2024-03-12 13:00:00,2.8348129
2024-03-12 14:00:00,2.6867793
2024-03-12 15:00:00,2.396649
2024-03-12 16:00:00,2.5741785
2024-03-12 17:00:00,2.536866
2024-03-12 18:00:00,3.4464204
2024-03-12 19:00:00,5.068154
2024-03-12 20:00:00,5.954633
2024-03-12 21:00:00,5.216327
2024-03-12 22:00:00,4.3899355
2024-03-12 23:00:00,3.565033
2024-03-13 00:00:00,3.1725192
2024-03-13 01:00:00,3.2241817
2024-03-13 02:00:00,2.9156651
2024-03-13 03:00:00,2.2015905
2024-03-13 04:00:00,2.0095904
2024-03-13 05:00:00,2.6964126
2024-03-13 06:00:00,3.7259328
2024-03-13 07:00:00,3.1826003
2024-03-13 08:00:00,2.7929814
2024-03-13 09:00:00,2.9623067
2024-03-13 10:00:00,2.903
2024-03-13 11:00:00,3.0659487
2024-03-13 12:00:00,2.55286
2024-03-13 13:00:00,1.9438825
2024-03-13 14:00:00,1.8576424
2024-03-13 15:00:00,1.9407696
2024-03-13 16:00:00,2.6233094
2024-03-13 17:00:00,3.0683796
2024-03-13 18:00:00,2.721821
2024-03-13 19:00:00,2.98376
2024-03-13 20:00:00,2.904345
2024-03-13 21:00:00,2.9567456
2024-03-13 22:00:00,3.0666454
2024-03-13 23:00:00,3.073701
2024-03-14 00:00:00,2.46292
2024-03-14 01:00:00,2.8067746
2024-03-14 02:00:00,3.3758442
2024-03-14 03:00:00,3.39872
2024-03-14 04:00:00,3.4540236
2024-03-14 05:00:00,3.3454301
2024-03-14 06:00:00,3.4793766
2024-03-14 07:00:00,2.6218464
2024-03-14 08:00:00,3.4714248
2024-03-14 09:00:00,4.470719
2024-03-14 10:00:00,4.1924253
2024-03-14 11:00:00,3.9803884
2024-03-14 12:00:00,4.1149764
2024-03-14 13:00:00,4.1487937
2024-03-14 14:00:00,3.8795683
2024-03-14 15:00:00,3.4715817
2024-03-14 16:00:00,3.0800152
2024-03-14 17:00:00,3.613754
2024-03-14 18:00:00,4.5905623
2024-03-14 19:00:00,5.283866
2024-03-14 20:00:00,6.3992305
2024-03-14 21:00:00,6.6778593
2024-03-14 22:00:00,6.721696
2024-03-14 23:00:00,6.866313
2024-03-15 00:00:00,6.627232
2024-03-15 01:00:00,6.5234365
2024-03-15 02:00:00,6.5650315
2024-03-15 03:00:00,6.433469
2024-03-15 04:00:00,6.3423166
2024-03-15 05:00:00,6.4091244
2024-03-15 06:00:00,6.40701
2024-03-15 07:00:00,6.243311
2024-03-15 08:00:00,7.091533
2024-03-15 09:00:00,6.753683
2024-03-15 10:00:00,6.4061756
2024-03-15 11:00:00,5.8246293
2024-03-15 12:00:00,5.324425
2024-03-15 13:00:00,5.3880873
2024-03-15 14:00:00,5.461158
2024-03-15 15:00:00,5.622153
2024-03-15 16:00:00,6.3024907
2024-03-15 17:00:00,5.7074394
2024-03-15 18:00:00,5.613581
2024-03-15 19:00:00,5.624678
2024-03-15 20:00:00,5.353545
2024-03-15 21:00:00,5.1441045
2024-03-15 22:00:00,5.054388
2024-03-15 23:00:00,5.044279
2024-03-16 00:00:00,4.7604003
2024-03-16 01:00:00,4.4263506
2024-03-16 02:00:00,4.4781613
2024-03-16 03:00:00,4.6830187
2024-03-16 04:00:00,5.0522203
2024-03-16 05:00:00,5.8538756
2024-03-16 06:00:00,6.5260935
2024-03-16 07:00:00,6.578078
2024-03-16 08:00:00,6.1505017
2024-03-16 09:00:00,6.0626593
2024-03-16 10:00:00,5.768064
2024-03-16 11:00:00,5.3445454
2024-03-16 12:00:00,5.203791
2024-03-16 13:00:00,4.893185
2024-03-16 14:00:00,4.412721
2024-03-16 15:00:00,4.0005274
2024-03-16 16:00:00,3.9232855
2024-03-16 17:00:00,3.833085
2024-03-16 18:00:00,3.9912012
2024-03-16 19:00:00,4.68711
2024-03-16 20:00:00,4.384873
2024-03-16 21:00:00,4.1155157
2024-03-16 22:00:00,3.7183032
2024-03-16 23:00:00,3.2386703
2024-03-17 00:00:00,2.7505703
2024-03-17 01:00:00,2.8607252
2024-03-17 02:00:00,3.3155065
2024-03-17 03:00:00,4.100779
2024-03-17 04:00:00,5.1215777
2024-03-17 05:00:00,6.2252827
2024-03-17 06:00:00,7.0308266
2024-03-17 07:00:00,7.0191293
2024-03-17 08:00:00,6.5468283
2024-03-17 09:00:00,6.5975266
2024-03-17 10:00:00,5.8317537
2024-03-17 11:00:00,5.546395
2024-03-17 12:00:00,5.364358
2024-03-17 13:00:00,4.9692626
2024-03-17 14:00:00,4.757167
2024-03-17 15:00:00,4.7077775
2024-03-17 16:00:00,4.842339
2024-03-17 17:00:00,4.9102316
2024-03-17 18:00:00,4.7180743
2024-03-17 19:00:00,5.3420634
2024-03-17 20:00:00,5.551486
2024-03-17 21:00:00,5.6039467
2024-03-17 22:00:00,5.219791
2024-03-17 23:00:00,5.3771906
2024-03-18 00:00:00,5.3787875
2024-03-18 01:00:00,4.5289454
2024-03-18 02:00:00,3.7799025
2024-03-18 03:00:00,3.7500906
2024-03-18 04:00:00,3.613397
2024-03-18 05:00:00,3.197404
2024-03-18 06:00:00,2.6364534
2024-03-18 07:00:00,2.3539398
2024-03-18 08:00:00,2.322911
2024-03-18 09:00:00,3.144847
2024-03-18 10:00:00,3.3002496
2024-03-18 11:00:00,3.3144479
2024-03-18 12:00:00,2.7943008
2024-03-18 13:00:00,2.6482642
2024-03-18 14:00:00,2.773624
2024-03-18 15:00:00,2.8296592
2024-03-18 16:00:00,3.1398184
2024-03-18 17:00:00,3.1930203
2024-03-18 18:00:00,3.0856297
2024-03-18 19:00:00,3.106134
2024-03-18 20:00:00,3.6894374
2024-03-18 21:00:00,4.288599
2024-03-18 22:00:00,4.215862
2024-03-18 23:00:00,3.899453
2024-03-19 00:00:00,3.6071453
2024-03-19 01:00:00,3.2412872
2024-03-19 02:00:00,2.853869
2024-03-19 03:00:00,3.1999037
2024-03-19 04:00:00,3.8856044
2024-03-19 05:00:00,3.955824
2024-03-19 06:00:00,3.4542887
2024-03-19 07:00:00,2.9524155
2024-03-19 08:00:00,3.576928
2024-03-19 09:00:00,4.275581
2024-03-19 10:00:00,4.0995245
2024-03-19 11:00:00,3.9796512
2024-03-19 12:00:00,3.4622188
2024-03-19 13:00:00,3.110414
2024-03-19 14:00:00,2.6714349
2024-03-19 15:00:00,2.5308144
2024-03-19 16:00:00,2.404401
2024-03-19 17:00:00,2.3032837
2024-03-19 18:00:00,1.9962525
2024-03-19 19:00:00,2.1094842
2024-03-19 20:00:00,3.2328105
2024-03-19 21:00:00,4.12406
2024-03-19 22:00:00,4.404381
2024-03-19 23:00:00,4.633936
2024-03-20 00:00:00,4.541433
2024-03-20 01:00:00,4.3848157
2024-03-20 02:00:00,4.120908
2024-03-20 03:00:00,3.5053816
2024-03-20 04:00:00,2.7076645
2024-03-20 05:00:00,2.3887308
2024-03-20 06:00:00,2.5956714
2024-03-20 07:00:00,2.5454726
2024-03-20 08:00:00,2.9334376
2024-03-20 09:00:00,2.794656
2024-03-20 10:00:00,2.5338345
2024-03-20 11:00:00,2.5200677
2024-03-20 12:00:00,2.5590374
2024-03-20 13:00:00,2.6222944
2024-03-20 14:00:00,2.446738
2024-03-20 15:00:00,2.404221
2024-03-20 16:00:00,2.1247375
2024-03-20 17:00:00,1.2983061
2024-03-20 18:00:00,0.49463934
2024-03-20 19:00:00,1.2959476
2024-03-20 20:00:00,1.7774702
2024-03-20 21:00:00,2.0209618
2024-03-20 22:00:00,2.8500125
2024-03-20 23:00:00,3.5051115
2024-03-21 00:00:00,3.8127635
2024-03-21 01:00:00,4.0713396
2024-03-21 02:00:00,3.9713016
2024-03-21 03:00:00,3.8077652
2024-03-21 04:00:00,3.2597666
2024-03-21 05:00:00,2.477867
2024-03-21 06:00:00,1.8198396
2024-03-21 07:00:00,1.5643222
2024-03-21 08:00:00,1.6997573
2024-03-21 09:00:00,1.8192265
2024-03-21 10:00:00,1.9898264
2024-03-21 11:00:00,2.086159
2024-03-21 12:00:00,1.9994678
2024-03-21 13:00:00,1.8845433
2024-03-21 14:00:00,1.9227169
2024-03-21 15:00:00,1.8211198
2024-03-21 16:00:00,1.7772119
2024-03-21 17:00:00,1.5093304
2024-03-21 18:00:00,1.4009522
2024-03-21 19:00:00,2.662799
2024-03-21 20:00:00,3.3478816
2024-03-21 21:00:00,3.487624
2024-03-21 22:00:00,3.7754529
2024-03-21 23:00:00,3.3801622
2024-03-22 00:00:00,3.1926908
2024-03-22 01:00:00,3.3675568
2024-03-22 02:00:00,2.9851234
2024-03-22 03:00:00,2.415255
2024-03-22 04:00:00,1.2787988
2024-03-22 05:00:00,0.5767455
2024-03-22 06:00:00,3.0020223
2024-03-22 07:00:00,4.180452
2024-03-22 08:00:00,3.9739647
2024-03-22 09:00:00,4.0396814
2024-03-22 10:00:00,3.6637094
2024-03-22 11:00:00,3.748535
2024-03-22 12:00:00,3.5578115
2024-03-22 13:00:00,3.280361
2024-03-22 14:00:00,2.9137816
2024-03-22 15:00:00,2.7781224
2024-03-22 16:00:00,2.921384
2024-03-22 17:00:00,3.2735956
2024-03-22 18:00:00,3.5311658
2024-03-22 19:00:00,4.267417
2024-03-22 20:00:00,4.3982143
2024-03-22 21:00:00,4.687186
2024-03-22 22:00:00,4.56431
2024-03-22 23:00:00,4.5567226
2024-03-23 00:00:00,4.480624
2024-03-23 01:00:00,4.145929
2024-03-23 02:00:00,3.4390626
2024-03-23 03:00:00,2.113903
2024-03-23 04:00:00,0.48121256
2024-03-23 05:00:00,2.723084
2024-03-23 06:00:00,4.0067396
2024-03-23 07:00:00,4.0674214
2024-03-23 08:00:00,3.461546
2024-03-23 09:00:00,4.349376
2024-03-23 10:00:00,4.039956
2024-03-23 11:00:00,3.60769
2024-03-23 12:00:00,3.429653
2024-03-23 13:00:00,3.4053838
2024-03-23 14:00:00,3.3126943
2024-03-23 15:00:00,3.1404023
2024-03-23 16:00:00,3.2983968
2024-03-23 17:00:00,3.3464599
2024-03-23 18:00:00,3.3858118
2024-03-23 19:00:00,3.3708634
2024-03-23 20:00:00,3.3821776
2024-03-23 21:00:00,2.8279505
2024-03-23 22:00:00,1.9748093
2024-03-23 23:00:00,1.2413671
2024-03-24 00:00:00,1.0443658
2024-03-24 01:00:00,0.6848789
2024-03-24 02:00:00,0.52730983
2024-03-24 03:00:00,2.7010117
2024-03-24 04:00:00,4.878185
2024-03-24 05:00:00,6.3283343
2024-03-24 06:00:00,7.123186
2024-03-24 07:00:00,6.178044
2024-03-24 08:00:00,6.6376147
2024-03-24 09:00:00,6.564992
2024-03-24 10:00:00,6.633655
2024-03-24 11:00:00,6.6327634
2024-03-24 12:00:00,6.4459877
2024-03-24 13:00:00,6.0329223
2024-03-24 14:00:00,5.5541444
2024-03-24 15:00:00,5.217702
2024-03-24 16:00:00,5.031247
2024-03-24 17:00:00,4.093648
2024-03-24 18:00:00,3.251998
2024-03-24 19:00:00,3.7127128
2024-03-24 20:00:00,4.1751356
2024-03-24 21:00:00,4.874719
2024-03-24 22:00:00,4.9186873
2024-03-24 23:00:00,5.0594115
2024-03-25 00:00:00,5.69177
2024-03-25 01:00:00,6.5239224
2024-03-25 02:00:00,7.1276665
2024-03-25 03:00:00,7.338927
2024-03-25 04:00:00,7.341674
2024-03-25 05:00:00,7.3978014
2024-03-25 06:00:00,7.4765654
2024-03-25 07:00:00,7.207728
2024-03-25 08:00:00,7.823487
2024-03-25 09:00:00,8.310326
2024-03-25 10:00:00,7.5538163
2024-03-25 11:00:00,6.691773
2024-03-25 12:00:00,5.993278
2024-03-25 13:00:00,5.2180166
2024-03-25 14:00:00,4.341696
2024-03-25 15:00:00,3.7509904
2024-03-25 16:00:00,3.602451
2024-03-25 17:00:00,3.2645812
2024-03-25 18:00:00,3.0241766
2024-03-25 19:00:00,2.5094376
2024-03-25 20:00:00,2.9719002
2024-03-25 21:00:00,4.185734
2024-03-25 22:00:00,5.4292736
2024-03-25 23:00:00,5.4553995
2024-03-26 00:00:00,4.5277457
2024-03-26 01:00:00,3.4775257
2024-03-26 02:00:00,3.017104
2024-03-26 03:00:00,3.033578
2024-03-26 04:00:00,3.3960364
2024-03-26 05:00:00,3.729863
2024-03-26 06:00:00,3.2502737
2024-03-26 07:00:00,2.0043783
2024-03-26 08:00:00,2.625057
2024-03-26 09:00:00,3.3751967
2024-03-26 10:00:00,2.6131463
2024-03-26 11:00:00,2.2108955
2024-03-26 12:00:00,1.9518386
2024-03-26 13:00:00,2.160062
2024-03-26 14:00:00,2.238072
2024-03-26 15:00:00,2.3687947
2024-03-26 16:00:00,1.6167122
2024-03-26 17:00:00,1.7187026
2024-03-26 18:00:00,2.8642228
2024-03-26 19:00:00,2.5226731
2024-03-26 20:00:00,3.0548408
2024-03-26 21:00:00,3.141847
2024-03-26 22:00:00,3.1120825
2024-03-26 23:00:00,3.3494835
2024-03-27 00:00:00,3.1922023
2024-03-27 01:00:00,2.7134736
2024-03-27 02:00:00,2.7524114
2024-03-27 03:00:00,2.6427603
2024-03-27 04:00:00,2.6363285
2024-03-27 05:00:00,3.2686665
2024-03-27 06:00:00,4.2373185
2024-03-27 07:00:00,4.322888
2024-03-27 08:00:00,6.017452
2024-03-27 09:00:00,6.7477064
2024-03-27 10:00:00,6.824833
2024-03-27 11:00:00,6.7678685
2024-03-27 12:00:00,6.4296575
2024-03-27 13:00:00,6.1395125
2024-03-27 14:00:00,5.784071
2024-03-27 15:00:00,5.823525
2024-03-27 16:00:00,5.6102314
2024-03-27 17:00:00,5.718225
2024-03-27 18:00:00,6.4077544
2024-03-27 19:00:00,6.4654226
2024-03-27 20:00:00,6.2269344
2024-03-27 21:00:00,6.094734
2024-03-27 22:00:00,5.6622233
2024-03-27 23:00:00,5.339806
2024-03-28 00:00:00,5.5384355
2024-03-28 01:00:00,5.7592654
2024-03-28 02:00:00,5.6754837
2024-03-28 03:00:00,5.7095547
2024-03-28 04:00:00,6.2088675
2024-03-28 05:00:00,6.540485
2024-03-28 06:00:00,7.0998764
2024-03-28 07:00:00,6.315369
2024-03-28 08:00:00,8.240639
2024-03-28 09:00:00,8.233477
2024-03-28 10:00:00,8.144816
2024-03-28 11:00:00,8.050659
2024-03-28 12:00:00,7.7135267
2024-03-28 13:00:00,7.404414
2024-03-28 14:00:00,6.810227
2024-03-28 15:00:00,6.0366983
2024-03-28 16:00:00,5.683589
2024-03-28 17:00:00,5.182442
2024-03-28 18:00:00,5.7239084
2024-03-28 19:00:00,6.5036254
2024-03-28 20:00:00,6.5100183
2024-03-28 21:00:00,6.0647483
2024-03-28 22:00:00,6.238447
2024-03-28 23:00:00,6.727894
2024-03-29 00:00:00,6.9184017
2024-03-29 01:00:00,7.2161756
2024-03-29 02:00:00,7.3748703
2024-03-29 03:00:00,7.5812063
2024-03-29 04:00:00,7.830457
2024-03-29 05:00:00,7.9535413
2024-03-29 06:00:00,8.004917
2024-03-29 07:00:00,8.274271
2024-03-29 08:00:00,9.691914
2024-03-29 09:00:00,9.464334
2024-03-29 10:00:00,9.3391485
2024-03-29 11:00:00,8.67236
2024-03-29 12:00:00,7.668588
2024-03-29 13:00:00,7.2075567
2024-03-29 14:00:00,6.54416
2024-03-29 15:00:00,5.229834
2024-03-29 16:00:00,5.1805687
2024-03-29 17:00:00,4.9993486
2024-03-29 18:00:00,5.390189
2024-03-29 19:00:00,5.4578485
2024-03-29 20:00:00,5.6441655
2024-03-29 21:00:00,5.8584166
2024-03-29 22:00:00,6.0209665
2024-03-29 23:00:00,5.9205093
2024-03-30 00:00:00,5.9603796
2024-03-30 01:00:00,6.076923
2024-03-30 02:00:00,6.233087
2024-03-30 03:00:00,6.6453037
2024-03-30 04:00:00,6.48091
2024-03-30 05:00:00,6.0381613
2024-03-30 06:00:00,5.8618994
2024-03-30 07:00:00,5.1006355
2024-03-30 08:00:00,5.7416134
2024-03-30 09:00:00,5.556013
2024-03-30 10:00:00,5.269675
2024-03-30 11:00:00,4.58638
2024-03-30 12:00:00,4.147452
2024-03-30 13:00:00,4.1959553
2024-03-30 14:00:00,4.01561
2024-03-30 15:00:00,3.5030174
2024-03-30 16:00:00,2.7103028
2024-03-30 17:00:00,2.4285161
2024-03-30 18:00:00,3.1392083
2024-03-30 19:00:00,4.4542303
2024-03-30 20:00:00,4.6322923
2024-03-30 21:00:00,4.4005613
2024-03-30 22:00:00,3.255132
2024-03-30 23:00:00,2.6079624
2024-03-31 00:00:00,2.6713545
2024-03-31 01:00:00,2.253298
2024-03-31 02:00:00,2.3122497
2024-03-31 03:00:00,2.4029267
2024-03-31 04:00:00,2.5527318
2024-03-31 05:00:00,2.534146
2024-03-31 06:00:00,2.807071
2024-03-31 07:00:00,2.7346718
2024-03-31 08:00:00,2.0051675
2024-03-31 09:00:00,0.9735753
2024-03-31 10:00:00,1.7182248
2024-03-31 11:00:00,2.4792902
2024-03-31 12:00:00,2.5287535
2024-03-31 13:00:00,2.393369
2024-03-31 14:00:00,1.8080628
2024-03-31 15:00:00,1.634869
2024-03-31 16:00:00,1.6395059
2024-03-31 17:00:00,1.8648651
2024-03-31 18:00:00,2.065425
2024-03-31 19:00:00,2.9137142
2024-03-31 20:00:00,2.2577064
2024-03-31 21:00:00,1.2855808
2024-03-31 22:00:00,4.2525773
2024-03-31 23:00:00,6.1636815
2024-04-01 00:00:00,5.8061852
2024-04-01 01:00:00,5.743609
2024-04-01 02:00:00,5.288645
2024-04-01 03:00:00,4.4311037
2024-04-01 04:00:00,3.6754649
2024-04-01 05:00:00,2.9459229
2024-04-01 06:00:00,2.1778755
2024-04-01 07:00:00,2.3771467
2024-04-01 08:00:00,2.9029293
2024-04-01 09:00:00,2.5447307
2024-04-01 10:00:00,1.5489516
2024-04-01 11:00:00,0.7073642
2024-04-01 12:00:00,0.68770015
2024-04-01 13:00:00,0.64799815
2024-04-01 14:00:00,0.80684596
2024-04-01 15:00:00,1.52337
2024-04-01 16:00:00,2.2316108
2024-04-01 17:00:00,2.681133
2024-04-01 18:00:00,2.7315814
2024-04-01 19:00:00,2.2342658
2024-04-01 20:00:00,2.170392
2024-04-01 21:00:00,1.6927245
2024-04-01 22:00:00,2.6250856
2024-04-01 23:00:00,3.7542276
2024-04-02 00:00:00,3.914121
2024-04-02 01:00:00,3.3913705
2024-04-02 02:00:00,3.377772
2024-04-02 03:00:00,3.3082197
2024-04-02 04:00:00,3.1488726
2024-04-02 05:00:00,3.3005035
2024-04-02 06:00:00,3.3827794
2024-04-02 07:00:00,3.9037273
2024-04-02 08:00:00,3.1331348
2024-04-02 09:00:00,2.1928248
2024-04-02 10:00:00,2.0324295
2024-04-02 11:00:00,1.1969762
2024-04-02 12:00:00,1.5401165
2024-04-02 13:00:00,2.0145555
2024-04-02 14:00:00,1.942647
2024-04-02 15:00:00,1.4188826
2024-04-02 16:00:00,1.6906079
2024-04-02 17:00:00,1.5089244
2024-04-02 18:00:00,1.746871
2024-04-02 19:00:00,2.890573
2024-04-02 20:00:00,2.8707292
2024-04-02 21:00:00,2.4318166
2024-04-02 22:00:00,1.5260155
2024-04-02 23:00:00,1.5514787
2024-04-03 00:00:00,1.449888
2024-04-03 01:00:00,1.5786719
2024-04-03 02:00:00,1.8792813
2024-04-03 03:00:00,2.612649
2024-04-03 04:00:00,4.47479
2024-04-03 05:00:00,5.5171084
2024-04-03 06:00:00,4.2175565
2024-04-03 07:00:00,3.5979567
2024-04-03 08:00:00,3.5943441
2024-04-03 09:00:00,2.3656297
2024-04-03 10:00:00,1.5620415
2024-04-03 11:00:00,0.63008744
2024-04-03 12:00:00,1.3361636
2024-04-03 13:00:00,2.4719214
2024-04-03 14:00:00,1.9273533
2024-04-03 15:00:00,1.0242127
2024-04-03 16:00:00,0.64060485
2024-04-03 17:00:00,0.1466702
2024-04-03 18:00:00,1.0950663
2024-04-03 19:00:00,1.313044
2024-04-03 20:00:00,1.5033376
2024-04-03 21:00:00,1.8929749
2024-04-03 22:00:00,2.2999566
2024-04-03 23:00:00,2.42081
2024-04-04 00:00:00,3.4633014
2024-04-04 01:00:00,3.6795826
2024-04-04 02:00:00,3.0334406
2024-04-04 03:00:00,3.0329564
2024-04-04 04:00:00,2.4330676
2024-04-04 05:00:00,2.308713
2024-04-04 06:00:00,2.3805895
2024-04-04 07:00:00,1.8627622
2024-04-04 08:00:00,1.5683111
2024-04-04 09:00:00,1.7937243
2024-04-04 10:00:00,2.6289809
2024-04-04 11:00:00,2.455184
2024-04-04 12:00:00,2.2997599
2024-04-04 13:00:00,2.5291433
2024-04-04 14:00:00,2.6715887
2024-04-04 15:00:00,2.8294222
2024-04-04 16:00:00,3.0730743
2024-04-04 17:00:00,3.6218662
2024-04-04 18:00:00,4.093137
2024-04-04 19:00:00,4.3175735
2024-04-04 20:00:00,3.5811021
2024-04-04 21:00:00,3.3742044
2024-04-04 22:00:00,3.76038
2024-04-04 23:00:00,4.473981
2024-04-05 00:00:00,5.4221973
2024-04-05 01:00:00,5.952474
2024-04-05 02:00:00,5.552421
2024-04-05 03:00:00,5.4171414
2024-04-05 04:00:00,5.667741
2024-04-05 05:00:00,5.5987034
2024-04-05 06:00:00,5.437141
2024-04-05 07:00:00,5.087825
2024-04-05 08:00:00,5.452147
2024-04-05 09:00:00,5.266754
2024-04-05 10:00:00,5.0875854
2024-04-05 11:00:00,4.5991335
2024-04-05 12:00:00,4.12003
2024-04-05 13:00:00,3.993702
2024-04-05 14:00:00,3.966338
2024-04-05 15:00:00,4.2160587
2024-04-05 16:00:00,4.7731295
2024-04-05 17:00:00,4.7731767
2024-04-05 18:00:00,4.6259475
2024-04-05 19:00:00,4.712045
2024-04-05 20:00:00,5.1648526
2024-04-05 21:00:00,5.5132794
2024-04-05 22:00:00,5.1738524
2024-04-05 23:00:00,4.5599856
2024-04-06 00:00:00,4.029041
2024-04-06 01:00:00,3.6374443
2024-04-06 02:00:00,3.8810422
2024-04-06 03:00:00,4.616031
2024-04-06 04:00:00,5.092945
2024-04-06 05:00:00,5.4322276
2024-04-06 06:00:00,5.8298683
2024-04-06 07:00:00,5.604887
2024-04-06 08:00:00,6.648572
2024-04-06 09:00:00,6.4529552
2024-04-06 10:00:00,5.8463173
2024-04-06 11:00:00,5.492077
2024-04-06 12:00:00,5.2140193
2024-04-06 13:00:00,5.032733
2024-04-06 14:00:00,5.193362
2024-04-06 15:00:00,5.4427047
2024-04-06 16:00:00,5.291482
2024-04-06 17:00:00,4.699773
2024-04-06 18:00:00,4.8662157
2024-04-06 19:00:00,3.8174798
2024-04-06 20:00:00,3.748332
2024-04-06 21:00:00,4.307254
2024-04-06 22:00:00,5.054786
2024-04-06 23:00:00,6.033479
2024-04-07 00:00:00,6.5703197
2024-04-07 01:00:00,6.396037
2024-04-07 02:00:00,5.924774
2024-04-07 03:00:00,5.4686856
2024-04-07 04:00:00,5.140136
2024-04-07 05:00:00,4.7725015
2024-04-07 06:00:00,4.6295347
2024-04-07 07:00:00,4.797193
2024-04-07 08:00:00,5.547561
2024-04-07 09:00:00,5.5168633
2024-04-07 10:00:00,5.3410974
2024-04-07 11:00:00,5.044805
2024-04-07 12:00:00,4.6993327
2024-04-07 13:00:00,4.4993324
2024-04-07 14:00:00,4.531654
2024-04-07 15:00:00,4.553484
2024-04-07 16:00:00,4.61572
2024-04-07 17:00:00,4.489096
2024-04-07 18:00:00,4.8731046
2024-04-07 19:00:00,6.3613744
2024-04-07 20:00:00,7.0123587
2024-04-07 21:00:00,7.680114
2024-04-07 22:00:00,7.8672223
2024-04-07 23:00:00,7.7931647
2024-04-08 00:00:00,7.6595697
2024-04-08 01:00:00,7.553475
2024-04-08 02:00:00,7.5497003
2024-04-08 03:00:00,7.4276795
2024-04-08 04:00:00,7.2614155
2024-04-08 05:00:00,7.036513
2024-04-08 06:00:00,6.9627166
2024-04-08 07:00:00,7.504843
2024-04-08 08:00:00,8.833383
2024-04-08 09:00:00,8.170209
2024-04-08 10:00:00,7.617289
2024-04-08 11:00:00,7.2806044
2024-04-08 12:00:00,6.8467155
2024-04-08 13:00:00,6.333049
2024-04-08 14:00:00,5.9920707
2024-04-08 15:00:00,5.911735
2024-04-08 16:00:00,5.6474786
2024-04-08 17:00:00,4.8628216
2024-04-08 18:00:00,4.9462075
2024-04-08 19:00:00,5.5234184
2024-04-08 20:00:00,5.7659245
2024-04-08 21:00:00,5.84667
2024-04-08 22:00:00,5.7372046
2024-04-08 23:00:00,5.6930676
2024-04-09 00:00:00,5.8330326
2024-04-09 01:00:00,6.0812235
2024-04-09 02:00:00,6.060886
2024-04-09 03:00:00,6.111981
2024-04-09 04:00:00,5.9619794
2024-04-09 05:00:00,5.7803783
2024-04-09 06:00:00,5.861961
2024-04-09 07:00:00,6.123602
2024-04-09 08:00:00,6.5444813
2024-04-09 09:00:00,6.043982
2024-04-09 10:00:00,5.551281
2024-04-09 11:00:00,5.675946
2024-04-09 12:00:00,5.707133
2024-04-09 13:00:00,5.3911586
2024-04-09 14:00:00,5.080996
2024-04-09 15:00:00,4.7134395
2024-04-09 16:00:00,3.9429777
2024-04-09 17:00:00,3.879884
2024-04-09 18:00:00,4.0321064
2024-04-09 19:00:00,3.950553
2024-04-09 20:00:00,4.3463316
2024-04-09 21:00:00,4.8085523
2024-04-09 22:00:00,5.159041
2024-04-09 23:00:00,5.12427
2024-04-10 00:00:00,4.8056636
2024-04-10 01:00:00,4.725809
2024-04-10 02:00:00,5.026286
2024-04-10 03:00:00,5.4931474
2024-04-10 04:00:00,5.9084263
2024-04-10 05:00:00,5.827748
2024-04-10 06:00:00,5.659231
2024-04-10 07:00:00,4.736436
2024-04-10 08:00:00,5.285665
2024-04-10 09:00:00,4.733809
2024-04-10 10:00:00,3.9795487
2024-04-10 11:00:00,3.8968947
2024-04-10 12:00:00,3.1641994
2024-04-10 13:00:00,2.8024964
2024-04-10 14:00:00,2.7797272
2024-04-10 15:00:00,3.1098852
2024-04-10 16:00:00,3.2785733
2024-04-10 17:00:00,3.0110986
2024-04-10 18:00:00,2.7429397
2024-04-10 19:00:00,1.9681922
2024-04-10 20:00:00,2.968675
2024-04-10 21:00:00,3.7142708
2024-04-10 22:00:00,3.1925704
2024-04-10 23:00:00,2.5420902
2024-04-11 00:00:00,1.505699
2024-04-11 01:00:00,1.2388442
2024-04-11 02:00:00,1.9026558
2024-04-11 03:00:00,1.7995502
2024-04-11 04:00:00,1.3534003
2024-04-11 05:00:00,1.5851012
2024-04-11 06:00:00,1.5309062
2024-04-11 07:00:00,2.4401073
2024-04-11 08:00:00,2.5277646
2024-04-11 09:00:00,3.4804296
2024-04-11 10:00:00,3.856596
2024-04-11 11:00:00,3.6340313
2024-04-11 12:00:00,3.5035284
2024-04-11 13:00:00,3.3077207
2024-04-11 14:00:00,3.4027123
2024-04-11 15:00:00,3.5326629
2024-04-11 16:00:00,3.5106113
2024-04-11 17:00:00,3.8638313
2024-04-11 18:00:00,3.0532486
2024-04-11 19:00:00,2.6836817
2024-04-11 20:00:00,3.623938
2024-04-11 21:00:00,4.6765895
2024-04-11 22:00:00,5.460433
2024-04-11 23:00:00,6.167178
2024-04-12 00:00:00,6.5188107
2024-04-12 01:00:00,6.2124543
2024-04-12 02:00:00,6.103023
2024-04-12 03:00:00,6.2372446
2024-04-12 04:00:00,6.1786666
2024-04-12 05:00:00,5.9666653
2024-04-12 06:00:00,5.8044977
2024-04-12 07:00:00,5.435393
2024-04-12 08:00:00,6.630286
2024-04-12 09:00:00,6.5957894
2024-04-12 10:00:00,6.6325946
2024-04-12 11:00:00,6.59607
2024-04-12 12:00:00,6.322365
2024-04-12 13:00:00,6.255192
2024-04-12 14:00:00,6.2024317
2024-04-12 15:00:00,5.946395
2024-04-12 16:00:00,5.7748427
2024-04-12 17:00:00,5.388033
2024-04-12 18:00:00,5.6769743
2024-04-12 19:00:00,5.5564785
2024-04-12 20:00:00,5.5026116
2024-04-12 21:00:00,5.46397
2024-04-12 22:00:00,5.7383685
2024-04-12 23:00:00,6.302724
2024-04-13 00:00:00,6.3658986
2024-04-13 01:00:00,6.2938623
2024-04-13 02:00:00,6.7785954
2024-04-13 03:00:00,7.241927
2024-04-13 04:00:00,7.4876904
2024-04-13 05:00:00,7.512201
2024-04-13 06:00:00,7.38091
2024-04-13 07:00:00,6.628775
2024-04-13 08:00:00,7.416753
2024-04-13 09:00:00,7.760533
2024-04-13 10:00:00,7.523399
2024-04-13 11:00:00,7.0269346
2024-04-13 12:00:00,6.5997634
2024-04-13 13:00:00,6.3932843
2024-04-13 14:00:00,6.258034
2024-04-13 15:00:00,6.0292974
2024-04-13 16:00:00,5.9254093
2024-04-13 17:00:00,5.5326676
2024-04-13 18:00:00,5.353951
2024-04-13 19:00:00,5.176515
2024-04-13 20:00:00,5.538893
2024-04-13 21:00:00,6.05519
2024-04-13 22:00:00,6.363107
2024-04-13 23:00:00,6.4131446
2024-04-14 00:00:00,6.1863794
2024-04-14 01:00:00,6.303745
2024-04-14 02:00:00,7.0842314
2024-04-14 03:00:00,7.599024
2024-04-14 04:00:00,7.6708627
2024-04-14 05:00:00,7.411583
2024-04-14 06:00:00,7.0251317
2024-04-14 07:00:00,6.0837846
2024-04-14 08:00:00,6.5404167
2024-04-14 09:00:00,6.7648425
2024-04-14 10:00:00,6.8342023
2024-04-14 11:00:00,6.5059767
2024-04-14 12:00:00,6.0295033
2024-04-14 13:00:00,5.6117654
2024-04-14 14:00:00,5.475373
2024-04-14 15:00:00,5.3981485
2024-04-14 16:00:00,5.5496917
2024-04-14 17:00:00,5.3461246
2024-04-14 18:00:00,5.2555304
2024-04-14 19:00:00,5.5478535
2024-04-14 20:00:00,5.9211283
2024-04-14 21:00:00,6.6673665
2024-04-14 22:00:00,7.1019225
2024-04-14 23:00:00,7.2505226
2024-04-15 00:00:00,7.3061814
2024-04-15 01:00:00,7.32071
2024-04-15 02:00:00,7.5238743
2024-04-15 03:00:00,7.6789074
2024-04-15 04:00:00,7.71977
2024-04-15 05:00:00,7.660758
2024-04-15 06:00:00,7.700901
2024-04-15 07:00:00,7.539919
2024-04-15 08:00:00,7.833008
2024-04-15 09:00:00,7.6857004
2024-04-15 10:00:00,7.3982263
2024-04-15 11:00:00,7.22502
2024-04-15 12:00:00,7.028502
2024-04-15 13:00:00,6.740683
2024-04-15 14:00:00,6.2563195
2024-04-15 15:00:00,5.8165684
2024-04-15 16:00:00,5.596215
2024-04-15 17:00:00,4.900914
2024-04-15 18:00:00,4.749743
2024-04-15 19:00:00,5.052976
2024-04-15 20:00:00,5.4455247
2024-04-15 21:00:00,5.8416224
2024-04-15 22:00:00,6.0157585
2024-04-15 23:00:00,6.3355665
2024-04-16 00:00:00,6.6729817
2024-04-16 01:00:00,6.852846
2024-04-16 02:00:00,7.0845532
2024-04-16 03:00:00,7.0433793
2024-04-16 04:00:00,6.950056
2024-04-16 05:00:00,6.9668937
2024-04-16 06:00:00,6.72325
2024-04-16 07:00:00,6.990936
2024-04-16 08:00:00,8.097641
2024-04-16 09:00:00,7.966442
2024-04-16 10:00:00,7.757481
2024-04-16 11:00:00,7.2744184
2024-04-16 12:00:00,6.876834
2024-04-16 13:00:00,6.7917995
2024-04-16 14:00:00,6.328832
2024-04-16 15:00:00,5.845357
2024-04-16 16:00:00,5.471658
2024-04-16 17:00:00,5.30382
2024-04-16 18:00:00,5.480096
2024-04-16 19:00:00,5.759266
2024-04-16 20:00:00,6.7482047
2024-04-16 21:00:00,8.009609
2024-04-16 22:00:00,8.6899805
2024-04-16 23:00:00,8.433852
2024-04-17 00:00:00,7.6118174
2024-04-17 01:00:00,6.984204
2024-04-17 02:00:00,6.435053
2024-04-17 03:00:00,6.407533
2024-04-17 04:00:00,6.5117335
2024-04-17 05:00:00,6.3865056
2024-04-17 06:00:00,6.2665167
2024-04-17 07:00:00,6.5587215
2024-04-17 08:00:00,6.329414
2024-04-17 09:00:00,6.1909456
2024-04-17 10:00:00,6.2286873
2024-04-17 11:00:00,6.3396516
2024-04-17 12:00:00,5.823462
2024-04-17 13:00:00,5.005312
2024-04-17 14:00:00,4.81397
2024-04-17 15:00:00,4.6498804
2024-04-17 16:00:00,4.191533
2024-04-17 17:00:00,3.9753852
2024-04-17 18:00:00,3.8566961
2024-04-17 19:00:00,3.836744
2024-04-17 20:00:00,4.5408125
2024-04-17 21:00:00,5.3759055
2024-04-17 22:00:00,6.1189604
2024-04-17 23:00:00,6.567284
2024-04-18 00:00:00,6.7470436
2024-04-18 01:00:00,6.7302933
2024-04-18 02:00:00,6.5904856
2024-04-18 03:00:00,6.656947
2024-04-18 04:00:00,6.782395
2024-04-18 05:00:00,6.8392386
2024-04-18 06:00:00,6.801494
2024-04-18 07:00:00,6.730088
2024-04-18 08:00:00,7.4087706
2024-04-18 09:00:00,6.986558
2024-04-18 10:00:00,6.5737762
2024-04-18 11:00:00,6.012091
2024-04-18 12:00:00,5.726537
2024-04-18 13:00:00,5.648162
2024-04-18 14:00:00,6.034998
2024-04-18 15:00:00,6.3462214
2024-04-18 16:00:00,6.203667
2024-04-18 17:00:00,5.995238
2024-04-18 18:00:00,6.177586
2024-04-18 19:00:00,6.5875845
2024-04-18 20:00:00,6.278992
2024-04-18 21:00:00,5.919677
2024-04-18 22:00:00,5.8658466
2024-04-18 23:00:00,6.0539374
2024-04-19 00:00:00,5.6248584
2024-04-19 01:00:00,5.308575
2024-04-19 02:00:00,5.4109387
2024-04-19 03:00:00,5.5553427
2024-04-19 04:00:00,5.9368844
2024-04-19 05:00:00,6.208314
2024-04-19 06:00:00,6.3432894
2024-04-19 07:00:00,5.6931634
2024-04-19 08:00:00,6.9283977
2024-04-19 09:00:00,6.6822867
2024-04-19 10:00:00,6.233247
2024-04-19 11:00:00,5.9380436
2024-04-19 12:00:00,6.020143
2024-04-19 13:00:00,6.076124
2024-04-19 14:00:00,6.038502
2024-04-19 15:00:00,5.808122
2024-04-19 16:00:00,5.7469945
2024-04-19 17:00:00,5.710017
2024-04-19 18:00:00,6.350779
2024-04-19 19:00:00,6.806411
2024-04-19 20:00:00,6.7731085
2024-04-19 21:00:00,6.877696
2024-04-19 22:00:00,6.902565
2024-04-19 23:00:00,7.150966
2024-04-20 00:00:00,7.3744216
2024-04-20 01:00:00,7.9030795
2024-04-20 02:00:00,8.024134
2024-04-20 03:00:00,8.109694
2024-04-20 04:00:00,8.189143
2024-04-20 05:00:00,8.157992
2024-04-20 06:00:00,8.112796
2024-04-20 07:00:00,7.8480706
2024-04-20 08:00:00,8.101304
2024-04-20 09:00:00,8.710879
2024-04-20 10:00:00,8.8255625
2024-04-20 11:00:00,8.45384
2024-04-20 12:00:00,7.6564755
2024-04-20 13:00:00,7.290199
2024-04-20 14:00:00,7.0370045
2024-04-20 15:00:00,6.574971
2024-04-20 16:00:00,6.804302
2024-04-20 17:00:00,6.6584907
2024-04-20 18:00:00,6.4813433
2024-04-20 19:00:00,7.0835013
2024-04-20 20:00:00,7.260245
2024-04-20 21:00:00,7.285163
2024-04-20 22:00:00,7.123526
2024-04-20 23:00:00,6.795038
2024-04-21 00:00:00,6.4662857
2024-04-21 01:00:00,6.352084
2024-04-21 02:00:00,6.685899
2024-04-21 03:00:00,6.8416576
2024-04-21 04:00:00,6.8359346
2024-04-21 05:00:00,6.714864
2024-04-21 06:00:00,6.654962
2024-04-21 07:00:00,5.9807863
2024-04-21 08:00:00,8.102626
2024-04-21 09:00:00,8.509045
2024-04-21 10:00:00,7.9446783
2024-04-21 11:00:00,7.392595
2024-04-21 12:00:00,6.8431206
2024-04-21 13:00:00,6.31109
2024-04-21 14:00:00,5.471111
2024-04-21 15:00:00,4.8261623
2024-04-21 16:00:00,4.1504016
2024-04-21 17:00:00,3.7199037
2024-04-21 18:00:00,4.219161
2024-04-21 19:00:00,5.061214
2024-04-21 20:00:00,5.7816453
2024-04-21 21:00:00,6.3111773
2024-04-21 22:00:00,6.387973
2024-04-21 23:00:00,6.4920897
2024-04-22 00:00:00,6.2699337
2024-04-22 01:00:00,6.0509157
2024-04-22 02:00:00,6.020418
2024-04-22 03:00:00,5.882366
2024-04-22 04:00:00,5.828229
2024-04-22 05:00:00,5.6340356
2024-04-22 06:00:00,5.5538063
2024-04-22 07:00:00,6.0902066
2024-04-22 08:00:00,6.878203
2024-04-22 09:00:00,6.391565
2024-04-22 10:00:00,5.921693
2024-04-22 11:00:00,5.7309823
2024-04-22 12:00:00,5.430303
2024-04-22 13:00:00,5.0637946
2024-04-22 14:00:00,5.0801454
2024-04-22 15:00:00,5.097823
2024-04-22 16:00:00,4.892253
2024-04-22 17:00:00,4.6180806
2024-04-22 18:00:00,4.608413
2024-04-22 19:00:00,4.626573
2024-04-22 20:00:00,4.77158
2024-04-22 21:00:00,5.4901376
2024-04-22 22:00:00,6.4509263
2024-04-22 23:00:00,7.0141864
2024-04-23 00:00:00,6.6203237
2024-04-23 01:00:00,6.0345273
2024-04-23 02:00:00,5.451835
2024-04-23 03:00:00,4.9569173
2024-04-23 04:00:00,4.4206495
2024-04-23 05:00:00,4.079701
2024-04-23 06:00:00,3.9182782
2024-04-23 07:00:00,4.1188574
2024-04-23 08:00:00,5.4061136
2024-04-23 09:00:00,4.9262886
2024-04-23 10:00:00,4.181081
2024-04-23 11:00:00,3.6485646
2024-04-23 12:00:00,3.1161628
2024-04-23 13:00:00,3.1104991
2024-04-23 14:00:00,3.4694643
2024-04-23 15:00:00,3.7870166
2024-04-23 16:00:00,3.1133602
2024-04-23 17:00:00,2.5167634
2024-04-23 18:00:00,2.560299
2024-04-23 19:00:00,3.4067574
2024-04-23 20:00:00,4.071401
2024-04-23 21:00:00,4.473201
2024-04-23 22:00:00,4.8919144
2024-04-23 23:00:00,5.1504717
2024-04-24 00:00:00,5.2030144
2024-04-24 01:00:00,5.2824097
2024-04-24 02:00:00,5.5216355
2024-04-24 03:00:00,6.075442
2024-04-24 04:00:00,6.5957828
2024-04-24 05:00:00,6.7580037
2024-04-24 06:00:00,6.8955517
2024-04-24 07:00:00,7.3109436
2024-04-24 08:00:00,7.517047
2024-04-24 09:00:00,6.6836843
2024-04-24 10:00:00,6.089086
2024-04-24 11:00:00,5.568239
2024-04-24 12:00:00,4.959022
2024-04-24 13:00:00,4.442312
2024-04-24 14:00:00,4.2430773
2024-04-24 15:00:00,4.113054
2024-04-24 16:00:00,4.02295
2024-04-24 17:00:00,4.1215496
2024-04-24 18:00:00,4.9031315
2024-04-24 19:00:00,5.01828
2024-04-24 20:00:00,5.317443
2024-04-24 21:00:00,5.5833516
2024-04-24 22:00:00,5.345655
2024-04-24 23:00:00,5.219923
2024-04-25 00:00:00,5.244098
2024-04-25 01:00:00,5.788948
2024-04-25 02:00:00,6.2857685
2024-04-25 03:00:00,6.5144095
2024-04-25 04:00:00,6.7694926
2024-04-25 05:00:00,6.8343644
2024-04-25 06:00:00,6.567809
2024-04-25 07:00:00,6.8672695
2024-04-25 08:00:00,7.2138143
2024-04-25 09:00:00,6.418453
2024-04-25 10:00:00,5.9257264
2024-04-25 11:00:00,5.4590964
2024-04-25 12:00:00,4.976587
2024-04-25 13:00:00,4.6048136
2024-04-25 14:00:00,4.4488153
2024-04-25 15:00:00,4.395788
2024-04-25 16:00:00,4.46059
2024-04-25 17:00:00,4.2767878
2024-04-25 18:00:00,5.685888
2024-04-25 19:00:00,6.5110593
2024-04-25 20:00:00,6.827668
2024-04-25 21:00:00,6.4692416
2024-04-25 22:00:00,6.4347544
2024-04-25 23:00:00,6.351607
2024-04-26 00:00:00,6.204393
2024-04-26 01:00:00,6.0933423
2024-04-26 02:00:00,6.1854305
2024-04-26 03:00:00,6.31424
2024-04-26 04:00:00,6.370878
2024-04-26 05:00:00,6.585132
2024-04-26 06:00:00,6.9552646
2024-04-26 07:00:00,7.2078495
2024-04-26 08:00:00,7.4596486
2024-04-26 09:00:00,7.5521283
2024-04-26 10:00:00,7.5207376
2024-04-26 11:00:00,7.2062917
2024-04-26 12:00:00,6.6165338
2024-04-26 13:00:00,5.9745655
2024-04-26 14:00:00,5.582251
2024-04-26 15:00:00,5.5939245
2024-04-26 16:00:00,5.8066134
2024-04-26 17:00:00,5.7023215
2024-04-26 18:00:00,6.0739264
2024-04-26 19:00:00,6.3120246
2024-04-26 20:00:00,7.1788225
2024-04-26 21:00:00,7.575423
2024-04-26 22:00:00,7.3313355
2024-04-26 23:00:00,7.2931237
2024-04-27 00:00:00,7.3091497
2024-04-27 01:00:00,7.237284
2024-04-27 02:00:00,7.1330166
2024-04-27 03:00:00,7.317793
2024-04-27 04:00:00,7.625177
2024-04-27 05:00:00,7.9918647
2024-04-27 06:00:00,8.0088625
2024-04-27 07:00:00,7.5436506
2024-04-27 08:00:00,7.7021294
2024-04-27 09:00:00,8.026533
2024-04-27 10:00:00,8.099381
2024-04-27 11:00:00,7.2402496
2024-04-27 12:00:00,6.7300687
2024-04-27 13:00:00,6.426266
2024-04-27 14:00:00,6.607401
2024-04-27 15:00:00,6.761513
2024-04-27 16:00:00,6.394513
2024-04-27 17:00:00,6.021194
2024-04-27 18:00:00,5.8251815
2024-04-27 19:00:00,5.569284
2024-04-27 20:00:00,5.6813107
2024-04-27 21:00:00,6.3082843
2024-04-27 22:00:00,6.905442
2024-04-27 23:00:00,7.178567
2024-04-28 00:00:00,7.4001565
2024-04-28 01:00:00,7.162751
2024-04-28 02:00:00,6.780872
2024-04-28 03:00:00,6.767141
2024-04-28 04:00:00,7.114229
2024-04-28 05:00:00,7.028605
2024-04-28 06:00:00,6.658165
2024-04-28 07:00:00,6.53656
2024-04-28 08:00:00,8.16033
2024-04-28 09:00:00,7.9017177
2024-04-28 10:00:00,7.6701083
2024-04-28 11:00:00,7.1873007
2024-04-28 12:00:00,6.974474
2024-04-28 13:00:00,6.796427
2024-04-28 14:00:00,6.3590593
2024-04-28 15:00:00,6.0285816
2024-04-28 16:00:00,5.9474874
2024-04-28 17:00:00,5.5651717
2024-04-28 18:00:00,5.601963
2024-04-28 19:00:00,6.179256
2024-04-28 20:00:00,6.698537
2024-04-28 21:00:00,7.1839423
2024-04-28 22:00:00,7.458206
2024-04-28 23:00:00,7.29772
2024-04-29 00:00:00,7.388482
2024-04-29 01:00:00,7.5410595
2024-04-29 02:00:00,7.560553
2024-04-29 03:00:00,7.5673857
2024-04-29 04:00:00,7.6229825
2024-04-29 05:00:00,7.6014314
2024-04-29 06:00:00,7.4986734
2024-04-29 07:00:00,6.5329237
2024-04-29 08:00:00,6.8180857
2024-04-29 09:00:00,6.7172217
2024-04-29 10:00:00,6.7518415
2024-04-29 11:00:00,7.155381
2024-04-29 12:00:00,7.572104
2024-04-29 13:00:00,7.519779
2024-04-29 14:00:00,7.3065915
2024-04-29 15:00:00,7.3132367
2024-04-29 16:00:00,6.9989505
2024-04-29 17:00:00,6.244012
2024-04-29 18:00:00,6.22391
2024-04-29 19:00:00,6.904519
2024-04-29 20:00:00,7.4513364
2024-04-29 21:00:00,8.212684
2024-04-29 22:00:00,8.162627
2024-04-29 23:00:00,8.027099
2024-04-30 00:00:00,7.8346133
2024-04-30 01:00:00,7.7552743
2024-04-30 02:00:00,7.8956423
2024-04-30 03:00:00,8.068574
2024-04-30 04:00:00,7.781807
2024-04-30 05:00:00,7.302675
2024-04-30 06:00:00,6.960754
2024-04-30 07:00:00,8.156133
2024-04-30 08:00:00,9.133054
2024-04-30 09:00:00,8.928381
2024-04-30 10:00:00,8.612661
2024-04-30 11:00:00,8.003466
2024-04-30 12:00:00,7.325008
2024-04-30 13:00:00,6.7624235
2024-04-30 14:00:00,6.224483
2024-04-30 15:00:00,5.8234015
2024-04-30 16:00:00,5.581567
2024-04-30 17:00:00,5.1007814
2024-04-30 18:00:00,5.01891
2024-04-30 19:00:00,5.008017
2024-04-30 20:00:00,5.3854814
2024-04-30 21:00:00,6.0489707
2024-04-30 22:00:00,6.31308
2024-04-30 23:00:00,6.462915
2024-05-01 00:00:00,6.8563414
2024-05-01 01:00:00,7.342761
2024-05-01 02:00:00,7.5788507
2024-05-01 03:00:00,7.7766247
2024-05-01 04:00:00,7.964514
2024-05-01 05:00:00,8.066753
2024-05-01 06:00:00,8.0630665
2024-05-01 07:00:00,9.226121
2024-05-01 08:00:00,9.193453
2024-05-01 09:00:00,8.313848
2024-05-01 10:00:00,7.737106
2024-05-01 11:00:00,7.140238
2024-05-01 12:00:00,6.48531
2024-05-01 13:00:00,5.9744773
2024-05-01 14:00:00,5.684677
2024-05-01 15:00:00,5.44382
2024-05-01 16:00:00,5.052171
2024-05-01 17:00:00,4.4760113
2024-05-01 18:00:00,4.1638675
2024-05-01 19:00:00,4.5047503
2024-05-01 20:00:00,5.13703
2024-05-01 21:00:00,6.386046
2024-05-01 22:00:00,7.143902
2024-05-01 23:00:00,7.4289045
2024-05-02 00:00:00,7.501955
2024-05-02 01:00:00,7.615719
2024-05-02 02:00:00,7.7019734
2024-05-02 03:00:00,7.7834816
2024-05-02 04:00:00,7.8159537
2024-05-02 05:00:00,7.753834
2024-05-02 06:00:00,7.6182714
2024-05-02 07:00:00,7.817397
2024-05-02 08:00:00,7.9050136
2024-05-02 09:00:00,7.624678
2024-05-02 10:00:00,7.1701384
2024-05-02 11:00:00,6.8005724
2024-05-02 12:00:00,6.4035006
2024-05-02 13:00:00,6.185939
2024-05-02 14:00:00,5.866618
2024-05-02 15:00:00,5.488345
2024-05-02 16:00:00,5.454172
2024-05-02 17:00:00,5.3473883
2024-05-02 18:00:00,5.5881047
2024-05-02 19:00:00,7.0943394
2024-05-02 20:00:00,8.068176
2024-05-02 21:00:00,8.535708
2024-05-02 22:00:00,8.52336
2024-05-02 23:00:00,8.384909
2024-05-03 00:00:00,8.136955
2024-05-03 01:00:00,8.0633745
2024-05-03 02:00:00,8.127281
2024-05-03 03:00:00,8.383577
2024-05-03 04:00:00,8.436919
2024-05-03 05:00:00,8.32216
2024-05-03 06:00:00,8.115126
2024-05-03 07:00:00,9.234453
2024-05-03 08:00:00,9.841033
2024-05-03 09:00:00,9.309209
2024-05-03 10:00:00,8.809667
2024-05-03 11:00:00,8.152081
2024-05-03 12:00:00,7.5470657
2024-05-03 13:00:00,6.7282176
2024-05-03 14:00:00,6.6861105
2024-05-03 15:00:00,6.409302
2024-05-03 16:00:00,6.3971915
2024-05-03 17:00:00,6.16892
2024-05-03 18:00:00,6.0375
2024-05-03 19:00:00,6.664445
2024-05-03 20:00:00,6.78471
2024-05-03 21:00:00,7.0723896
2024-05-03 22:00:00,7.215924
2024-05-03 23:00:00,7.4960012
2024-05-04 00:00:00,7.763275
2024-05-04 01:00:00,8.078943
2024-05-04 02:00:00,8.251216
2024-05-04 03:00:00,8.296355
2024-05-04 04:00:00,8.548615
2024-05-04 05:00:00,8.615105
2024-05-04 06:00:00,8.515855
2024-05-04 07:00:00,8.177859
2024-05-04 08:00:00,8.555601
2024-05-04 09:00:00,8.504551
2024-05-04 10:00:00,8.577607
2024-05-04 11:00:00,9.195484
2024-05-04 12:00:00,9.438614
2024-05-04 13:00:00,8.99843
2024-05-04 14:00:00,7.9527326
2024-05-04 15:00:00,7.469042
2024-05-04 16:00:00,6.863746
2024-05-04 17:00:00,6.7068696
2024-05-04 18:00:00,6.6500716
2024-05-04 19:00:00,7.335451
2024-05-04 20:00:00,7.5660877
2024-05-04 21:00:00,7.6225567
2024-05-04 22:00:00,7.7321568
2024-05-04 23:00:00,7.8758693
2024-05-05 00:00:00,7.962693
2024-05-05 01:00:00,8.084956
2024-05-05 02:00:00,8.195499
2024-05-05 03:00:00,8.311922
2024-05-05 04:00:00,8.301598
2024-05-05 05:00:00,8.334392
2024-05-05 06:00:00,8.522427
2024-05-05 07:00:00,8.690565
2024-05-05 08:00:00,11.2351465
2024-05-05 09:00:00,11.382614
2024-05-05 10:00:00,11.186735
2024-05-05 11:00:00,10.82354
2024-05-05 12:00:00,10.259562
2024-05-05 13:00:00,9.263063
2024-05-05 14:00:00,8.606274
2024-05-05 15:00:00,7.9740973
2024-05-05 16:00:00,7.2076406
2024-05-05 17:00:00,6.234653
2024-05-05 18:00:00,6.0821157
2024-05-05 19:00:00,6.8137264
2024-05-05 20:00:00,6.8801837
2024-05-05 21:00:00,7.3522444
2024-05-05 22:00:00,7.9341087
2024-05-05 23:00:00,7.9216967
2024-05-06 00:00:00,7.732864
2024-05-06 01:00:00,7.9077687
2024-05-06 02:00:00,7.9621277
2024-05-06 03:00:00,8.106648
2024-05-06 04:00:00,8.129495
2024-05-06 05:00:00,7.917797
2024-05-06 06:00:00,7.7068214
2024-05-06 07:00:00,8.72411
2024-05-06 08:00:00,9.602289
2024-05-06 09:00:00,9.450017
2024-05-06 10:00:00,8.710746
2024-05-06 11:00:00,9.650555
2024-05-06 12:00:00,9.238364
2024-05-06 13:00:00,8.77266
2024-05-06 14:00:00,8.8962755
2024-05-06 15:00:00,8.912899
2024-05-06 16:00:00,8.195255
2024-05-06 17:00:00,7.6016793
2024-05-06 18:00:00,7.569956
2024-05-06 19:00:00,8.090454
2024-05-06 20:00:00,7.8980837
2024-05-06 21:00:00,7.7105546
2024-05-06 22:00:00,7.2331057
2024-05-06 23:00:00,7.228884
2024-05-07 00:00:00,7.2735205
2024-05-07 01:00:00,7.3554883
2024-05-07 02:00:00,7.698762
2024-05-07 03:00:00,7.783215
2024-05-07 04:00:00,7.4778624
2024-05-07 05:00:00,7.2860327
2024-05-07 06:00:00,7.98819
2024-05-07 07:00:00,9.576248
2024-05-07 08:00:00,11.452478
2024-05-07 09:00:00,10.235783
2024-05-07 10:00:00,10.10403
2024-05-07 11:00:00,8.223988
2024-05-07 12:00:00,7.4235935
2024-05-07 13:00:00,7.278911
2024-05-07 14:00:00,8.271051
2024-05-07 15:00:00,9.13316
2024-05-07 16:00:00,9.208407
2024-05-07 17:00:00,10.103776
2024-05-07 18:00:00,9.927705
2024-05-07 19:00:00,8.915536
2024-05-07 20:00:00,8.357773
2024-05-07 21:00:00,8.067432
2024-05-07 22:00:00,7.870674
2024-05-07 23:00:00,7.747081
2024-05-08 00:00:00,7.208365
2024-05-08 01:00:00,6.8189626
2024-05-08 02:00:00,6.8853607
2024-05-08 03:00:00,7.3068914
2024-05-08 04:00:00,7.3919683
2024-05-08 05:00:00,7.517409
2024-05-08 06:00:00,7.383802
2024-05-08 07:00:00,8.414287
2024-05-08 08:00:00,9.100054
2024-05-08 09:00:00,8.736166
2024-05-08 10:00:00,8.483361
2024-05-08 11:00:00,8.911618
2024-05-08 12:00:00,8.713056
2024-05-08 13:00:00,8.424108
2024-05-08 14:00:00,8.126585
2024-05-08 15:00:00,7.7974358
2024-05-08 16:00:00,7.438156
2024-05-08 17:00:00,6.494169
2024-05-08 18:00:00,6.564115
2024-05-08 19:00:00,7.2858353
2024-05-08 20:00:00,8.175623
2024-05-08 21:00:00,8.663183
2024-05-08 22:00:00,8.620069
2024-05-08 23:00:00,8.324899
2024-05-09 00:00:00,7.7565317
2024-05-09 01:00:00,7.5341477
2024-05-09 02:00:00,7.760673
2024-05-09 03:00:00,7.9279723
2024-05-09 04:00:00,7.6568537
2024-05-09 05:00:00,7.388615
2024-05-09 06:00:00,7.3993893
2024-05-09 07:00:00,8.4213085
2024-05-09 08:00:00,9.845808
2024-05-09 09:00:00,10.213946
2024-05-09 10:00:00,10.278644
2024-05-09 11:00:00,10.132081
2024-05-09 12:00:00,9.774507
2024-05-09 13:00:00,9.418286
2024-05-09 14:00:00,9.582538
2024-05-09 15:00:00,9.201111
2024-05-09 16:00:00,8.125685
2024-05-09 17:00:00,7.4390683
2024-05-09 18:00:00,6.492212
2024-05-09 19:00:00,7.5168977
2024-05-09 20:00:00,7.670374
2024-05-09 21:00:00,7.8038774
2024-05-09 22:00:00,7.6057796
2024-05-09 23:00:00,7.179581
2024-05-10 00:00:00,6.9194083
2024-05-10 01:00:00,6.7626925
2024-05-10 02:00:00,6.8688426
2024-05-10 03:00:00,7.250726
2024-05-10 04:00:00,7.639626
2024-05-10 05:00:00,8.012072
2024-05-10 06:00:00,8.1660795
2024-05-10 07:00:00,8.82794
2024-05-10 08:00:00,8.935649
2024-05-10 09:00:00,8.556565
2024-05-10 10:00:00,8.068051
2024-05-10 11:00:00,7.4677334
2024-05-10 12:00:00,6.9965563
2024-05-10 13:00:00,6.6875186
2024-05-10 14:00:00,6.4922843
2024-05-10 15:00:00,6.4377494
2024-05-10 16:00:00,6.3198504
2024-05-10 17:00:00,5.601685
2024-05-10 18:00:00,5.044218
2024-05-10 19:00:00,5.8116393
2024-05-10 20:00:00,6.440467
2024-05-10 21:00:00,6.988821
2024-05-10 22:00:00,7.208453
2024-05-10 23:00:00,7.01215
2024-05-11 00:00:00,6.776966
2024-05-11 01:00:00,6.824056
2024-05-11 02:00:00,7.009663
2024-05-11 03:00:00,7.076356
2024-05-11 04:00:00,6.9990273
2024-05-11 05:00:00,6.890524
2024-05-11 06:00:00,6.6490555
2024-05-11 07:00:00,5.1916294
2024-05-11 08:00:00,5.6429734
2024-05-11 09:00:00,5.8088865
2024-05-11 10:00:00,5.7514668
2024-05-11 11:00:00,5.955518
2024-05-11 12:00:00,5.812085
2024-05-11 13:00:00,5.5240316
2024-05-11 14:00:00,5.445798
2024-05-11 15:00:00,5.4417105
2024-05-11 16:00:00,5.35007
2024-05-11 17:00:00,5.4502244
2024-05-11 18:00:00,6.2889695
2024-05-11 19:00:00,7.06587
2024-05-11 20:00:00,8.196236
2024-05-11 21:00:00,8.084949
2024-05-11 22:00:00,7.3812356
2024-05-11 23:00:00,6.922138
2024-05-12 00:00:00,6.7452707
2024-05-12 01:00:00,6.6561384
2024-05-12 02:00:00,6.573404
2024-05-12 03:00:00,6.5937257
2024-05-12 04:00:00,6.483714
2024-05-12 05:00:00,6.414615
2024-05-12 06:00:00,6.676625
2024-05-12 07:00:00,7.2299824
2024-05-12 08:00:00,7.939689
2024-05-12 09:00:00,7.2658467
2024-05-12 10:00:00,6.314167
2024-05-12 11:00:00,5.881021
2024-05-12 12:00:00,5.654493
2024-05-12 13:00:00,5.429734
2024-05-12 14:00:00,4.985814
2024-05-12 15:00:00,4.608112
2024-05-12 16:00:00,4.397939
2024-05-12 17:00:00,4.147991
2024-05-12 18:00:00,4.177769
2024-05-12 19:00:00,4.2720013
2024-05-12 20:00:00,4.641278
2024-05-12 21:00:00,5.3080974
2024-05-12 22:00:00,6.1012306
2024-05-12 23:00:00,6.5921474
2024-05-13 00:00:00,6.9105997
2024-05-13 01:00:00,7.039556
2024-05-13 02:00:00,7.0242333
2024-05-13 03:00:00,7.2098417
2024-05-13 04:00:00,7.3328123
2024-05-13 05:00:00,7.308511
2024-05-13 06:00:00,7.174598
2024-05-13 07:00:00,6.691029
2024-05-13 08:00:00,7.755622
2024-05-13 09:00:00,6.947422
2024-05-13 10:00:00,6.294218
2024-05-13 11:00:00,5.799855
2024-05-13 12:00:00,5.3836384
2024-05-13 13:00:00,5.014353
2024-05-13 14:00:00,4.742792
2024-05-13 15:00:00,4.5985284
2024-05-13 16:00:00,4.4822183
2024-05-13 17:00:00,4.3809476
2024-05-13 18:00:00,4.625609
2024-05-13 19:00:00,4.7136817
2024-05-13 20:00:00,5.056821
2024-05-13 21:00:00,5.5094786
2024-05-13 22:00:00,5.936102
2024-05-13 23:00:00,6.188795
2024-05-14 00:00:00,6.1297
2024-05-14 01:00:00,6.2125015
2024-05-14 02:00:00,6.3549857
2024-05-14 03:00:00,6.408423
2024-05-14 04:00:00,6.116237
2024-05-14 05:00:00,6.011983
2024-05-14 06:00:00,6.0537844
2024-05-14 07:00:00,6.078561
2024-05-14 08:00:00,5.540146
2024-05-14 09:00:00,5.36988
2024-05-14 10:00:00,4.612399
2024-05-14 11:00:00,4.0060525
2024-05-14 12:00:00,4.1014867
2024-05-14 13:00:00,4.265704
2024-05-14 14:00:00,4.1496625
2024-05-14 15:00:00,3.9663477
2024-05-14 16:00:00,3.7822094
2024-05-14 17:00:00,3.4110248
2024-05-14 18:00:00,2.7450106
2024-05-14 19:00:00,4.135283
2024-05-14 20:00:00,5.9628425
2024-05-14 21:00:00,7.8672433
2024-05-14 22:00:00,8.200336
2024-05-14 23:00:00,7.7031417
2024-05-15 00:00:00,7.4295516
2024-05-15 01:00:00,7.255615
2024-05-15 02:00:00,7.225467
2024-05-15 03:00:00,7.3322735
2024-05-15 04:00:00,7.2774734
2024-05-15 05:00:00,7.21641
2024-05-15 06:00:00,7.0733852
2024-05-15 07:00:00,6.735879
2024-05-15 08:00:00,7.0596404
2024-05-15 09:00:00,6.998588
2024-05-15 10:00:00,7.013025
2024-05-15 11:00:00,6.917166
2024-05-15 12:00:00,6.801667
2024-05-15 13:00:00,6.6705065
2024-05-15 14:00:00,6.6661677
2024-05-15 15:00:00,6.748503
2024-05-15 16:00:00,7.024366
2024-05-15 17:00:00,7.1375737
2024-05-15 18:00:00,7.927697
2024-05-15 19:00:00,9.300789
2024-05-15 20:00:00,9.931441
2024-05-15 21:00:00,9.542645
2024-05-15 22:00:00,9.082132
2024-05-15 23:00:00,8.5969515
2024-05-16 00:00:00,8.235628
2024-05-16 01:00:00,8.087565
2024-05-16 02:00:00,8.17429
2024-05-16 03:00:00,8.574153
2024-05-16 04:00:00,8.5937805
2024-05-16 05:00:00,8.488282
2024-05-16 06:00:00,8.369477
2024-05-16 07:00:00,9.2226095
2024-05-16 08:00:00,9.328313
2024-05-16 09:00:00,8.959175
2024-05-16 10:00:00,8.477506
2024-05-16 11:00:00,7.824776
2024-05-16 12:00:00,7.232199
2024-05-16 13:00:00,6.6208167
2024-05-16 14:00:00,6.006424
2024-05-16 15:00:00,5.5896645
2024-05-16 16:00:00,5.5938764
2024-05-16 17:00:00,4.888686
2024-05-16 18:00:00,5.0970087
2024-05-16 19:00:00,7.5624304
2024-05-16 20:00:00,8.482705
2024-05-16 21:00:00,8.144225
2024-05-16 22:00:00,7.8910503
2024-05-16 23:00:00,8.0878315
2024-05-17 00:00:00,8.29892
2024-05-17 01:00:00,8.362049
2024-05-17 02:00:00,8.526249
2024-05-17 03:00:00,8.540313
2024-05-17 04:00:00,8.441253
2024-05-17 05:00:00,8.380743
2024-05-17 06:00:00,8.226743
2024-05-17 07:00:00,8.135536
2024-05-17 08:00:00,8.358378
2024-05-17 09:00:00,8.461103
2024-05-17 10:00:00,8.493751
2024-05-17 11:00:00,8.28112
2024-05-17 12:00:00,7.9536653
2024-05-17 13:00:00,7.5431604
2024-05-17 14:00:00,7.328496
2024-05-17 15:00:00,7.3828225
2024-05-17 16:00:00,7.420185
2024-05-17 17:00:00,6.887559
2024-05-17 18:00:00,6.9353504
2024-05-17 19:00:00,7.883052
2024-05-17 20:00:00,7.983171
2024-05-17 21:00:00,7.9770045
2024-05-17 22:00:00,8.017587
2024-05-17 23:00:00,7.8739285
2024-05-18 00:00:00,7.720032
2024-05-18 01:00:00,7.3921003
2024-05-18 02:00:00,6.8735557
2024-05-18 03:00:00,6.6462765
2024-05-18 04:00:00,6.5991535
2024-05-18 05:00:00,6.4973545
2024-05-18 06:00:00,6.30807
2024-05-18 07:00:00,6.818749
2024-05-18 08:00:00,6.919716
2024-05-18 09:00:00,6.268416
2024-05-18 10:00:00,6.1506014
2024-05-18 11:00:00,5.9216204
2024-05-18 12:00:00,5.566544
2024-05-18 13:00:00,5.3760324
2024-05-18 14:00:00,5.382156
2024-05-18 15:00:00,5.567601
2024-05-18 16:00:00,5.3822026
2024-05-18 17:00:00,5.4614034
2024-05-18 18:00:00,6.2566233
2024-05-18 19:00:00,7.3163457
2024-05-18 20:00:00,7.8189845
2024-05-18 21:00:00,7.8589854
2024-05-18 22:00:00,7.237117
2024-05-18 23:00:00,7.491275
2024-05-19 00:00:00,7.436372
2024-05-19 01:00:00,7.230299
2024-05-19 02:00:00,6.902534
2024-05-19 03:00:00,6.8196006
2024-05-19 04:00:00,6.900272
2024-05-19 05:00:00,6.8240943
2024-05-19 06:00:00,6.9494886
2024-05-19 07:00:00,8.440024
2024-05-19 08:00:00,9.110927
2024-05-19 09:00:00,9.278127
2024-05-19 10:00:00,8.573765
2024-05-19 11:00:00,8.075886
2024-05-19 12:00:00,7.622192
2024-05-19 13:00:00,7.3238254
2024-05-19 14:00:00,7.021713
2024-05-19 15:00:00,6.735118
2024-05-19 16:00:00,6.4047427
2024-05-19 17:00:00,6.1904407
2024-05-19 18:00:00,6.0965242
2024-05-19 19:00:00,7.2026367
2024-05-19 20:00:00,7.5888343
2024-05-19 21:00:00,7.417241
2024-05-19 22:00:00,7.205344
2024-05-19 23:00:00,6.938783
2024-05-20 00:00:00,6.6807017
2024-05-20 01:00:00,6.807474
2024-05-20 02:00:00,7.3928165
2024-05-20 03:00:00,8.1101675
2024-05-20 04:00:00,8.455272
2024-05-20 05:00:00,8.531271
2024-05-20 06:00:00,8.559695
2024-05-20 07:00:00,9.12975
2024-05-20 08:00:00,8.958015
2024-05-20 09:00:00,8.34761
2024-05-20 10:00:00,7.968105
2024-05-20 11:00:00,7.683685
2024-05-20 12:00:00,7.350661
2024-05-20 13:00:00,6.902827
2024-05-20 14:00:00,6.5799904
2024-05-20 15:00:00,6.5132933
2024-05-20 16:00:00,6.6364217
2024-05-20 17:00:00,6.526447
2024-05-20 18:00:00,6.73426
2024-05-20 19:00:00,7.517028
2024-05-20 20:00:00,8.025614
2024-05-20 21:00:00,7.996469
2024-05-20 22:00:00,7.5161114
2024-05-20 23:00:00,7.269095
2024-05-21 00:00:00,7.3913507
2024-05-21 01:00:00,7.5383353
2024-05-21 02:00:00,7.922187
2024-05-21 03:00:00,8.334909
2024-05-21 04:00:00,8.471231
2024-05-21 05:00:00,8.343
2024-05-21 06:00:00,8.161183
2024-05-21 07:00:00,9.67004
2024-05-21 08:00:00,9.488232
2024-05-21 09:00:00,9.2353525
2024-05-21 10:00:00,8.8174305
2024-05-21 11:00:00,8.424381
2024-05-21 12:00:00,8.16892
2024-05-21 13:00:00,8.076404
2024-05-21 14:00:00,7.99108
2024-05-21 15:00:00,8.074343
2024-05-21 16:00:00,8.146886
2024-05-21 17:00:00,7.695737
2024-05-21 18:00:00,7.6674495
2024-05-21 19:00:00,8.347583
2024-05-21 20:00:00,8.788242
2024-05-21 21:00:00,8.996591
2024-05-21 22:00:00,8.811972
2024-05-21 23:00:00,9.121127
2024-05-22 00:00:00,9.2279005
2024-05-22 01:00:00,8.874544
2024-05-22 02:00:00,8.658457
2024-05-22 03:00:00,8.646947
2024-05-22 04:00:00,8.282609
2024-05-22 05:00:00,8.226117
2024-05-22 06:00:00,8.881473
2024-05-22 07:00:00,9.327984
2024-05-22 08:00:00,10.20929
2024-05-22 09:00:00,10.659166
2024-05-22 10:00:00,10.267293
2024-05-22 11:00:00,9.296104
2024-05-22 12:00:00,8.231814
2024-05-22 13:00:00,8.718228
2024-05-22 14:00:00,8.809143
2024-05-22 15:00:00,8.337177
2024-05-22 16:00:00,8.209561
2024-05-22 17:00:00,7.466263
2024-05-22 18:00:00,7.196701
2024-05-22 19:00:00,7.3665595
2024-05-22 20:00:00,7.736928
2024-05-22 21:00:00,8.135146
2024-05-22 22:00:00,8.065777
2024-05-22 23:00:00,7.9318976
2024-05-23 00:00:00,7.8057923
2024-05-23 01:00:00,7.7555833
2024-05-23 02:00:00,7.6877723
2024-05-23 03:00:00,7.6920505
2024-05-23 04:00:00,7.734807
2024-05-23 05:00:00,7.8602924
2024-05-23 06:00:00,8.099698
2024-05-23 07:00:00,8.533622
2024-05-23 08:00:00,9.024031
2024-05-23 09:00:00,9.225911
2024-05-23 10:00:00,8.83138
2024-05-23 11:00:00,8.644558
2024-05-23 12:00:00,8.124304
2024-05-23 13:00:00,7.8878345
2024-05-23 14:00:00,7.686182
2024-05-23 15:00:00,7.3299747
2024-05-23 16:00:00,7.302264
2024-05-23 17:00:00,6.860774
2024-05-23 18:00:00,6.7847724
2024-05-23 19:00:00,7.8843284
2024-05-23 20:00:00,8.156513
2024-05-23 21:00:00,8.600243
2024-05-23 22:00:00,8.613125
2024-05-23 23:00:00,8.392185
2024-05-24 00:00:00,8.186559
2024-05-24 01:00:00,8.229297
2024-05-24 02:00:00,8.38525
2024-05-24 03:00:00,8.434875
2024-05-24 04:00:00,8.30392
2024-05-24 05:00:00,8.186766
2024-05-24 06:00:00,8.144874
2024-05-24 07:00:00,8.59773
2024-05-24 08:00:00,9.102185
2024-05-24 09:00:00,8.836403
2024-05-24 10:00:00,8.095867
2024-05-24 11:00:00,7.326652
2024-05-24 12:00:00,6.5415792
2024-05-24 13:00:00,5.928621
2024-05-24 14:00:00,5.4337373
2024-05-24 15:00:00,5.1985035
2024-05-24 16:00:00,5.274242
2024-05-24 17:00:00,5.5064273
2024-05-24 18:00:00,6.2981806
2024-05-24 19:00:00,7.9249215
2024-05-24 20:00:00,9.0268545
2024-05-24 21:00:00,9.079908
2024-05-24 22:00:00,8.861514
2024-05-24 23:00:00,8.606768
2024-05-25 00:00:00,8.28031
2024-05-25 01:00:00,8.062848
2024-05-25 02:00:00,7.7692614
2024-05-25 03:00:00,7.6814585
2024-05-25 04:00:00,7.6503663
2024-05-25 05:00:00,7.7070055
2024-05-25 06:00:00,7.8518806
2024-05-25 07:00:00,7.5017877
2024-05-25 08:00:00,7.535782
2024-05-25 09:00:00,7.3228135
2024-05-25 10:00:00,7.094395
2024-05-25 11:00:00,6.7174263
2024-05-25 12:00:00,6.2892737
2024-05-25 13:00:00,6.1163154
2024-05-25 14:00:00,5.958611
2024-05-25 15:00:00,5.7736697
2024-05-25 16:00:00,5.6498833
2024-05-25 17:00:00,5.3732204
2024-05-25 18:00:00,5.9165597
2024-05-25 19:00:00,8.421046
2024-05-25 20:00:00,8.937888
2024-05-25 21:00:00,8.63042
2024-05-25 22:00:00,8.688915
2024-05-25 23:00:00,8.867611
2024-05-26 00:00:00,8.798743
2024-05-26 01:00:00,8.537106
2024-05-26 02:00:00,8.281794
2024-05-26 03:00:00,8.223799
2024-05-26 04:00:00,8.12018
2024-05-26 05:00:00,7.927975
2024-05-26 06:00:00,7.656859
2024-05-26 07:00:00,6.860901
2024-05-26 08:00:00,7.5919356
2024-05-26 09:00:00,8.23144
2024-05-26 10:00:00,8.214476
2024-05-26 11:00:00,7.785097
2024-05-26 12:00:00,7.375543
2024-05-26 13:00:00,7.186863
2024-05-26 14:00:00,7.0515194
2024-05-26 15:00:00,7.2795577
2024-05-26 16:00:00,7.602829
2024-05-26 17:00:00,7.6123185
2024-05-26 18:00:00,7.812498
2024-05-26 19:00:00,7.9407277
2024-05-26 20:00:00,8.452056
2024-05-26 21:00:00,8.776318
2024-05-26 22:00:00,8.7266245
2024-05-26 23:00:00,8.644196
2024-05-27 00:00:00,8.408842
2024-05-27 01:00:00,8.32369
2024-05-27 02:00:00,8.433045
2024-05-27 03:00:00,8.6958685
2024-05-27 04:00:00,8.756961
2024-05-27 05:00:00,8.636777
2024-05-27 06:00:00,8.430694
2024-05-27 07:00:00,9.11024
2024-05-27 08:00:00,9.309554
2024-05-27 09:00:00,9.038278
2024-05-27 10:00:00,8.58217
2024-05-27 11:00:00,8.01734
2024-05-27 12:00:00,7.599083
2024-05-27 13:00:00,7.23109
2024-05-27 14:00:00,6.8538556
2024-05-27 15:00:00,6.68609
2024-05-27 16:00:00,6.611809
2024-05-27 17:00:00,6.4330235
2024-05-27 18:00:00,6.422508
2024-05-27 19:00:00,7.5754657
2024-05-27 20:00:00,8.547213
2024-05-27 21:00:00,8.743404
2024-05-27 22:00:00,8.4829
2024-05-27 23:00:00,8.29648
2024-05-28 00:00:00,8.153755
2024-05-28 01:00:00,8.107509
2024-05-28 02:00:00,8.170226
2024-05-28 03:00:00,8.161396
2024-05-28 04:00:00,8.180602
2024-05-28 05:00:00,7.83577
2024-05-28 06:00:00,7.572677
2024-05-28 07:00:00,7.653676
2024-05-28 08:00:00,7.824494
2024-05-28 09:00:00,8.1608515
2024-05-28 10:00:00,8.063215
2024-05-28 11:00:00,7.723899
2024-05-28 12:00:00,7.334979
2024-05-28 13:00:00,7.00832
2024-05-28 14:00:00,6.6361866
2024-05-28 15:00:00,6.2182517
2024-05-28 16:00:00,6.1938267
2024-05-28 17:00:00,5.934933
2024-05-28 18:00:00,5.760868
2024-05-28 19:00:00,6.2686543
2024-05-28 20:00:00,7.365013
2024-05-28 21:00:00,8.271817
2024-05-28 22:00:00,8.064061
2024-05-28 23:00:00,7.7365003
2024-05-29 00:00:00,7.379956
2024-05-29 01:00:00,7.278878
2024-05-29 02:00:00,7.4301004
2024-05-29 03:00:00,7.6758175
2024-05-29 04:00:00,7.794151
2024-05-29 05:00:00,7.760084
2024-05-29 06:00:00,7.6447525
2024-05-29 07:00:00,7.4649944
2024-05-29 08:00:00,7.6777835
2024-05-29 09:00:00,7.535202
2024-05-29 10:00:00,7.1303005
2024-05-29 11:00:00,6.3645825
2024-05-29 12:00:00,5.68522
2024-05-29 13:00:00,5.1409197
2024-05-29 14:00:00,4.987559
2024-05-29 15:00:00,4.94896
2024-05-29 16:00:00,4.816494
2024-05-29 17:00:00,4.510751
2024-05-29 18:00:00,4.556413
2024-05-29 19:00:00,5.291406
2024-05-29 20:00:00,5.616004
2024-05-29 21:00:00,5.8825765
2024-05-29 22:00:00,6.4669905
2024-05-29 23:00:00,6.8735147
2024-05-30 00:00:00,7.0198174
2024-05-30 01:00:00,7.028393
2024-05-30 02:00:00,7.241987
2024-05-30 03:00:00,7.5536146
2024-05-30 04:00:00,7.659183
2024-05-30 05:00:00,7.6407733
2024-05-30 06:00:00,7.5030465
2024-05-30 07:00:00,7.155544
2024-05-30 08:00:00,7.4033885
2024-05-30 09:00:00,7.964954
2024-05-30 10:00:00,7.5582857
2024-05-30 11:00:00,7.066048
2024-05-30 12:00:00,6.442151
2024-05-30 13:00:00,6.0560575
2024-05-30 14:00:00,5.8466625
2024-05-30 15:00:00,5.6951656
2024-05-30 16:00:00,5.939185
2024-05-30 17:00:00,6.171626
2024-05-30 18:00:00,6.205317
2024-05-30 19:00:00,5.9722247
2024-05-30 20:00:00,6.3819456
2024-05-30 21:00:00,7.126213
2024-05-30 22:00:00,7.803697
2024-05-30 23:00:00,8.342888
2024-05-31 00:00:00,8.903294
2024-05-31 01:00:00,9.234837
2024-05-31 02:00:00,9.281425
2024-05-31 03:00:00,8.998721
2024-05-31 04:00:00,8.788343
2024-05-31 05:00:00,8.442625
2024-05-31 06:00:00,8.250518
2024-05-31 07:00:00,8.062116
2024-05-31 08:00:00,8.783591
2024-05-31 09:00:00,8.896998
2024-05-31 10:00:00,8.611503
2024-05-31 11:00:00,8.611776
2024-05-31 12:00:00,8.153357
2024-05-31 13:00:00,7.5840125
2024-05-31 14:00:00,7.4369564
2024-05-31 15:00:00,7.577821
2024-05-31 16:00:00,8.008381
2024-05-31 17:00:00,8.383107
2024-05-31 18:00:00,8.659009
2024-05-31 19:00:00,9.053116
2024-05-31 20:00:00,9.527132
2024-05-31 21:00:00,9.872979
2024-05-31 22:00:00,9.679806
2024-05-31 23:00:00,9.36368
2024-06-01 00:00:00,9.2834835
2024-06-01 01:00:00,9.500359
2024-06-01 02:00:00,9.572172
2024-06-01 03:00:00,9.539472
2024-06-01 04:00:00,9.320201
2024-06-01 05:00:00,9.161886
2024-06-01 06:00:00,8.965017
2024-06-01 07:00:00,8.179121
2024-06-01 08:00:00,9.184681
2024-06-01 09:00:00,9.663833
2024-06-01 10:00:00,9.921795
2024-06-01 11:00:00,10.106902
2024-06-01 12:00:00,10.007756
2024-06-01 13:00:00,9.518744
2024-06-01 14:00:00,9.368268
2024-06-01 15:00:00,9.2905035
2024-06-01 16:00:00,9.322678
2024-06-01 17:00:00,8.903657
2024-06-01 18:00:00,9.2989855
2024-06-01 19:00:00,9.8045435
2024-06-01 20:00:00,9.314342
2024-06-01 21:00:00,8.731314
2024-06-01 22:00:00,8.472078
2024-06-01 23:00:00,8.328567
2024-06-02 00:00:00,8.307261
2024-06-02 01:00:00,8.297129
2024-06-02 02:00:00,8.245031
2024-06-02 03:00:00,8.025726
2024-06-02 04:00:00,7.7683797
2024-06-02 05:00:00,7.7944527
2024-06-02 06:00:00,7.9210243
2024-06-02 07:00:00,8.336157
2024-06-02 08:00:00,10.659535
2024-06-02 09:00:00,10.56602
2024-06-02 10:00:00,10.02649
2024-06-02 11:00:00,10.178459
2024-06-02 12:00:00,9.685695
2024-06-02 13:00:00,9.290606
2024-06-02 14:00:00,8.972196
2024-06-02 15:00:00,8.915365
2024-06-02 16:00:00,9.143839
2024-06-02 17:00:00,9.062281
2024-06-02 18:00:00,9.493509
2024-06-02 19:00:00,9.167479
2024-06-02 20:00:00,9.527048
2024-06-02 21:00:00,9.792668
2024-06-02 22:00:00,8.972328
2024-06-02 23:00:00,8.32316
2024-06-03 00:00:00,8.424195
2024-06-03 01:00:00,7.876424
2024-06-03 02:00:00,8.444189
2024-06-03 03:00:00,8.4170885
2024-06-03 04:00:00,8.590948
2024-06-03 05:00:00,8.144236
2024-06-03 06:00:00,8.185229
2024-06-03 07:00:00,7.872514
2024-06-03 08:00:00,7.851565
2024-06-03 09:00:00,8.511058
2024-06-03 10:00:00,9.910022
2024-06-03 11:00:00,10.19359
2024-06-03 12:00:00,9.909515
2024-06-03 13:00:00,9.663026
2024-06-03 14:00:00,9.403234
2024-06-03 15:00:00,9.2762985
2024-06-03 16:00:00,9.215373
2024-06-03 17:00:00,8.570445
2024-06-03 18:00:00,8.0785475
2024-06-03 19:00:00,7.622831
2024-06-03 20:00:00,7.831914
2024-06-03 21:00:00,8.284639
2024-06-03 22:00:00,8.259425
2024-06-03 23:00:00,7.9801974
2024-06-04 00:00:00,7.70348
2024-06-04 01:00:00,7.605721
2024-06-04 02:00:00,7.564502
2024-06-04 03:00:00,7.4874
2024-06-04 04:00:00,7.4481955
2024-06-04 05:00:00,7.317918
2024-06-04 06:00:00,7.199637
2024-06-04 07:00:00,7.304608
2024-06-04 08:00:00,7.632427
2024-06-04 09:00:00,8.396265
2024-06-04 10:00:00,8.368778
2024-06-04 11:00:00,8.098648
2024-06-04 12:00:00,7.9194994
2024-06-04 13:00:00,7.774035
2024-06-04 14:00:00,7.7349477
2024-06-04 15:00:00,7.621377
2024-06-04 16:00:00,7.7080994
2024-06-04 17:00:00,7.110374
2024-06-04 18:00:00,6.916175
2024-06-04 19:00:00,7.4135766
2024-06-04 20:00:00,7.6733036
2024-06-04 21:00:00,7.747274
2024-06-04 22:00:00,7.68095
2024-06-04 23:00:00,7.774239
2024-06-05 00:00:00,7.3904614
2024-06-05 01:00:00,6.9710746
2024-06-05 02:00:00,6.7364483
2024-06-05 03:00:00,6.7005463
2024-06-05 04:00:00,6.7221045
2024-06-05 05:00:00,6.6084213
2024-06-05 06:00:00,6.4714675
2024-06-05 07:00:00,6.2722583
2024-06-05 08:00:00,8.423041
2024-06-05 09:00:00,8.378377
2024-06-05 10:00:00,8.362495
2024-06-05 11:00:00,8.290919
2024-06-05 12:00:00,8.044502
2024-06-05 13:00:00,7.783443
2024-06-05 14:00:00,7.42368
2024-06-05 15:00:00,7.065892
2024-06-05 16:00:00,6.879982
2024-06-05 17:00:00,6.444694
2024-06-05 18:00:00,6.5104175
2024-06-05 19:00:00,7.370353
2024-06-05 20:00:00,8.209024
2024-06-05 21:00:00,8.852555
2024-06-05 22:00:00,8.557857
2024-06-05 23:00:00,8.290164
2024-06-06 00:00:00,8.256359
2024-06-06 01:00:00,8.269319
2024-06-06 02:00:00,8.363677
2024-06-06 03:00:00,8.48668
2024-06-06 04:00:00,7.681326
2024-06-06 05:00:00,7.852674
2024-06-06 06:00:00,8.069268
2024-06-06 07:00:00,7.4445434
2024-06-06 08:00:00,8.867617
2024-06-06 09:00:00,9.783556
2024-06-06 10:00:00,10.10634
2024-06-06 11:00:00,10.099553
2024-06-06 12:00:00,9.992641
2024-06-06 13:00:00,9.717932
2024-06-06 14:00:00,9.2792
2024-06-06 15:00:00,8.842885
2024-06-06 16:00:00,8.495226
2024-06-06 17:00:00,7.9606423
2024-06-06 18:00:00,7.3376236
2024-06-06 19:00:00,7.8501134
2024-06-06 20:00:00,8.354139
2024-06-06 21:00:00,8.776204
2024-06-06 22:00:00,8.850599
2024-06-06 23:00:00,8.793516
2024-06-07 00:00:00,8.632871
2024-06-07 01:00:00,8.629179
2024-06-07 02:00:00,8.689403
2024-06-07 03:00:00,8.584522
2024-06-07 04:00:00,8.348863
2024-06-07 05:00:00,8.232349
2024-06-07 06:00:00,8.046039
2024-06-07 07:00:00,8.471255
2024-06-07 08:00:00,9.917531
2024-06-07 09:00:00,10.96478
2024-06-07 10:00:00,11.128456
2024-06-07 11:00:00,10.704863
2024-06-07 12:00:00,9.741392
2024-06-07 13:00:00,8.9860525
2024-06-07 14:00:00,8.024836
2024-06-07 15:00:00,7.7793694
2024-06-07 16:00:00,7.5473537
2024-06-07 17:00:00,7.349981
2024-06-07 18:00:00,7.0964003
2024-06-07 19:00:00,7.6801233
2024-06-07 20:00:00,7.991436
2024-06-07 21:00:00,8.427881
2024-06-07 22:00:00,8.494203
2024-06-07 23:00:00,8.311638
2024-06-08 00:00:00,8.267028
2024-06-08 01:00:00,8.3827095
2024-06-08 02:00:00,8.472723
2024-06-08 03:00:00,8.341325
2024-06-08 04:00:00,7.9490304
2024-06-08 05:00:00,7.8615704
2024-06-08 06:00:00,7.8836966
2024-06-08 07:00:00,7.951733
2024-06-08 08:00:00,8.934675
2024-06-08 09:00:00,9.335628
2024-06-08 10:00:00,10.429178
2024-06-08 11:00:00,10.167849
2024-06-08 12:00:00,9.711173
2024-06-08 13:00:00,9.066006
2024-06-08 14:00:00,8.583254
2024-06-08 15:00:00,8.5447855
2024-06-08 16:00:00,8.219283
2024-06-08 17:00:00,7.612801
2024-06-08 18:00:00,7.427301
2024-06-08 19:00:00,8.123586
2024-06-08 20:00:00,8.562843
2024-06-08 21:00:00,8.453075
2024-06-08 22:00:00,8.201225
2024-06-08 23:00:00,7.982795
2024-06-09 00:00:00,7.933889
2024-06-09 01:00:00,7.9188867
2024-06-09 02:00:00,8.042421
2024-06-09 03:00:00,8.147904
2024-06-09 04:00:00,8.150094
2024-06-09 05:00:00,8.100427
2024-06-09 06:00:00,8.171971
2024-06-09 07:00:00,8.912973
2024-06-09 08:00:00,10.256415
2024-06-09 09:00:00,10.362328
2024-06-09 10:00:00,10.415288
2024-06-09 11:00:00,9.91189
2024-06-09 12:00:00,9.0922
2024-06-09 13:00:00,8.547237
2024-06-09 14:00:00,7.9458075
2024-06-09 15:00:00,7.547331
2024-06-09 16:00:00,7.7480407
2024-06-09 17:00:00,7.8203397
2024-06-09 18:00:00,8.349738
2024-06-09 19:00:00,9.696333
2024-06-09 20:00:00,10.018511
2024-06-09 21:00:00,9.633434
2024-06-09 22:00:00,9.078096
2024-06-09 23:00:00,8.717966
2024-06-10 00:00:00,8.38368
2024-06-10 01:00:00,8.377332
2024-06-10 02:00:00,8.458146
2024-06-10 03:00:00,8.586241
2024-06-10 04:00:00,8.554346
2024-06-10 05:00:00,8.49573
2024-06-10 06:00:00,8.284088
2024-06-10 07:00:00,8.251047
2024-06-10 08:00:00,10.2262945
2024-06-10 09:00:00,9.918367
2024-06-10 10:00:00,9.196744
2024-06-10 11:00:00,8.904033
2024-06-10 12:00:00,8.513503
2024-06-10 13:00:00,8.474862
2024-06-10 14:00:00,8.340879
2024-06-10 15:00:00,8.150841
2024-06-10 16:00:00,7.9160786
2024-06-10 17:00:00,7.4966955
2024-06-10 18:00:00,6.751436
2024-06-10 19:00:00,7.0123634
2024-06-10 20:00:00,7.6295547
2024-06-10 21:00:00,8.234888
2024-06-10 22:00:00,8.377731
2024-06-10 23:00:00,8.347802
2024-06-11 00:00:00,8.313366
2024-06-11 01:00:00,8.298492
2024-06-11 02:00:00,8.299003
2024-06-11 03:00:00,8.4051075
2024-06-11 04:00:00,8.485709
2024-06-11 05:00:00,8.577902
2024-06-11 06:00:00,8.636989
2024-06-11 07:00:00,8.226868
2024-06-11 08:00:00,8.765854
2024-06-11 09:00:00,9.215974
2024-06-11 10:00:00,9.246121
2024-06-11 11:00:00,8.927143
2024-06-11 12:00:00,8.446348
2024-06-11 13:00:00,8.026818
2024-06-11 14:00:00,7.7755065
2024-06-11 15:00:00,7.7706757
2024-06-11 16:00:00,7.804501
2024-06-11 17:00:00,7.638705
2024-06-11 18:00:00,7.3616977
2024-06-11 19:00:00,7.9651327
2024-06-11 20:00:00,8.584957
2024-06-11 21:00:00,8.7156105
2024-06-11 22:00:00,8.472957
2024-06-11 23:00:00,8.185901
2024-06-12 00:00:00,7.875937
2024-06-12 01:00:00,8.033986
2024-06-12 02:00:00,8.101466
2024-06-12 03:00:00,8.09962
2024-06-12 04:00:00,7.930599
2024-06-12 05:00:00,7.848929
2024-06-12 06:00:00,7.9315214
2024-06-12 07:00:00,7.861616
2024-06-12 08:00:00,8.473849
2024-06-12 09:00:00,8.893785
2024-06-12 10:00:00,9.8369055
2024-06-12 11:00:00,9.5080385
2024-06-12 12:00:00,9.141549
2024-06-12 13:00:00,8.786963
2024-06-12 14:00:00,8.675176
2024-06-12 15:00:00,8.6036625
2024-06-12 16:00:00,8.631098
2024-06-12 17:00:00,8.168508
2024-06-12 18:00:00,7.6202855
2024-06-12 19:00:00,7.3220534
2024-06-12 20:00:00,8.326901
2024-06-12 21:00:00,9.233716
2024-06-12 22:00:00,9.752261
2024-06-12 23:00:00,8.738974
2024-06-13 00:00:00,7.967369
2024-06-13 01:00:00,7.8356895
2024-06-13 02:00:00,8.067018
2024-06-13 03:00:00,8.092635
2024-06-13 04:00:00,7.899502
2024-06-13 05:00:00,7.8752995
2024-06-13 06:00:00,7.9608684
2024-06-13 07:00:00,9.111911
2024-06-13 08:00:00,9.83324
2024-06-13 09:00:00,9.959601
2024-06-13 10:00:00,9.962991
2024-06-13 11:00:00,9.520718
2024-06-13 12:00:00,9.375485
2024-06-13 13:00:00,9.216936
2024-06-13 14:00:00,9.368661
2024-06-13 15:00:00,9.25439
2024-06-13 16:00:00,9.255533
2024-06-13 17:00:00,8.886631
2024-06-13 18:00:00,9.521406
2024-06-13 19:00:00,9.519857
2024-06-13 20:00:00,9.138479
2024-06-13 21:00:00,9.316939
2024-06-13 22:00:00,8.94126
2024-06-13 23:00:00,8.616954
2024-06-14 00:00:00,7.627358
2024-06-14 01:00:00,7.179537
2024-06-14 02:00:00,7.0266533
2024-06-14 03:00:00,7.439109
2024-06-14 04:00:00,8.80616
2024-06-14 05:00:00,9.540839
2024-06-14 06:00:00,9.508276
2024-06-14 07:00:00,9.722001
2024-06-14 08:00:00,9.6105
2024-06-14 09:00:00,9.741971
2024-06-14 10:00:00,9.767924
2024-06-14 11:00:00,9.2852125
2024-06-14 12:00:00,8.916558
2024-06-14 13:00:00,9.130934
2024-06-14 14:00:00,8.844577
2024-06-14 15:00:00,8.236677
2024-06-14 16:00:00,8.092932
2024-06-14 17:00:00,7.478451
2024-06-14 18:00:00,7.124973
2024-06-14 19:00:00,7.7129197
2024-06-14 20:00:00,8.542432
2024-06-14 21:00:00,8.829727
2024-06-14 22:00:00,8.709167
2024-06-14 23:00:00,8.765202
2024-06-15 00:00:00,8.925765
2024-06-15 01:00:00,9.041774
2024-06-15 02:00:00,8.923681
2024-06-15 03:00:00,8.800202
2024-06-15 04:00:00,8.694957
2024-06-15 05:00:00,8.660666
2024-06-15 06:00:00,8.6988125
2024-06-15 07:00:00,9.663468
2024-06-15 08:00:00,10.333084
2024-06-15 09:00:00,10.5988455
2024-06-15 10:00:00,10.025767
2024-06-15 11:00:00,9.678082
2024-06-15 12:00:00,9.524534
2024-06-15 13:00:00,9.261772
2024-06-15 14:00:00,9.1946745
2024-06-15 15:00:00,9.371073
2024-06-15 16:00:00,9.185278
2024-06-15 17:00:00,8.786965
2024-06-15 18:00:00,9.166149
2024-06-15 19:00:00,9.92108
2024-06-15 20:00:00,9.071904
2024-06-15 21:00:00,8.25399
2024-06-15 22:00:00,8.186943
2024-06-15 23:00:00,8.503453
2024-06-16 00:00:00,8.608064
2024-06-16 01:00:00,8.4758415
2024-06-16 02:00:00,8.22863
2024-06-16 03:00:00,8.211928
2024-06-16 04:00:00,8.234657
2024-06-16 05:00:00,8.169721
2024-06-16 06:00:00,8.171682
2024-06-16 07:00:00,8.52008
2024-06-16 08:00:00,9.657883
2024-06-16 09:00:00,10.344177
2024-06-16 10:00:00,10.44838
2024-06-16 11:00:00,10.07628
2024-06-16 12:00:00,9.909943
2024-06-16 13:00:00,9.442222
2024-06-16 14:00:00,8.929661
2024-06-16 15:00:00,8.59623
2024-06-16 16:00:00,8.43491
2024-06-16 17:00:00,7.9640765
2024-06-16 18:00:00,7.93935
2024-06-16 19:00:00,8.096655
2024-06-16 20:00:00,8.299879
2024-06-16 21:00:00,8.275204
2024-06-16 22:00:00,8.2245035
2024-06-16 23:00:00,8.230566
2024-06-17 00:00:00,8.321721
2024-06-17 01:00:00,8.227304
2024-06-17 02:00:00,7.9437194
2024-06-17 03:00:00,7.593679
2024-06-17 04:00:00,7.2665887
2024-06-17 05:00:00,7.1643515
2024-06-17 06:00:00,7.2805467
2024-06-17 07:00:00,7.487457
2024-06-17 08:00:00,8.055169
2024-06-17 09:00:00,8.872258
2024-06-17 10:00:00,8.930959
2024-06-17 11:00:00,8.542447
2024-06-17 12:00:00,8.107437
2024-06-17 13:00:00,7.726635
2024-06-17 14:00:00,7.528699
2024-06-17 15:00:00,7.4787807
2024-06-17 16:00:00,7.6216073
2024-06-17 17:00:00,7.5393224
2024-06-17 18:00:00,7.081256
2024-06-17 19:00:00,7.588575
2024-06-17 20:00:00,7.9602194
2024-06-17 21:00:00,8.335051
2024-06-17 22:00:00,8.259217
2024-06-17 23:00:00,8.176145
2024-06-18 00:00:00,8.192874
2024-06-18 01:00:00,8.036772
2024-06-18 02:00:00,7.935023
2024-06-18 03:00:00,7.983064
2024-06-18 04:00:00,7.9608974
2024-06-18 05:00:00,7.884396
2024-06-18 06:00:00,7.745096
2024-06-18 07:00:00,7.3470845
2024-06-18 08:00:00,8.78795
2024-06-18 09:00:00,8.74111
2024-06-18 10:00:00,8.349697
2024-06-18 11:00:00,8.351147
2024-06-18 12:00:00,8.172739
2024-06-18 13:00:00,7.96879
2024-06-18 14:00:00,8.071799
2024-06-18 15:00:00,8.040048
2024-06-18 16:00:00,7.6329436
2024-06-18 17:00:00,7.200784
2024-06-18 18:00:00,6.7849197
2024-06-18 19:00:00,7.28369
2024-06-18 20:00:00,7.636136
2024-06-18 21:00:00,8.00986
2024-06-18 22:00:00,8.170966
2024-06-18 23:00:00,8.251566
2024-06-19 00:00:00,8.20544
2024-06-19 01:00:00,8.155331
2024-06-19 02:00:00,8.002593
2024-06-19 03:00:00,7.685619
2024-06-19 04:00:00,7.4707475
2024-06-19 05:00:00,7.477793
2024-06-19 06:00:00,7.5441628
2024-06-19 07:00:00,7.2833753
2024-06-19 08:00:00,8.151934
2024-06-19 09:00:00,8.384824
2024-06-19 10:00:00,8.7410755
2024-06-19 11:00:00,9.0629225
2024-06-19 12:00:00,8.685823
2024-06-19 13:00:00,8.2899885
2024-06-19 14:00:00,8.062145
2024-06-19 15:00:00,7.9695177
2024-06-19 16:00:00,7.7880745
2024-06-19 17:00:00,7.526785
2024-06-19 18:00:00,7.6359906
2024-06-19 19:00:00,8.999835
2024-06-19 20:00:00,9.819244
2024-06-19 21:00:00,9.56483
2024-06-19 22:00:00,9.276083
2024-06-19 23:00:00,8.998332
2024-06-20 00:00:00,8.488976
2024-06-20 01:00:00,8.182092
2024-06-20 02:00:00,8.149723
2024-06-20 03:00:00,8.320066
2024-06-20 04:00:00,8.200417
2024-06-20 05:00:00,8.356536
2024-06-20 06:00:00,8.303589
2024-06-20 07:00:00,8.2951765
2024-06-20 08:00:00,9.428143
2024-06-20 09:00:00,9.359037
2024-06-20 10:00:00,9.160735
2024-06-20 11:00:00,8.624762
2024-06-20 12:00:00,8.457125
2024-06-20 13:00:00,8.302185
2024-06-20 14:00:00,8.177362
2024-06-20 15:00:00,8.067727
2024-06-20 16:00:00,8.341786
2024-06-20 17:00:00,8.358404
2024-06-20 18:00:00,7.688986
2024-06-20 19:00:00,8.268237
2024-06-20 20:00:00,8.765125
2024-06-20 21:00:00,8.917125
2024-06-20 22:00:00,8.787084
2024-06-20 23:00:00,8.695294
2024-06-21 00:00:00,8.74465
2024-06-21 01:00:00,8.892814
2024-06-21 02:00:00,8.989579
2024-06-21 03:00:00,8.85165
2024-06-21 04:00:00,8.666917
2024-06-21 05:00:00,8.608702
2024-06-21 06:00:00,8.6431
2024-06-21 07:00:00,8.556954
2024-06-21 08:00:00,10.164035
2024-06-21 09:00:00,9.90202
2024-06-21 10:00:00,9.617742
2024-06-21 11:00:00,9.562541
2024-06-21 12:00:00,8.870257
2024-06-21 13:00:00,8.309443
2024-06-21 14:00:00,8.079537
2024-06-21 15:00:00,7.8162313
2024-06-21 16:00:00,7.6753864
2024-06-21 17:00:00,7.340973
2024-06-21 18:00:00,6.928749
2024-06-21 19:00:00,7.873773
2024-06-21 20:00:00,8.502297
2024-06-21 21:00:00,8.355587
2024-06-21 22:00:00,8.010559
2024-06-21 23:00:00,8.066269
2024-06-22 00:00:00,8.124735
2024-06-22 01:00:00,8.293707
2024-06-22 02:00:00,8.3770685
2024-06-22 03:00:00,8.139163
2024-06-22 04:00:00,7.9892073
2024-06-22 05:00:00,7.6271024
2024-06-22 06:00:00,7.3528056
2024-06-22 07:00:00,7.708492
2024-06-22 08:00:00,8.2929945
2024-06-22 09:00:00,8.587286
2024-06-22 10:00:00,9.330966
2024-06-22 11:00:00,9.726019
2024-06-22 12:00:00,9.00821
2024-06-22 13:00:00,8.389419
2024-06-22 14:00:00,8.074469
2024-06-22 15:00:00,7.9017754
2024-06-22 16:00:00,7.7794495
2024-06-22 17:00:00,7.4975667
2024-06-22 18:00:00,6.9821177
2024-06-22 19:00:00,7.0375843
2024-06-22 20:00:00,6.894788
2024-06-22 21:00:00,6.69295
2024-06-22 22:00:00,6.6026397
2024-06-22 23:00:00,6.5292053
2024-06-23 00:00:00,6.2419667
2024-06-23 01:00:00,6.2628136
2024-06-23 02:00:00,6.2798505
2024-06-23 03:00:00,6.8285937
2024-06-23 04:00:00,7.5843644
2024-06-23 05:00:00,8.147615
2024-06-23 06:00:00,7.2184634
2024-06-23 07:00:00,8.005024
2024-06-23 08:00:00,9.331455
2024-06-23 09:00:00,9.137038
2024-06-23 10:00:00,9.017232
2024-06-23 11:00:00,8.797931
2024-06-23 12:00:00,8.082044
2024-06-23 13:00:00,7.3123713
2024-06-23 14:00:00,6.818648
2024-06-23 15:00:00,6.514455
2024-06-23 16:00:00,6.4241824
2024-06-23 17:00:00,6.4618983
2024-06-23 18:00:00,6.403906
2024-06-23 19:00:00,6.7631946
2024-06-23 20:00:00,7.5809026
2024-06-23 21:00:00,8.282044
2024-06-23 22:00:00,8.400648
2024-06-23 23:00:00,8.1224165
2024-06-24 00:00:00,7.922551
2024-06-24 01:00:00,7.982132
2024-06-24 02:00:00,8.141938
2024-06-24 03:00:00,8.226211
2024-06-24 04:00:00,8.013874
2024-06-24 05:00:00,7.757994
2024-06-24 06:00:00,7.583659
2024-06-24 07:00:00,6.922953
2024-06-24 08:00:00,7.6689134
2024-06-24 09:00:00,7.4926353
2024-06-24 10:00:00,7.109575
2024-06-24 11:00:00,6.689891
2024-06-24 12:00:00,5.688689
2024-06-24 13:00:00,4.837302
2024-06-24 14:00:00,4.6226583
2024-06-24 15:00:00,4.6223817
2024-06-24 16:00:00,4.757234
2024-06-24 17:00:00,5.0580373
2024-06-24 18:00:00,5.274581
2024-06-24 19:00:00,6.604054
2024-06-24 20:00:00,7.866224
2024-06-24 21:00:00,8.649502
2024-06-24 22:00:00,8.412646
2024-06-24 23:00:00,7.9075804
2024-06-25 00:00:00,7.7306027
2024-06-25 01:00:00,7.824628
2024-06-25 02:00:00,8.008335
2024-06-25 03:00:00,8.001664
2024-06-25 04:00:00,7.933621
2024-06-25 05:00:00,7.907621
2024-06-25 06:00:00,7.993232
2024-06-25 07:00:00,8.071597
2024-06-25 08:00:00,7.7851634
2024-06-25 09:00:00,7.117085
2024-06-25 10:00:00,6.7355833
2024-06-25 11:00:00,6.2873173
2024-06-25 12:00:00,6.075668
2024-06-25 13:00:00,5.996209
2024-06-25 14:00:00,6.075177
2024-06-25 15:00:00,6.364946
2024-06-25 16:00:00,6.649334
2024-06-25 17:00:00,6.7687902
2024-06-25 18:00:00,6.358147
2024-06-25 19:00:00,6.8938065
2024-06-25 20:00:00,7.66126
2024-06-25 21:00:00,8.348191
2024-06-25 22:00:00,8.711075
2024-06-25 23:00:00,8.948167
2024-06-26 00:00:00,8.799545
2024-06-26 01:00:00,8.456857
2024-06-26 02:00:00,8.054265
2024-06-26 03:00:00,7.698943
2024-06-26 04:00:00,7.4687734
2024-06-26 05:00:00,7.250384
2024-06-26 06:00:00,7.1822557
2024-06-26 07:00:00,6.3805943
2024-06-26 08:00:00,7.119347
2024-06-26 09:00:00,7.1405954
2024-06-26 10:00:00,7.046424
2024-06-26 11:00:00,6.526355
2024-06-26 12:00:00,5.915455
2024-06-26 13:00:00,5.408855
2024-06-26 14:00:00,5.105459
2024-06-26 15:00:00,4.9672494
2024-06-26 16:00:00,5.004471
2024-06-26 17:00:00,5.5427685
2024-06-26 18:00:00,5.993264
2024-06-26 19:00:00,6.439832
2024-06-26 20:00:00,6.397364
2024-06-26 21:00:00,6.551742
2024-06-26 22:00:00,6.910678
2024-06-26 23:00:00,7.234575
2024-06-27 00:00:00,7.3497143
2024-06-27 01:00:00,7.3925376
2024-06-27 02:00:00,7.3678675
2024-06-27 03:00:00,7.4686165
2024-06-27 04:00:00,7.467804
2024-06-27 05:00:00,7.48184
2024-06-27 06:00:00,7.4388714
2024-06-27 07:00:00,6.6117096
2024-06-27 08:00:00,6.92337
2024-06-27 09:00:00,6.317796
2024-06-27 10:00:00,5.7362733
2024-06-27 11:00:00,5.145141
2024-06-27 12:00:00,4.550241
2024-06-27 13:00:00,4.3060656
2024-06-27 14:00:00,4.099652
2024-06-27 15:00:00,3.9667888
2024-06-27 16:00:00,3.972559
2024-06-27 17:00:00,4.170666
2024-06-27 18:00:00,4.767445
2024-06-27 19:00:00,5.85471
2024-06-27 20:00:00,6.5128546
2024-06-27 21:00:00,7.608879
2024-06-27 22:00:00,8.074263
2024-06-27 23:00:00,7.7236204
2024-06-28 00:00:00,7.4336905
2024-06-28 01:00:00,7.484493
2024-06-28 02:00:00,7.5984063
2024-06-28 03:00:00,7.7179794
2024-06-28 04:00:00,7.677729
2024-06-28 05:00:00,7.761364
2024-06-28 06:00:00,7.780387
2024-06-28 07:00:00,7.837285
2024-06-28 08:00:00,7.121627
2024-06-28 09:00:00,7.2458076
2024-06-28 10:00:00,6.815189
2024-06-28 11:00:00,6.07739
2024-06-28 12:00:00,5.3906193
2024-06-28 13:00:00,4.7159963
2024-06-28 14:00:00,4.141325
2024-06-28 15:00:00,3.6781502
2024-06-28 16:00:00,3.565856
2024-06-28 17:00:00,3.6262577
2024-06-28 18:00:00,4.2049527
2024-06-28 19:00:00,5.3798513
2024-06-28 20:00:00,6.2425833
2024-06-28 21:00:00,7.427164
2024-06-28 22:00:00,8.20329
2024-06-28 23:00:00,8.102891
2024-06-29 00:00:00,8.064625
2024-06-29 01:00:00,8.116763
2024-06-29 02:00:00,8.126176
2024-06-29 03:00:00,8.1430645
2024-06-29 04:00:00,8.239044
2024-06-29 05:00:00,8.444031
2024-06-29 06:00:00,8.358545
2024-06-29 07:00:00,7.555482
2024-06-29 08:00:00,6.9718614
2024-06-29 09:00:00,6.7487793
2024-06-29 10:00:00,6.0130253
2024-06-29 11:00:00,5.302364
2024-06-29 12:00:00,4.7742724
2024-06-29 13:00:00,4.6747003
2024-06-29 14:00:00,4.7105565
2024-06-29 15:00:00,4.6832447
2024-06-29 16:00:00,4.741554
2024-06-29 17:00:00,4.947305
2024-06-29 18:00:00,5.7010365
2024-06-29 19:00:00,6.9651213
2024-06-29 20:00:00,8.2702675
2024-06-29 21:00:00,8.897597
2024-06-29 22:00:00,8.620473
2024-06-29 23:00:00,8.368323
2024-06-30 00:00:00,8.170857
2024-06-30 01:00:00,8.107492
2024-06-30 02:00:00,8.119334
2024-06-30 03:00:00,8.18722
2024-06-30 04:00:00,8.121234
2024-06-30 05:00:00,7.9390182
2024-06-30 06:00:00,7.5984898
2024-06-30 07:00:00,7.0405364
2024-06-30 08:00:00,6.7791886
2024-06-30 09:00:00,7.0731783
2024-06-30 10:00:00,6.9681582
2024-06-30 11:00:00,6.5741186
2024-06-30 12:00:00,5.9250407
2024-06-30 13:00:00,5.3354335
2024-06-30 14:00:00,5.1309905
2024-06-30 15:00:00,5.3157153
2024-06-30 16:00:00,5.713972
2024-06-30 17:00:00,6.0548663
2024-06-30 18:00:00,6.049507
2024-06-30 19:00:00,6.513192
2024-06-30 20:00:00,7.2975917
2024-06-30 21:00:00,8.093421
2024-06-30 22:00:00,8.258033
2024-06-30 23:00:00,8.385932
2024-07-01 00:00:00,8.4362135
2024-07-01 01:00:00,8.384213
2024-07-01 02:00:00,8.172841
2024-07-01 03:00:00,8.11231
2024-07-01 04:00:00,8.104802
2024-07-01 05:00:00,8.247361
2024-07-01 06:00:00,8.200653
2024-07-01 07:00:00,7.684113
2024-07-01 08:00:00,8.939557
2024-07-01 09:00:00,8.892948
2024-07-01 10:00:00,8.508595
2024-07-01 11:00:00,8.00568
2024-07-01 12:00:00,7.3825555
2024-07-01 13:00:00,7.091469
2024-07-01 14:00:00,7.1110454
2024-07-01 15:00:00,7.1815577
2024-07-01 16:00:00,7.289306
2024-07-01 17:00:00,7.474404
2024-07-01 18:00:00,7.2633667
2024-07-01 19:00:00,7.6631575
2024-07-01 20:00:00,8.417962
2024-07-01 21:00:00,8.855643
2024-07-01 22:00:00,8.709998
2024-07-01 23:00:00,8.529107
2024-07-02 00:00:00,8.533242
2024-07-02 01:00:00,8.547635
2024-07-02 02:00:00,8.51141
2024-07-02 03:00:00,8.574742
2024-07-02 04:00:00,8.716806
2024-07-02 05:00:00,8.796552
2024-07-02 06:00:00,8.964312
2024-07-02 07:00:00,8.458912
2024-07-02 08:00:00,9.379308
2024-07-02 09:00:00,9.523299
2024-07-02 10:00:00,9.680002
2024-07-02 11:00:00,9.662851
2024-07-02 12:00:00,9.485155
2024-07-02 13:00:00,9.243427
2024-07-02 14:00:00,9.087199
2024-07-02 15:00:00,8.907353
2024-07-02 16:00:00,8.851058
2024-07-02 17:00:00,8.804507
2024-07-02 18:00:00,8.310832
2024-07-02 19:00:00,8.442567
2024-07-02 20:00:00,8.713445
2024-07-02 21:00:00,8.740276
2024-07-02 22:00:00,8.801507
2024-07-02 23:00:00,8.723036
2024-07-03 00:00:00,8.687178
2024-07-03 01:00:00,8.849373
2024-07-03 02:00:00,8.907438
2024-07-03 03:00:00,9.027065
2024-07-03 04:00:00,9.082194
2024-07-03 05:00:00,9.054668
2024-07-03 06:00:00,9.034183
2024-07-03 07:00:00,8.221781
2024-07-03 08:00:00,9.040979
2024-07-03 09:00:00,9.364565
2024-07-03 10:00:00,8.948779
2024-07-03 11:00:00,8.270677
2024-07-03 12:00:00,7.439061
2024-07-03 13:00:00,7.1272135
2024-07-03 14:00:00,7.056364
2024-07-03 15:00:00,7.1118817
2024-07-03 16:00:00,7.3553104
2024-07-03 17:00:00,7.466151
2024-07-03 18:00:00,7.089666
2024-07-03 19:00:00,6.9460106
2024-07-03 20:00:00,7.312592
2024-07-03 21:00:00,7.904082
2024-07-03 22:00:00,8.2934475
2024-07-03 23:00:00,8.474685
2024-07-04 00:00:00,8.44771
2024-07-04 01:00:00,8.531556
2024-07-04 02:00:00,8.596738
2024-07-04 03:00:00,8.845714
2024-07-04 04:00:00,9.045056
2024-07-04 05:00:00,9.1203575
2024-07-04 06:00:00,9.214492
2024-07-04 07:00:00,9.6975155
2024-07-04 08:00:00,9.920347
2024-07-04 09:00:00,9.891878
2024-07-04 10:00:00,9.486397
2024-07-04 11:00:00,9.01075
2024-07-04 12:00:00,8.57345
2024-07-04 13:00:00,8.2627535
2024-07-04 14:00:00,8.169596
2024-07-04 15:00:00,8.136848
2024-07-04 16:00:00,8.185437
2024-07-04 17:00:00,8.193278
2024-07-04 18:00:00,7.6384706
2024-07-04 19:00:00,8.119791
2024-07-04 20:00:00,8.296039
2024-07-04 21:00:00,8.277745
2024-07-04 22:00:00,8.02276
2024-07-04 23:00:00,8.070933
2024-07-05 00:00:00,8.2968855
2024-07-05 01:00:00,8.401199
2024-07-05 02:00:00,8.262517
2024-07-05 03:00:00,7.991595
2024-07-05 04:00:00,7.914191
2024-07-05 05:00:00,7.95244
2024-07-05 06:00:00,7.8004537
2024-07-05 07:00:00,7.480691
2024-07-05 08:00:00,8.147674
2024-07-05 09:00:00,9.053479
2024-07-05 10:00:00,8.650992
2024-07-05 11:00:00,8.613595
2024-07-05 12:00:00,8.53043
2024-07-05 13:00:00,8.294414
2024-07-05 14:00:00,8.30422
2024-07-05 15:00:00,8.469619
2024-07-05 16:00:00,8.770877
2024-07-05 17:00:00,9.010611
2024-07-05 18:00:00,9.556312
2024-07-05 19:00:00,9.232702
2024-07-05 20:00:00,8.846957
2024-07-05 21:00:00,8.417807
2024-07-05 22:00:00,8.005128
2024-07-05 23:00:00,7.6084647
2024-07-06 00:00:00,7.177731
2024-07-06 01:00:00,7.074881
2024-07-06 02:00:00,6.679473
2024-07-06 03:00:00,7.0391483
2024-07-06 04:00:00,7.701099
2024-07-06 05:00:00,8.184405
2024-07-06 06:00:00,8.208117
2024-07-06 07:00:00,8.054854
2024-07-06 08:00:00,8.493362
2024-07-06 09:00:00,8.382222
2024-07-06 10:00:00,7.9123945
2024-07-06 11:00:00,8.110529
2024-07-06 12:00:00,7.636649
2024-07-06 13:00:00,7.0737233
2024-07-06 14:00:00,6.9893003
2024-07-06 15:00:00,6.9391413
2024-07-06 16:00:00,7.129689
2024-07-06 17:00:00,7.296675
2024-07-06 18:00:00,7.3002944
2024-07-06 19:00:00,7.607408
2024-07-06 20:00:00,7.319447
2024-07-06 21:00:00,7.2133894
2024-07-06 22:00:00,7.3993144
2024-07-06 23:00:00,7.603793
2024-07-07 00:00:00,7.766711
2024-07-07 01:00:00,7.591009
2024-07-07 02:00:00,7.0292797
2024-07-07 03:00:00,7.011252
2024-07-07 04:00:00,7.0456095
2024-07-07 05:00:00,7.3843517
2024-07-07 06:00:00,7.5661035
2024-07-07 07:00:00,7.606543
2024-07-07 08:00:00,8.067451
2024-07-07 09:00:00,8.096085
2024-07-07 10:00:00,7.8563747
2024-07-07 11:00:00,8.149741
2024-07-07 12:00:00,8.01689
2024-07-07 13:00:00,7.6192484
2024-07-07 14:00:00,8.027638
2024-07-07 15:00:00,7.9879813
2024-07-07 16:00:00,7.9573045
2024-07-07 17:00:00,7.917379
2024-07-07 18:00:00,7.9763093
2024-07-07 19:00:00,8.315543
2024-07-07 20:00:00,7.7573695
2024-07-07 21:00:00,7.4272995
2024-07-07 22:00:00,7.4523087
2024-07-07 23:00:00,7.5020027
2024-07-08 00:00:00,7.483311
2024-07-08 01:00:00,7.6732993
2024-07-08 02:00:00,8.029875
2024-07-08 03:00:00,8.334191
2024-07-08 04:00:00,8.405073
2024-07-08 05:00:00,8.491337
2024-07-08 06:00:00,8.267638
2024-07-08 07:00:00,7.6068935
2024-07-08 08:00:00,7.8924947
2024-07-08 09:00:00,7.819774
2024-07-08 10:00:00,7.672035
2024-07-08 11:00:00,7.478773
2024-07-08 12:00:00,7.02945
2024-07-08 13:00:00,6.4822526
2024-07-08 14:00:00,6.1839557
2024-07-08 15:00:00,6.252227
2024-07-08 16:00:00,6.6610518
2024-07-08 17:00:00,7.2073436
2024-07-08 18:00:00,7.496793
2024-07-08 19:00:00,8.443999
2024-07-08 20:00:00,8.943258
2024-07-08 21:00:00,8.675031
2024-07-08 22:00:00,8.3906975
2024-07-08 23:00:00,8.476511
2024-07-09 00:00:00,8.500492
2024-07-09 01:00:00,8.28607
2024-07-09 02:00:00,8.088823
2024-07-09 03:00:00,8.147393
2024-07-09 04:00:00,8.1809635
2024-07-09 05:00:00,8.263336
2024-07-09 06:00:00,8.194614
2024-07-09 07:00:00,7.459497
2024-07-09 08:00:00,8.279865
2024-07-09 09:00:00,8.383025
2024-07-09 10:00:00,8.497197
2024-07-09 11:00:00,8.342174
2024-07-09 12:00:00,7.6009574
2024-07-09 13:00:00,7.052372
2024-07-09 14:00:00,6.9446445
2024-07-09 15:00:00,6.9788475
2024-07-09 16:00:00,7.111679
2024-07-09 17:00:00,7.4500675
2024-07-09 18:00:00,7.445131
2024-07-09 19:00:00,7.4351783
2024-07-09 20:00:00,7.44048
2024-07-09 21:00:00,7.2421346
2024-07-09 22:00:00,7.408206
2024-07-09 23:00:00,7.799728
2024-07-10 00:00:00,8.156195
2024-07-10 01:00:00,8.359427
2024-07-10 02:00:00,8.428551
2024-07-10 03:00:00,8.418098
2024-07-10 04:00:00,8.333602
2024-07-10 05:00:00,8.189496
2024-07-10 06:00:00,8.105984
2024-07-10 07:00:00,7.986199
2024-07-10 08:00:00,9.372234
2024-07-10 09:00:00,9.063863
2024-07-10 10:00:00,8.588132
2024-07-10 11:00:00,8.323523
2024-07-10 12:00:00,7.8115005
2024-07-10 13:00:00,7.0803514
2024-07-10 14:00:00,6.6311517
2024-07-10 15:00:00,6.1191015
2024-07-10 16:00:00,5.9026814
2024-07-10 17:00:00,5.7088356
2024-07-10 18:00:00,5.8810115
2024-07-10 19:00:00,7.552045
2024-07-10 20:00:00,9.199377
2024-07-10 21:00:00,9.210646
2024-07-10 22:00:00,8.827861
2024-07-10 23:00:00,8.370235
2024-07-11 00:00:00,7.9856153
2024-07-11 01:00:00,8.678615
2024-07-11 02:00:00,8.491207
2024-07-11 03:00:00,8.113888
2024-07-11 04:00:00,7.8770256
2024-07-11 05:00:00,8.374691
2024-07-11 06:00:00,8.540879
2024-07-11 07:00:00,8.235657
2024-07-11 08:00:00,9.126547
2024-07-11 09:00:00,9.485281
2024-07-11 10:00:00,9.123782
2024-07-11 11:00:00,8.717522
2024-07-11 12:00:00,8.589191
2024-07-11 13:00:00,8.657755
2024-07-11 14:00:00,8.841826
2024-07-11 15:00:00,8.981408
2024-07-11 16:00:00,9.181597
2024-07-11 17:00:00,9.203367
2024-07-11 18:00:00,8.7189045
2024-07-11 19:00:00,8.941287
2024-07-11 20:00:00,9.110735
2024-07-11 21:00:00,8.681048
2024-07-11 22:00:00,8.300179
2024-07-11 23:00:00,8.307867
2024-07-12 00:00:00,8.343409
2024-07-12 01:00:00,8.475022
2024-07-12 02:00:00,8.608469
2024-07-12 03:00:00,8.459768
2024-07-12 04:00:00,8.129953
2024-07-12 05:00:00,7.8982034
2024-07-12 06:00:00,7.7862186
2024-07-12 07:00:00,6.41904
2024-07-12 08:00:00,7.407096
2024-07-12 09:00:00,8.677818
2024-07-12 10:00:00,10.451702
2024-07-12 11:00:00,10.528661
2024-07-12 12:00:00,10.336972
2024-07-12 13:00:00,9.9241495
2024-07-12 14:00:00,9.559261
2024-07-12 15:00:00,9.21905
2024-07-12 16:00:00,9.060509
2024-07-12 17:00:00,8.717958
2024-07-12 18:00:00,8.012856
2024-07-12 19:00:00,8.01729
2024-07-12 20:00:00,8.472906
2024-07-12 21:00:00,8.76556
2024-07-12 22:00:00,8.967604
2024-07-12 23:00:00,9.337608
2024-07-13 00:00:00,9.976204
2024-07-13 01:00:00,10.509987
2024-07-13 02:00:00,10.571623
2024-07-13 03:00:00,10.441983
2024-07-13 04:00:00,10.401701
2024-07-13 05:00:00,10.38762
2024-07-13 06:00:00,10.595123
2024-07-13 07:00:00,9.897742
2024-07-13 08:00:00,13.427258
2024-07-13 09:00:00,13.394974
2024-07-13 10:00:00,12.458851
2024-07-13 11:00:00,11.465742
2024-07-13 12:00:00,10.610285
2024-07-13 13:00:00,10.1575
2024-07-13 14:00:00,10.179481
2024-07-13 15:00:00,10.195472
2024-07-13 16:00:00,10.278715
2024-07-13 17:00:00,10.16749
2024-07-13 18:00:00,9.508797
2024-07-13 19:00:00,9.890135
2024-07-13 20:00:00,9.891876
2024-07-13 21:00:00,9.533423
2024-07-13 22:00:00,9.167285
2024-07-13 23:00:00,9.127329
2024-07-14 00:00:00,9.02675
2024-07-14 01:00:00,8.780191
2024-07-14 02:00:00,8.650824
2024-07-14 03:00:00,8.4762945
2024-07-14 04:00:00,8.119651
2024-07-14 05:00:00,7.9233074
2024-07-14 06:00:00,8.058769
2024-07-14 07:00:00,9.7118435
2024-07-14 08:00:00,10.658892
2024-07-14 09:00:00,10.734371
2024-07-14 10:00:00,10.778434
2024-07-14 11:00:00,10.492957
2024-07-14 12:00:00,9.276898
2024-07-14 13:00:00,8.566283
2024-07-14 14:00:00,8.63101
2024-07-14 15:00:00,8.65529
2024-07-14 16:00:00,8.85746
2024-07-14 17:00:00,8.843135
2024-07-14 18:00:00,8.157821
2024-07-14 19:00:00,8.897346
2024-07-14 20:00:00,9.030914
2024-07-14 21:00:00,9.099956
2024-07-14 22:00:00,9.336785
2024-07-14 23:00:00,9.653616
2024-07-15 00:00:00,9.74899
2024-07-15 01:00:00,9.506272
2024-07-15 02:00:00,9.223673
2024-07-15 03:00:00,8.930562
2024-07-15 04:00:00,8.827895
2024-07-15 05:00:00,8.901788
2024-07-15 06:00:00,9.146273
2024-07-15 07:00:00,10.022657
2024-07-15 08:00:00,10.081248
2024-07-15 09:00:00,10.026908
2024-07-15 10:00:00,9.73352
2024-07-15 11:00:00,9.318658
2024-07-15 12:00:00,8.747183
2024-07-15 13:00:00,8.441126
2024-07-15 14:00:00,8.050936
2024-07-15 15:00:00,7.8884754
2024-07-15 16:00:00,8.0222645
2024-07-15 17:00:00,8.246347
2024-07-15 18:00:00,7.9025917
2024-07-15 19:00:00,9.104666
2024-07-15 20:00:00,10.132574
2024-07-15 21:00:00,10.048614
2024-07-15 22:00:00,9.75364
2024-07-15 23:00:00,9.459703
2024-07-16 00:00:00,9.176699
2024-07-16 01:00:00,8.73491
2024-07-16 02:00:00,8.365699
2024-07-16 03:00:00,7.9673977
2024-07-16 04:00:00,7.8212943
2024-07-16 05:00:00,7.829302
2024-07-16 06:00:00,7.4362426
2024-07-16 07:00:00,9.500811
2024-07-16 08:00:00,11.926813
2024-07-16 09:00:00,11.144392
2024-07-16 10:00:00,10.675609
2024-07-16 11:00:00,10.266369
2024-07-16 12:00:00,10.007709
2024-07-16 13:00:00,9.736003
2024-07-16 14:00:00,9.618979
2024-07-16 15:00:00,9.660345
2024-07-16 16:00:00,9.975598
2024-07-16 17:00:00,9.907334
2024-07-16 18:00:00,9.061703
2024-07-16 19:00:00,8.826615
2024-07-16 20:00:00,8.931781
2024-07-16 21:00:00,8.873441
2024-07-16 22:00:00,8.649833
2024-07-16 23:00:00,8.553888
2024-07-17 00:00:00,8.333551
2024-07-17 01:00:00,8.066353
2024-07-17 02:00:00,7.9301925
2024-07-17 03:00:00,7.7496414
2024-07-17 04:00:00,7.6233497
2024-07-17 05:00:00,8.077758
2024-07-17 06:00:00,8.098012
2024-07-17 07:00:00,8.789498
2024-07-17 08:00:00,9.687968
2024-07-17 09:00:00,10.426899
2024-07-17 10:00:00,10.508101
2024-07-17 11:00:00,10.3246355
2024-07-17 12:00:00,9.8211
2024-07-17 13:00:00,9.490574
2024-07-17 14:00:00,9.269434
2024-07-17 15:00:00,9.235606
2024-07-17 16:00:00,9.297368
2024-07-17 17:00:00,9.095454
2024-07-17 18:00:00,8.79253
2024-07-17 19:00:00,9.186259
2024-07-17 20:00:00,8.8681755
2024-07-17 21:00:00,8.399939
2024-07-17 22:00:00,8.152966
2024-07-17 23:00:00,8.147849
2024-07-18 00:00:00,8.167776
2024-07-18 01:00:00,8.307095
2024-07-18 02:00:00,8.487556
2024-07-18 03:00:00,8.456711
2024-07-18 04:00:00,8.431069
2024-07-18 05:00:00,8.462198
2024-07-18 06:00:00,8.473001
2024-07-18 07:00:00,7.5886493
2024-07-18 08:00:00,8.408597
2024-07-18 09:00:00,8.648386
2024-07-18 10:00:00,8.602751
2024-07-18 11:00:00,8.557792
2024-07-18 12:00:00,8.394047
2024-07-18 13:00:00,8.1052065
2024-07-18 14:00:00,7.848865
2024-07-18 15:00:00,7.7822556
2024-07-18 16:00:00,7.673963
2024-07-18 17:00:00,7.6483226
2024-07-18 18:00:00,7.4668326
2024-07-18 19:00:00,8.195726
2024-07-18 20:00:00,8.735388
2024-07-18 21:00:00,8.489837
2024-07-18 22:00:00,8.015571
2024-07-18 23:00:00,7.900268
2024-07-19 00:00:00,8.000932
2024-07-19 01:00:00,8.141648
2024-07-19 02:00:00,8.3170185
2024-07-19 03:00:00,8.478674
2024-07-19 04:00:00,8.555378
2024-07-19 05:00:00,8.599973
2024-07-19 06:00:00,8.576518
2024-07-19 07:00:00,7.6808343
2024-07-19 08:00:00,8.364136
2024-07-19 09:00:00,8.527689
2024-07-19 10:00:00,8.758642
2024-07-19 11:00:00,8.637351
2024-07-19 12:00:00,8.410385
2024-07-19 13:00:00,7.985385
2024-07-19 14:00:00,7.68791
2024-07-19 15:00:00,7.6180663
2024-07-19 16:00:00,7.846294
2024-07-19 17:00:00,8.113851
2024-07-19 18:00:00,8.052946
2024-07-19 19:00:00,9.161875
2024-07-19 20:00:00,9.735504
2024-07-19 21:00:00,9.352705
2024-07-19 22:00:00,8.936016
2024-07-19 23:00:00,8.921684
2024-07-20 00:00:00,9.009827
2024-07-20 01:00:00,9.171497
2024-07-20 02:00:00,9.158646
2024-07-20 03:00:00,8.924581
2024-07-20 04:00:00,8.659745
2024-07-20 05:00:00,8.555229
2024-07-20 06:00:00,8.541463
2024-07-20 07:00:00,8.173252
2024-07-20 08:00:00,8.434553
2024-07-20 09:00:00,8.304848
2024-07-20 10:00:00,8.190583
2024-07-20 11:00:00,8.901623
2024-07-20 12:00:00,8.904434
2024-07-20 13:00:00,8.683512
2024-07-20 14:00:00,8.512734
2024-07-20 15:00:00,8.447464
2024-07-20 16:00:00,8.752927
2024-07-20 17:00:00,8.747102
2024-07-20 18:00:00,7.934516
2024-07-20 19:00:00,7.5687757
2024-07-20 20:00:00,7.7956924
2024-07-20 21:00:00,8.235626
2024-07-20 22:00:00,8.340765
2024-07-20 23:00:00,7.9663525
2024-07-21 00:00:00,7.64692
2024-07-21 01:00:00,7.4851527
2024-07-21 02:00:00,7.6065536
2024-07-21 03:00:00,7.67333
2024-07-21 04:00:00,7.8296933
2024-07-21 05:00:00,7.998254
2024-07-21 06:00:00,8.136769
2024-07-21 07:00:00,7.688399
2024-07-21 08:00:00,8.785015
2024-07-21 09:00:00,9.216826
2024-07-21 10:00:00,9.28056
2024-07-21 11:00:00,9.122895
2024-07-21 12:00:00,8.807372
2024-07-21 13:00:00,8.1876545
2024-07-21 14:00:00,7.8484325
2024-07-21 15:00:00,7.6639757
2024-07-21 16:00:00,7.707256
2024-07-21 17:00:00,7.747547
2024-07-21 18:00:00,7.140597
2024-07-21 19:00:00,7.2674594
2024-07-21 20:00:00,7.697523
2024-07-21 21:00:00,8.296474
2024-07-21 22:00:00,8.517557
2024-07-21 23:00:00,8.519503
2024-07-22 00:00:00,8.493956
2024-07-22 01:00:00,8.672306
2024-07-22 02:00:00,8.937095
2024-07-22 03:00:00,9.201482
2024-07-22 04:00:00,9.148135
2024-07-22 05:00:00,9.063941
2024-07-22 06:00:00,9.003075
2024-07-22 07:00:00,8.047499
2024-07-22 08:00:00,8.835212
2024-07-22 09:00:00,9.392651
2024-07-22 10:00:00,9.528009
2024-07-22 11:00:00,9.376675
2024-07-22 12:00:00,8.872179
2024-07-22 13:00:00,8.311478
2024-07-22 14:00:00,8.079778
2024-07-22 15:00:00,7.965929
2024-07-22 16:00:00,7.968789
2024-07-22 17:00:00,7.786813
2024-07-22 18:00:00,7.0860815
2024-07-22 19:00:00,7.297309
2024-07-22 20:00:00,8.297653
2024-07-22 21:00:00,8.640947
2024-07-22 22:00:00,8.380371
2024-07-22 23:00:00,8.327489
2024-07-23 00:00:00,8.49535
2024-07-23 01:00:00,8.955889
2024-07-23 02:00:00,9.304838
2024-07-23 03:00:00,9.409374
2024-07-23 04:00:00,9.394092
2024-07-23 05:00:00,9.3204775
2024-07-23 06:00:00,9.156279
2024-07-23 07:00:00,9.717478
2024-07-23 08:00:00,10.210846
2024-07-23 09:00:00,10.050841
2024-07-23 10:00:00,9.697455
2024-07-23 11:00:00,9.192901
2024-07-23 12:00:00,8.627993
2024-07-23 13:00:00,8.02173
2024-07-23 14:00:00,7.671389
2024-07-23 15:00:00,7.5283923
2024-07-23 16:00:00,7.6558237
2024-07-23 17:00:00,7.8745556
2024-07-23 18:00:00,7.5140886
2024-07-23 19:00:00,8.448116
2024-07-23 20:00:00,9.5371895
2024-07-23 21:00:00,9.924027
2024-07-23 22:00:00,9.765801
2024-07-23 23:00:00,9.646894
2024-07-24 00:00:00,9.497454
2024-07-24 01:00:00,9.3427725
2024-07-24 02:00:00,9.294156
2024-07-24 03:00:00,9.269892
2024-07-24 04:00:00,9.3259115
2024-07-24 05:00:00,9.338617
2024-07-24 06:00:00,9.297554
2024-07-24 07:00:00,8.085873
2024-07-24 08:00:00,10.571359
2024-07-24 09:00:00,10.492066
2024-07-24 10:00:00,10.095548
2024-07-24 11:00:00,9.358872
2024-07-24 12:00:00,8.951053
2024-07-24 13:00:00,8.727447
2024-07-24 14:00:00,8.662165
2024-07-24 15:00:00,8.755594
2024-07-24 16:00:00,8.977336
2024-07-24 17:00:00,9.163656
2024-07-24 18:00:00,8.658341
2024-07-24 19:00:00,8.769759
2024-07-24 20:00:00,8.8975115
2024-07-24 21:00:00,9.268836
2024-07-24 22:00:00,9.341733
2024-07-24 23:00:00,9.066693
2024-07-25 00:00:00,8.811749
2024-07-25 01:00:00,8.536666
2024-07-25 02:00:00,8.149717
2024-07-25 03:00:00,7.838204
2024-07-25 04:00:00,7.363563
2024-07-25 05:00:00,7.656667
2024-07-25 06:00:00,7.5656233
2024-07-25 07:00:00,8.920216
2024-07-25 08:00:00,9.894772
2024-07-25 09:00:00,9.742724
2024-07-25 10:00:00,9.645062
2024-07-25 11:00:00,9.301517
2024-07-25 12:00:00,8.721333
2024-07-25 13:00:00,8.199285
2024-07-25 14:00:00,8.115236
2024-07-25 15:00:00,8.1047125
2024-07-25 16:00:00,8.003128
2024-07-25 17:00:00,7.9028893
2024-07-25 18:00:00,7.151578
2024-07-25 19:00:00,7.2929006
2024-07-25 20:00:00,7.505541
2024-07-25 21:00:00,7.633156
2024-07-25 22:00:00,7.638168
2024-07-25 23:00:00,7.7687583
2024-07-26 00:00:00,7.8403397
2024-07-26 01:00:00,7.780672
2024-07-26 02:00:00,7.804633
2024-07-26 03:00:00,7.9760294
2024-07-26 04:00:00,8.183694
2024-07-26 05:00:00,8.126124
2024-07-26 06:00:00,8.045331
2024-07-26 07:00:00,7.3594503
2024-07-26 08:00:00,8.431909
2024-07-26 09:00:00,9.518419
2024-07-26 10:00:00,9.530224
2024-07-26 11:00:00,9.402587
2024-07-26 12:00:00,9.284215
2024-07-26 13:00:00,9.131687
2024-07-26 14:00:00,9.1136
2024-07-26 15:00:00,9.2210045
2024-07-26 16:00:00,9.341881
2024-07-26 17:00:00,9.330924
2024-07-26 18:00:00,8.639454
2024-07-26 19:00:00,9.231663
2024-07-26 20:00:00,9.574217
2024-07-26 21:00:00,9.556856
2024-07-26 22:00:00,9.13803
2024-07-26 23:00:00,8.903368
2024-07-27 00:00:00,9.002913
2024-07-27 01:00:00,9.159584
2024-07-27 02:00:00,8.99221
2024-07-27 03:00:00,8.915379
2024-07-27 04:00:00,9.028485
2024-07-27 05:00:00,8.959592
2024-07-27 06:00:00,8.89008
2024-07-27 07:00:00,8.243792
2024-07-27 08:00:00,10.0668
2024-07-27 09:00:00,10.296889
2024-07-27 10:00:00,10.48613
2024-07-27 11:00:00,9.929242
2024-07-27 12:00:00,9.434079
2024-07-27 13:00:00,9.037846
2024-07-27 14:00:00,8.834945
2024-07-27 15:00:00,8.958904
2024-07-27 16:00:00,9.1662035
2024-07-27 17:00:00,9.214831
2024-07-27 18:00:00,8.364655
2024-07-27 19:00:00,8.515852
2024-07-27 20:00:00,8.990682
2024-07-27 21:00:00,9.079637
2024-07-27 22:00:00,8.956055
2024-07-27 23:00:00,8.870871
2024-07-28 00:00:00,8.706156
2024-07-28 01:00:00,8.49797
2024-07-28 02:00:00,8.371549
2024-07-28 03:00:00,8.334128
2024-07-28 04:00:00,8.52513
2024-07-28 05:00:00,8.698672
2024-07-28 06:00:00,8.844404
2024-07-28 07:00:00,8.193234
2024-07-28 08:00:00,10.381792
2024-07-28 09:00:00,10.205556
2024-07-28 10:00:00,9.602367
2024-07-28 11:00:00,9.113083
2024-07-28 12:00:00,8.669581
2024-07-28 13:00:00,8.423515
2024-07-28 14:00:00,8.247039
2024-07-28 15:00:00,8.229795
2024-07-28 16:00:00,8.232119
2024-07-28 17:00:00,8.275882
2024-07-28 18:00:00,7.529208
2024-07-28 19:00:00,7.825097
2024-07-28 20:00:00,8.042498
2024-07-28 21:00:00,8.022128
2024-07-28 22:00:00,7.8886166
2024-07-28 23:00:00,7.655734
2024-07-29 00:00:00,7.3590794
2024-07-29 01:00:00,7.2466207
2024-07-29 02:00:00,7.4387155
2024-07-29 03:00:00,7.777534
2024-07-29 04:00:00,8.017893
2024-07-29 05:00:00,8.004383
2024-07-29 06:00:00,7.855974
2024-07-29 07:00:00,7.135777
2024-07-29 08:00:00,8.782042
2024-07-29 09:00:00,8.938872
2024-07-29 10:00:00,8.775541
2024-07-29 11:00:00,8.4062605
2024-07-29 12:00:00,7.929546
2024-07-29 13:00:00,7.3563447
2024-07-29 14:00:00,6.992676
2024-07-29 15:00:00,6.926565
2024-07-29 16:00:00,6.9360504
2024-07-29 17:00:00,7.098783
2024-07-29 18:00:00,6.5111494
2024-07-29 19:00:00,6.8104343
2024-07-29 20:00:00,7.654839
2024-07-29 21:00:00,8.262636
2024-07-29 22:00:00,8.148811
2024-07-29 23:00:00,7.7613463
2024-07-30 00:00:00,7.5423574
2024-07-30 01:00:00,7.5262733
2024-07-30 02:00:00,7.79453
2024-07-30 03:00:00,8.150562
2024-07-30 04:00:00,8.339172
2024-07-30 05:00:00,8.375164
2024-07-30 06:00:00,8.357652
2024-07-30 07:00:00,7.6875644
2024-07-30 08:00:00,8.68512
2024-07-30 09:00:00,8.425291
2024-07-30 10:00:00,8.045917
2024-07-30 11:00:00,7.610622
2024-07-30 12:00:00,7.107676
2024-07-30 13:00:00,6.761278
2024-07-30 14:00:00,6.626111
2024-07-30 15:00:00,6.777428
2024-07-30 16:00:00,6.8857503
2024-07-30 17:00:00,7.124561
2024-07-30 18:00:00,6.835933
2024-07-30 19:00:00,7.343337
2024-07-30 20:00:00,8.292485
2024-07-30 21:00:00,9.032416
2024-07-30 22:00:00,9.0620365
2024-07-30 23:00:00,9.088178
2024-07-31 00:00:00,9.251989
2024-07-31 01:00:00,9.470392
2024-07-31 02:00:00,9.627572
2024-07-31 03:00:00,9.757329
2024-07-31 04:00:00,9.76233
2024-07-31 05:00:00,9.780768
2024-07-31 06:00:00,9.613349
2024-07-31 07:00:00,8.829452
2024-07-31 08:00:00,9.626996
2024-07-31 09:00:00,10.121106
2024-07-31 10:00:00,10.50262
2024-07-31 11:00:00,10.612382
2024-07-31 12:00:00,10.413956
2024-07-31 13:00:00,10.203257
2024-07-31 14:00:00,10.153055
2024-07-31 15:00:00,10.11592
2024-07-31 16:00:00,10.162571
2024-07-31 17:00:00,10.096083
2024-07-31 18:00:00,9.448469
2024-07-31 19:00:00,9.136161
2024-07-31 20:00:00,9.185516
2024-07-31 21:00:00,9.094684
2024-07-31 22:00:00,9.019214
2024-07-31 23:00:00,9.087806
2024-08-01 00:00:00,9.073654
2024-08-01 01:00:00,8.995846
2024-08-01 02:00:00,8.853719
2024-08-01 03:00:00,8.837985
2024-08-01 04:00:00,8.834204
2024-08-01 05:00:00,8.908436
2024-08-01 06:00:00,8.896881
2024-08-01 07:00:00,8.507887
2024-08-01 08:00:00,8.807121
2024-08-01 09:00:00,8.866859
2024-08-01 10:00:00,9.955268
2024-08-01 11:00:00,9.923931
2024-08-01 12:00:00,9.58016
2024-08-01 13:00:00,9.448667
2024-08-01 14:00:00,9.489364
2024-08-01 15:00:00,9.541155
2024-08-01 16:00:00,9.596212
2024-08-01 17:00:00,9.561306
2024-08-01 18:00:00,8.577149
2024-08-01 19:00:00,8.835607
2024-08-01 20:00:00,9.513925
2024-08-01 21:00:00,9.695241
2024-08-01 22:00:00,9.449745
2024-08-01 23:00:00,9.264535
2024-08-02 00:00:00,9.123809
2024-08-02 01:00:00,8.852315
2024-08-02 02:00:00,8.612085
2024-08-02 03:00:00,8.456832
2024-08-02 04:00:00,8.212283
2024-08-02 05:00:00,8.021751
2024-08-02 06:00:00,7.8081775
2024-08-02 07:00:00,8.079619
2024-08-02 08:00:00,10.005113
2024-08-02 09:00:00,11.089205
2024-08-02 10:00:00,11.364557
2024-08-02 11:00:00,11.072904
2024-08-02 12:00:00,10.454363
2024-08-02 13:00:00,10.250877
2024-08-02 14:00:00,10.188111
2024-08-02 15:00:00,10.471425
2024-08-02 16:00:00,10.511334
2024-08-02 17:00:00,10.545966
2024-08-02 18:00:00,9.285165
2024-08-02 19:00:00,9.365026
2024-08-02 20:00:00,9.536632
2024-08-02 21:00:00,9.219537
2024-08-02 22:00:00,8.954971
2024-08-02 23:00:00,8.963236
2024-08-03 00:00:00,8.953199
2024-08-03 01:00:00,9.050074
2024-08-03 02:00:00,8.958379
2024-08-03 03:00:00,8.603739
2024-08-03 04:00:00,8.216663
2024-08-03 05:00:00,7.767246
2024-08-03 06:00:00,7.6986794
2024-08-03 07:00:00,9.422325
2024-08-03 08:00:00,10.446537
2024-08-03 09:00:00,10.198534
2024-08-03 10:00:00,10.525169
2024-08-03 11:00:00,10.032463
2024-08-03 12:00:00,9.514973
2024-08-03 13:00:00,8.958259
2024-08-03 14:00:00,8.812742
2024-08-03 15:00:00,8.780891
2024-08-03 16:00:00,9.048379
2024-08-03 17:00:00,9.473632
2024-08-03 18:00:00,8.821743
2024-08-03 19:00:00,9.2813635
2024-08-03 20:00:00,9.402115
2024-08-03 21:00:00,9.256195
2024-08-03 22:00:00,9.393619
2024-08-03 23:00:00,9.673582
2024-08-04 00:00:00,9.7808
2024-08-04 01:00:00,9.740159
2024-08-04 02:00:00,9.397416
2024-08-04 03:00:00,9.038517
2024-08-04 04:00:00,8.887431
2024-08-04 05:00:00,8.91515
2024-08-04 06:00:00,8.624311
2024-08-04 07:00:00,8.789198
2024-08-04 08:00:00,9.002584
2024-08-04 09:00:00,9.059753
2024-08-04 10:00:00,10.241432
2024-08-04 11:00:00,9.787725
2024-08-04 12:00:00,9.110928
2024-08-04 13:00:00,8.744724
2024-08-04 14:00:00,8.613901
2024-08-04 15:00:00,8.494156
2024-08-04 16:00:00,8.42921
2024-08-04 17:00:00,8.402349
2024-08-04 18:00:00,7.678582
2024-08-04 19:00:00,8.052661
2024-08-04 20:00:00,8.45638
2024-08-04 21:00:00,8.928474
2024-08-04 22:00:00,9.269061
2024-08-04 23:00:00,9.289494
2024-08-05 00:00:00,9.131491
2024-08-05 01:00:00,8.975169
2024-08-05 02:00:00,8.953957
2024-08-05 03:00:00,8.902664
2024-08-05 04:00:00,8.666489
2024-08-05 05:00:00,8.667803
2024-08-05 06:00:00,8.712078
2024-08-05 07:00:00,8.964303
2024-08-05 08:00:00,8.905058
2024-08-05 09:00:00,8.684
2024-08-05 10:00:00,8.501348
2024-08-05 11:00:00,8.572747
2024-08-05 12:00:00,8.904112
2024-08-05 13:00:00,9.024344
2024-08-05 14:00:00,8.8547325
2024-08-05 15:00:00,8.635161
2024-08-05 16:00:00,8.967312
2024-08-05 17:00:00,9.442681
2024-08-05 18:00:00,9.698536
2024-08-05 19:00:00,9.66718
2024-08-05 20:00:00,9.61133
2024-08-05 21:00:00,9.709905
2024-08-05 22:00:00,9.806276
2024-08-05 23:00:00,9.541607
2024-08-06 00:00:00,9.150862
2024-08-06 01:00:00,8.9517
2024-08-06 02:00:00,9.002032
2024-08-06 03:00:00,9.224894
2024-08-06 04:00:00,9.255509
2024-08-06 05:00:00,9.386479
2024-08-06 06:00:00,9.438948
2024-08-06 07:00:00,9.677762
2024-08-06 08:00:00,9.770441
2024-08-06 09:00:00,9.493243
2024-08-06 10:00:00,9.5818
2024-08-06 11:00:00,9.535556
2024-08-06 12:00:00,9.390331
2024-08-06 13:00:00,9.138887
2024-08-06 14:00:00,8.810185
2024-08-06 15:00:00,8.607466
2024-08-06 16:00:00,8.570642
2024-08-06 17:00:00,8.581445
2024-08-06 18:00:00,7.93194
2024-08-06 19:00:00,7.756668
2024-08-06 20:00:00,7.968427
2024-08-06 21:00:00,7.701294
2024-08-06 22:00:00,7.486323
2024-08-06 23:00:00,7.4228845
2024-08-07 00:00:00,7.5977902
2024-08-07 01:00:00,7.6126895
2024-08-07 02:00:00,7.6873393
2024-08-07 03:00:00,7.7632785
2024-08-07 04:00:00,7.8694687
2024-08-07 05:00:00,7.9351234
2024-08-07 06:00:00,8.001051
2024-08-07 07:00:00,7.986541
2024-08-07 08:00:00,9.895303
2024-08-07 09:00:00,9.215485
2024-08-07 10:00:00,8.612612
2024-08-07 11:00:00,8.26802
2024-08-07 12:00:00,7.7858143
2024-08-07 13:00:00,7.3050437
2024-08-07 14:00:00,6.920113
2024-08-07 15:00:00,6.6839585
2024-08-07 16:00:00,6.646229
2024-08-07 17:00:00,6.775934
2024-08-07 18:00:00,6.439578
2024-08-07 19:00:00,6.941958
2024-08-07 20:00:00,7.7488003
2024-08-07 21:00:00,8.396699
2024-08-07 22:00:00,8.86116
2024-08-07 23:00:00,8.848788
2024-08-08 00:00:00,8.653662
2024-08-08 01:00:00,8.541354
2024-08-08 02:00:00,8.478771
2024-08-08 03:00:00,8.43849
2024-08-08 04:00:00,8.412257
2024-08-08 05:00:00,8.4515505
2024-08-08 06:00:00,8.473671
2024-08-08 07:00:00,8.052329
2024-08-08 08:00:00,8.335837
2024-08-08 09:00:00,8.472402
2024-08-08 10:00:00,8.648193
2024-08-08 11:00:00,8.414786
2024-08-08 12:00:00,7.9060545
2024-08-08 13:00:00,7.4475427
2024-08-08 14:00:00,7.1178637
2024-08-08 15:00:00,6.8267784
2024-08-08 16:00:00,6.696119
2024-08-08 17:00:00,6.87311
2024-08-08 18:00:00,6.7255864
2024-08-08 19:00:00,7.7671547
2024-08-08 20:00:00,8.869455
2024-08-08 21:00:00,9.415245
2024-08-08 22:00:00,9.3888855
2024-08-08 23:00:00,9.355482
2024-08-09 00:00:00,9.31606
2024-08-09 01:00:00,9.260181
2024-08-09 02:00:00,8.963401
2024-08-09 03:00:00,8.821265
2024-08-09 04:00:00,8.693094
2024-08-09 05:00:00,8.665728
2024-08-09 06:00:00,8.743826
2024-08-09 07:00:00,8.118159
2024-08-09 08:00:00,8.394124
2024-08-09 09:00:00,8.51938
2024-08-09 10:00:00,7.7126474
2024-08-09 11:00:00,6.9179454
2024-08-09 12:00:00,6.231136
2024-08-09 13:00:00,5.71845
2024-08-09 14:00:00,5.4279857
2024-08-09 15:00:00,5.2244506
2024-08-09 16:00:00,5.143807
2024-08-09 17:00:00,5.1217594
2024-08-09 18:00:00,5.3213763
2024-08-09 19:00:00,5.901951
2024-08-09 20:00:00,6.5492334
2024-08-09 21:00:00,7.2751
2024-08-09 22:00:00,7.866753
2024-08-09 23:00:00,7.940554
2024-08-10 00:00:00,8.023828
2024-08-10 01:00:00,8.030252
2024-08-10 02:00:00,7.89631
2024-08-10 03:00:00,7.887459
2024-08-10 04:00:00,7.9581757
2024-08-10 05:00:00,8.024778
2024-08-10 06:00:00,7.8602853
2024-08-10 07:00:00,6.887866
2024-08-10 08:00:00,6.745809
2024-08-10 09:00:00,6.633012
2024-08-10 10:00:00,6.056381
2024-08-10 11:00:00,4.980196
2024-08-10 12:00:00,3.6804125
2024-08-10 13:00:00,2.4563475
2024-08-10 14:00:00,1.7049677
2024-08-10 15:00:00,1.619497
2024-08-10 16:00:00,1.5444095
2024-08-10 17:00:00,1.7624626
2024-08-10 18:00:00,2.8616288
2024-08-10 19:00:00,3.8718996
2024-08-10 20:00:00,4.5255103
2024-08-10 21:00:00,5.034039
2024-08-10 22:00:00,5.6749077
2024-08-10 23:00:00,6.5495453
2024-08-11 00:00:00,7.878311
2024-08-11 01:00:00,8.549589
2024-08-11 02:00:00,8.020523
2024-08-11 03:00:00,7.5651245
2024-08-11 04:00:00,7.473119
2024-08-11 05:00:00,7.2027836
2024-08-11 06:00:00,7.0349655
2024-08-11 07:00:00,5.8813567
2024-08-11 08:00:00,4.8257365
2024-08-11 09:00:00,4.29659
2024-08-11 10:00:00,3.983398
2024-08-11 11:00:00,3.4085984
2024-08-11 12:00:00,2.6200373
2024-08-11 13:00:00,2.252999
2024-08-11 14:00:00,2.553157
2024-08-11 15:00:00,3.0565348
2024-08-11 16:00:00,3.640218
2024-08-11 17:00:00,4.195969
2024-08-11 18:00:00,4.931265
2024-08-11 19:00:00,5.656279
2024-08-11 20:00:00,5.8876085
2024-08-11 21:00:00,6.74558
2024-08-11 22:00:00,8.280681
2024-08-11 23:00:00,9.751517
2024-08-12 00:00:00,10.164152
2024-08-12 01:00:00,10.097246
2024-08-12 02:00:00,9.74014
2024-08-12 03:00:00,9.760167
2024-08-12 04:00:00,9.806554
2024-08-12 05:00:00,9.749183
2024-08-12 06:00:00,9.585631
2024-08-12 07:00:00,8.012008
2024-08-12 08:00:00,7.4746866
2024-08-12 09:00:00,6.481244
2024-08-12 10:00:00,5.63308
2024-08-12 11:00:00,5.066386
2024-08-12 12:00:00,4.713932
2024-08-12 13:00:00,4.4518847
2024-08-12 14:00:00,4.0378475
2024-08-12 15:00:00,3.9116821
2024-08-12 16:00:00,4.165313
2024-08-12 17:00:00,4.5783587
2024-08-12 18:00:00,4.8213263
2024-08-12 19:00:00,5.1886115
2024-08-12 20:00:00,5.1532426
2024-08-12 21:00:00,5.5067425
2024-08-12 22:00:00,6.323746
2024-08-12 23:00:00,7.05259
2024-08-13 00:00:00,7.3084526
2024-08-13 01:00:00,7.252953
2024-08-13 02:00:00,7.2127585
2024-08-13 03:00:00,7.1636934
2024-08-13 04:00:00,7.17229
2024-08-13 05:00:00,7.3626795
2024-08-13 06:00:00,7.5296206
2024-08-13 07:00:00,7.136788
2024-08-13 08:00:00,6.973563
2024-08-13 09:00:00,6.8037877
2024-08-13 10:00:00,6.4834447
2024-08-13 11:00:00,5.9147787
2024-08-13 12:00:00,5.594591
2024-08-13 13:00:00,5.595086
2024-08-13 14:00:00,6.0286036
2024-08-13 15:00:00,6.5665975
2024-08-13 16:00:00,7.04038
2024-08-13 17:00:00,7.3551717
2024-08-13 18:00:00,6.8538847
2024-08-13 19:00:00,7.9365277
2024-08-13 20:00:00,9.823998
2024-08-13 21:00:00,11.123541
2024-08-13 22:00:00,11.222665
2024-08-13 23:00:00,11.169934
2024-08-14 00:00:00,11.040392
2024-08-14 01:00:00,11.255315
2024-08-14 02:00:00,11.596939
2024-08-14 03:00:00,11.810644
2024-08-14 04:00:00,11.88005
2024-08-14 05:00:00,11.674961
2024-08-14 06:00:00,11.498098
2024-08-14 07:00:00,10.690165
2024-08-14 08:00:00,11.659571
2024-08-14 09:00:00,12.787276
2024-08-14 10:00:00,12.314445
2024-08-14 11:00:00,11.836
2024-08-14 12:00:00,11.206826
2024-08-14 13:00:00,10.542844
2024-08-14 14:00:00,9.992392
2024-08-14 15:00:00,9.711711
2024-08-14 16:00:00,9.606882
2024-08-14 17:00:00,9.531682
2024-08-14 18:00:00,8.492551
2024-08-14 19:00:00,8.798996
2024-08-14 20:00:00,8.876134
2024-08-14 21:00:00,8.983803
2024-08-14 22:00:00,9.336208
2024-08-14 23:00:00,9.5640955
2024-08-15 00:00:00,9.715733
2024-08-15 01:00:00,9.770758
2024-08-15 02:00:00,9.765576
2024-08-15 03:00:00,9.816844
2024-08-15 04:00:00,9.712398
2024-08-15 05:00:00,9.661441
2024-08-15 06:00:00,9.497435
2024-08-15 07:00:00,9.150842
2024-08-15 08:00:00,9.486952
2024-08-15 09:00:00,9.668924
2024-08-15 10:00:00,9.759739
2024-08-15 11:00:00,9.629947
2024-08-15 12:00:00,9.334112
2024-08-15 13:00:00,8.970196
2024-08-15 14:00:00,8.699391
2024-08-15 15:00:00,8.534484
2024-08-15 16:00:00,8.542647
2024-08-15 17:00:00,8.664163
2024-08-15 18:00:00,8.019154
2024-08-15 19:00:00,8.166837
2024-08-15 20:00:00,8.712465
2024-08-15 21:00:00,9.1772785
2024-08-15 22:00:00,9.423079
2024-08-15 23:00:00,9.583335
2024-08-16 00:00:00,9.66195
2024-08-16 01:00:00,9.6469
2024-08-16 02:00:00,9.631171
2024-08-16 03:00:00,9.566405
2024-08-16 04:00:00,9.468625
2024-08-16 05:00:00,9.216289
2024-08-16 06:00:00,8.959029
2024-08-16 07:00:00,8.953432
2024-08-16 08:00:00,9.7735615
2024-08-16 09:00:00,10.445847
2024-08-16 10:00:00,10.416436
2024-08-16 11:00:00,10.338084
2024-08-16 12:00:00,10.010328
2024-08-16 13:00:00,9.694847
2024-08-16 14:00:00,9.429513
2024-08-16 15:00:00,9.350123
2024-08-16 16:00:00,9.213119
2024-08-16 17:00:00,9.084934
2024-08-16 18:00:00,8.238906
2024-08-16 19:00:00,8.48046
2024-08-16 20:00:00,9.07654
2024-08-16 21:00:00,9.386738
2024-08-16 22:00:00,9.245047
2024-08-16 23:00:00,8.997994
2024-08-17 00:00:00,8.8149
2024-08-17 01:00:00,8.717978
2024-08-17 02:00:00,8.743841
2024-08-17 03:00:00,8.672516
2024-08-17 04:00:00,8.625479
2024-08-17 05:00:00,8.355716
2024-08-17 06:00:00,8.069136
2024-08-17 07:00:00,7.986187
2024-08-17 08:00:00,8.670851
2024-08-17 09:00:00,9.483688
2024-08-17 10:00:00,9.510469
2024-08-17 11:00:00,9.435001
2024-08-17 12:00:00,9.094064
2024-08-17 13:00:00,8.852183
2024-08-17 14:00:00,8.464294
2024-08-17 15:00:00,8.386236
2024-08-17 16:00:00,8.227676
2024-08-17 17:00:00,8.116088
2024-08-17 18:00:00,7.1446238
2024-08-17 19:00:00,7.649244
2024-08-17 20:00:00,8.621013
2024-08-17 21:00:00,8.988879
2024-08-17 22:00:00,8.628618
2024-08-17 23:00:00,8.370559
2024-08-18 00:00:00,7.8370523
2024-08-18 01:00:00,7.5047674
2024-08-18 02:00:00,6.637338
2024-08-18 03:00:00,6.9829082
2024-08-18 04:00:00,6.577898
2024-08-18 05:00:00,6.818154
2024-08-18 06:00:00,7.3246384
2024-08-18 07:00:00,7.2968745
2024-08-18 08:00:00,8.171126
2024-08-18 09:00:00,8.447622
2024-08-18 10:00:00,8.4679785
2024-08-18 11:00:00,8.1815
2024-08-18 12:00:00,7.8490057
2024-08-18 13:00:00,7.498059
2024-08-18 14:00:00,7.2748117
2024-08-18 15:00:00,7.156855
2024-08-18 16:00:00,7.2413025
2024-08-18 17:00:00,7.478236
2024-08-18 18:00:00,6.7404532
2024-08-18 19:00:00,7.283375
2024-08-18 20:00:00,7.4221544
2024-08-18 21:00:00,7.7778134
2024-08-18 22:00:00,7.888612
2024-08-18 23:00:00,8.115134
2024-08-19 00:00:00,8.193669
2024-08-19 01:00:00,8.521102
2024-08-19 02:00:00,8.88411
2024-08-19 03:00:00,8.865454
2024-08-19 04:00:00,8.512879
2024-08-19 05:00:00,8.197131
2024-08-19 06:00:00,8.0315275
2024-08-19 07:00:00,8.082109
2024-08-19 08:00:00,8.647446
2024-08-19 09:00:00,8.744118
2024-08-19 10:00:00,8.57482
2024-08-19 11:00:00,7.92553
2024-08-19 12:00:00,6.9763527
2024-08-19 13:00:00,6.947912
2024-08-19 14:00:00,7.31153
2024-08-19 15:00:00,7.4955134
2024-08-19 16:00:00,7.9173846
2024-08-19 17:00:00,8.338355
2024-08-19 18:00:00,8.771065
2024-08-19 19:00:00,8.525086
2024-08-19 20:00:00,8.306277
2024-08-19 21:00:00,8.457818
2024-08-19 22:00:00,8.792718
2024-08-19 23:00:00,9.1858225
2024-08-20 00:00:00,9.082275
2024-08-20 01:00:00,8.847262
2024-08-20 02:00:00,8.654064
2024-08-20 03:00:00,8.780399
2024-08-20 04:00:00,8.9775
2024-08-20 05:00:00,9.106865
2024-08-20 06:00:00,9.17254
2024-08-20 07:00:00,9.218481
2024-08-20 08:00:00,9.425393
2024-08-20 09:00:00,9.328611
2024-08-20 10:00:00,8.594737
2024-08-20 11:00:00,7.439935
2024-08-20 12:00:00,6.371052
2024-08-20 13:00:00,5.795643
2024-08-20 14:00:00,5.544361
2024-08-20 15:00:00,5.59678
2024-08-20 16:00:00,5.7804093
2024-08-20 17:00:00,6.094674
2024-08-20 18:00:00,6.3732333
2024-08-20 19:00:00,6.9247527
2024-08-20 20:00:00,7.9741173
2024-08-20 21:00:00,8.80219
2024-08-20 22:00:00,8.649875
2024-08-20 23:00:00,8.563101
2024-08-21 00:00:00,8.571824
2024-08-21 01:00:00,8.718373
2024-08-21 02:00:00,9.003722
2024-08-21 03:00:00,9.290897
2024-08-21 04:00:00,9.273919
2024-08-21 05:00:00,9.190396
2024-08-21 06:00:00,9.18926
2024-08-21 07:00:00,9.046353
2024-08-21 08:00:00,9.3909
2024-08-21 09:00:00,9.333988
2024-08-21 10:00:00,8.837346
2024-08-21 11:00:00,8.09329
2024-08-21 12:00:00,7.380531
2024-08-21 13:00:00,6.9434795
2024-08-21 14:00:00,6.7205043
2024-08-21 15:00:00,6.844055
2024-08-21 16:00:00,7.2398896
2024-08-21 17:00:00,7.8240423
2024-08-21 18:00:00,8.067865
2024-08-21 19:00:00,8.932478
2024-08-21 20:00:00,9.609174
2024-08-21 21:00:00,9.689373
2024-08-21 22:00:00,9.626815
2024-08-21 23:00:00,9.605211
2024-08-22 00:00:00,9.683674
2024-08-22 01:00:00,9.809167
2024-08-22 02:00:00,9.717431
2024-08-22 03:00:00,9.407883
2024-08-22 04:00:00,9.107775
2024-08-22 05:00:00,9.067427
2024-08-22 06:00:00,9.215531
2024-08-22 07:00:00,8.894549
2024-08-22 08:00:00,9.810036
2024-08-22 09:00:00,10.844651
2024-08-22 10:00:00,10.927657
2024-08-22 11:00:00,10.508193
2024-08-22 12:00:00,10.043341
2024-08-22 13:00:00,9.802663
2024-08-22 14:00:00,9.645302
2024-08-22 15:00:00,9.804051
2024-08-22 16:00:00,9.910444
2024-08-22 17:00:00,9.843177
2024-08-22 18:00:00,9.058908
2024-08-22 19:00:00,9.319629
2024-08-22 20:00:00,9.341993
2024-08-22 21:00:00,9.195148
2024-08-22 22:00:00,9.128746
2024-08-22 23:00:00,9.378132
2024-08-23 00:00:00,9.763703
2024-08-23 01:00:00,9.721578
2024-08-23 02:00:00,9.291228
2024-08-23 03:00:00,8.82811
2024-08-23 04:00:00,8.496384
2024-08-23 05:00:00,8.470292
2024-08-23 06:00:00,8.436093
2024-08-23 07:00:00,8.433077
2024-08-23 08:00:00,10.18912
2024-08-23 09:00:00,9.939908
2024-08-23 10:00:00,9.51138
2024-08-23 11:00:00,9.177567
2024-08-23 12:00:00,8.939885
2024-08-23 13:00:00,8.508454
2024-08-23 14:00:00,8.179745
2024-08-23 15:00:00,8.124434
2024-08-23 16:00:00,8.264356
2024-08-23 17:00:00,8.330168
2024-08-23 18:00:00,7.669351
2024-08-23 19:00:00,7.6108313
2024-08-23 20:00:00,7.8984513
2024-08-23 21:00:00,8.007095
2024-08-23 22:00:00,7.9147153
2024-08-23 23:00:00,8.005198
2024-08-24 00:00:00,8.071223
2024-08-24 01:00:00,8.233881
2024-08-24 02:00:00,8.370869
2024-08-24 03:00:00,8.501377
2024-08-24 04:00:00,8.694467
2024-08-24 05:00:00,8.7331915
2024-08-24 06:00:00,8.738878
2024-08-24 07:00:00,9.705734
2024-08-24 08:00:00,9.386472
2024-08-24 09:00:00,9.204758
2024-08-24 10:00:00,8.670482
2024-08-24 11:00:00,7.9982147
2024-08-24 12:00:00,7.075479
2024-08-24 13:00:00,6.4981666
2024-08-24 14:00:00,6.2372937
2024-08-24 15:00:00,6.1799197
2024-08-24 16:00:00,6.0060444
2024-08-24 17:00:00,5.7678623
2024-08-24 18:00:00,4.943883
2024-08-24 19:00:00,4.9593887
2024-08-24 20:00:00,5.8377333
2024-08-24 21:00:00,7.1998625
2024-08-24 22:00:00,7.683986
2024-08-24 23:00:00,7.599771
2024-08-25 00:00:00,7.728872
2024-08-25 01:00:00,7.927937
2024-08-25 02:00:00,8.230189
2024-08-25 03:00:00,8.491066
2024-08-25 04:00:00,8.6551485
2024-08-25 05:00:00,8.664855
2024-08-25 06:00:00,8.738162
2024-08-25 07:00:00,8.429148
2024-08-25 08:00:00,8.436531
2024-08-25 09:00:00,8.406431
2024-08-25 10:00:00,7.942182
2024-08-25 11:00:00,6.990617
2024-08-25 12:00:00,6.1681294
2024-08-25 13:00:00,5.7920938
2024-08-25 14:00:00,5.7314487
2024-08-25 15:00:00,5.7020793
2024-08-25 16:00:00,5.796022
2024-08-25 17:00:00,5.871735
2024-08-25 18:00:00,5.760248
2024-08-25 19:00:00,6.503043
2024-08-25 20:00:00,6.9089727
2024-08-25 21:00:00,7.5084686
2024-08-25 22:00:00,7.971224
2024-08-25 23:00:00,8.211134
2024-08-26 00:00:00,8.207704
2024-08-26 01:00:00,8.555172
2024-08-26 02:00:00,9.218483
2024-08-26 03:00:00,9.636508
2024-08-26 04:00:00,9.470699
2024-08-26 05:00:00,9.321081
2024-08-26 06:00:00,9.269817
2024-08-26 07:00:00,9.009867
2024-08-26 08:00:00,8.990132
2024-08-26 09:00:00,8.63064
2024-08-26 10:00:00,7.7806487
2024-08-26 11:00:00,6.626519
2024-08-26 12:00:00,5.67376
2024-08-26 13:00:00,5.243811
2024-08-26 14:00:00,5.1511283
2024-08-26 15:00:00,5.2917614
2024-08-26 16:00:00,5.5129275
2024-08-26 17:00:00,5.799333
2024-08-26 18:00:00,5.887202
2024-08-26 19:00:00,6.7925744
2024-08-26 20:00:00,8.080057
2024-08-26 21:00:00,9.124051
2024-08-26 22:00:00,9.031114
2024-08-26 23:00:00,8.639476
2024-08-27 00:00:00,8.405296
2024-08-27 01:00:00,8.821867
2024-08-27 02:00:00,9.762358
2024-08-27 03:00:00,10.201024
2024-08-27 04:00:00,10.176048
2024-08-27 05:00:00,10.231978
2024-08-27 06:00:00,10.196072
2024-08-27 07:00:00,9.874975
2024-08-27 08:00:00,10.877719
2024-08-27 09:00:00,10.692878
2024-08-27 10:00:00,9.813504
2024-08-27 11:00:00,8.943114
2024-08-27 12:00:00,8.304493
2024-08-27 13:00:00,7.997517
2024-08-27 14:00:00,8.106814
2024-08-27 15:00:00,8.2481575
2024-08-27 16:00:00,8.518424
2024-08-27 17:00:00,8.893331
2024-08-27 18:00:00,9.02115
2024-08-27 19:00:00,9.934279
2024-08-27 20:00:00,10.486405
2024-08-27 21:00:00,9.880166
2024-08-27 22:00:00,9.287716
2024-08-27 23:00:00,9.243786
2024-08-28 00:00:00,9.71009
2024-08-28 01:00:00,10.093838
2024-08-28 02:00:00,10.289708
2024-08-28 03:00:00,10.05479
2024-08-28 04:00:00,9.610435
2024-08-28 05:00:00,9.423997
2024-08-28 06:00:00,9.398476
2024-08-28 07:00:00,10.002348
2024-08-28 08:00:00,11.685199
2024-08-28 09:00:00,12.21308
2024-08-28 10:00:00,12.142608
2024-08-28 11:00:00,11.815096
2024-08-28 12:00:00,11.430121
2024-08-28 13:00:00,10.974384
2024-08-28 14:00:00,11.028268
2024-08-28 15:00:00,11.272466
2024-08-28 16:00:00,11.422082
2024-08-28 17:00:00,11.296291
2024-08-28 18:00:00,9.865368
2024-08-28 19:00:00,9.215937
2024-08-28 20:00:00,9.431785
2024-08-28 21:00:00,10.037676
2024-08-28 22:00:00,10.422241
2024-08-28 23:00:00,10.106563
2024-08-29 00:00:00,9.973934
2024-08-29 01:00:00,10.029027
2024-08-29 02:00:00,10.005046
2024-08-29 03:00:00,9.796247
2024-08-29 04:00:00,9.539742
2024-08-29 05:00:00,9.332727
2024-08-29 06:00:00,9.222965
2024-08-29 07:00:00,9.971399
2024-08-29 08:00:00,10.153168
2024-08-29 09:00:00,10.126732
2024-08-29 10:00:00,10.360217
2024-08-29 11:00:00,10.825146
2024-08-29 12:00:00,11.079646
2024-08-29 13:00:00,11.176592
2024-08-29 14:00:00,11.222594
2024-08-29 15:00:00,11.295352
2024-08-29 16:00:00,11.256551
2024-08-29 17:00:00,11.0839205
2024-08-29 18:00:00,9.983956
2024-08-29 19:00:00,10.467741
2024-08-29 20:00:00,9.999368
2024-08-29 21:00:00,9.950241
2024-08-29 22:00:00,10.124463
2024-08-29 23:00:00,10.095186
2024-08-30 00:00:00,9.942548
2024-08-30 01:00:00,9.53456
2024-08-30 02:00:00,9.196296
2024-08-30 03:00:00,8.942173
2024-08-30 04:00:00,8.759225
2024-08-30 05:00:00,8.130061
2024-08-30 06:00:00,8.089248
2024-08-30 07:00:00,9.023839
2024-08-30 08:00:00,9.57563
2024-08-30 09:00:00,10.080314
2024-08-30 10:00:00,10.220997
2024-08-30 11:00:00,9.464914
2024-08-30 12:00:00,8.8875
2024-08-30 13:00:00,8.795577
2024-08-30 14:00:00,8.710294
2024-08-30 15:00:00,8.623334
2024-08-30 16:00:00,8.694681
2024-08-30 17:00:00,8.765842
2024-08-30 18:00:00,8.312678
2024-08-30 19:00:00,9.121218
2024-08-30 20:00:00,9.182419
2024-08-30 21:00:00,9.075001
2024-08-30 22:00:00,9.06145
2024-08-30 23:00:00,9.137819
2024-08-31 00:00:00,8.91056
2024-08-31 01:00:00,8.648923
2024-08-31 02:00:00,8.176737
2024-08-31 03:00:00,7.569108
2024-08-31 04:00:00,7.0781584
2024-08-31 05:00:00,6.820717
2024-08-31 06:00:00,6.8876944
2024-08-31 07:00:00,7.2201877
2024-08-31 08:00:00,9.018424
2024-08-31 09:00:00,10.118166
2024-08-31 10:00:00,9.619309
2024-08-31 11:00:00,9.056985
2024-08-31 12:00:00,8.882811
2024-08-31 13:00:00,8.795497
2024-08-31 14:00:00,8.596281
2024-08-31 15:00:00,8.50145
2024-08-31 16:00:00,8.750488
2024-08-31 17:00:00,8.879536
2024-08-31 18:00:00,8.090409
2024-08-31 19:00:00,8.32854
2024-08-31 20:00:00,8.686937
2024-08-31 21:00:00,8.969447
2024-08-31 22:00:00,9.07545
2024-08-31 23:00:00,9.050555
2024-09-01 00:00:00,8.852733
2024-09-01 01:00:00,8.523146
2024-09-01 02:00:00,8.488893
2024-09-01 03:00:00,8.684483
2024-09-01 04:00:00,8.762519
2024-09-01 05:00:00,8.6659775
2024-09-01 06:00:00,8.413063
2024-09-01 07:00:00,7.966189
2024-09-01 08:00:00,8.687982
2024-09-01 09:00:00,9.4493
2024-09-01 10:00:00,9.615582
2024-09-01 11:00:00,9.721368
2024-09-01 12:00:00,9.489701
2024-09-01 13:00:00,9.227505
2024-09-01 14:00:00,9.012468
2024-09-01 15:00:00,8.88309
2024-09-01 16:00:00,8.819784
2024-09-01 17:00:00,8.803378
2024-09-01 18:00:00,8.059624
2024-09-01 19:00:00,8.411413
2024-09-01 20:00:00,8.792022
2024-09-01 21:00:00,8.974728
2024-09-01 22:00:00,8.933209
2024-09-01 23:00:00,8.951487
2024-09-02 00:00:00,8.949022
2024-09-02 01:00:00,8.865487
2024-09-02 02:00:00,8.99504
2024-09-02 03:00:00,9.084534
2024-09-02 04:00:00,9.039677
2024-09-02 05:00:00,8.979973
2024-09-02 06:00:00,8.961135
2024-09-02 07:00:00,8.612148
2024-09-02 08:00:00,9.13748
2024-09-02 09:00:00,9.283024
2024-09-02 10:00:00,8.972667
2024-09-02 11:00:00,8.425658
2024-09-02 12:00:00,7.7335725
2024-09-02 13:00:00,7.1380696
2024-09-02 14:00:00,6.86249
2024-09-02 15:00:00,6.793153
2024-09-02 16:00:00,6.8986626
2024-09-02 17:00:00,7.103024
2024-09-02 18:00:00,6.936209
2024-09-02 19:00:00,7.7768955
2024-09-02 20:00:00,8.004165
2024-09-02 21:00:00,8.453205
2024-09-02 22:00:00,8.5831785
2024-09-02 23:00:00,8.483095
2024-09-03 00:00:00,8.091633
2024-09-03 01:00:00,7.696114
2024-09-03 02:00:00,7.546665
2024-09-03 03:00:00,7.702433
2024-09-03 04:00:00,8.042745
2024-09-03 05:00:00,8.242564
2024-09-03 06:00:00,8.380982
2024-09-03 07:00:00,8.004807
2024-09-03 08:00:00,7.95951
2024-09-03 09:00:00,7.5218654
2024-09-03 10:00:00,6.5379906
2024-09-03 11:00:00,5.374321
2024-09-03 12:00:00,4.5195746
2024-09-03 13:00:00,4.41162
2024-09-03 14:00:00,4.584394
2024-09-03 15:00:00,4.7074842
2024-09-03 16:00:00,4.911225
2024-09-03 17:00:00,5.2717533
2024-09-03 18:00:00,5.6607933
2024-09-03 19:00:00,6.8602695
2024-09-03 20:00:00,7.6993375
2024-09-03 21:00:00,8.848799
2024-09-03 22:00:00,8.808732
2024-09-03 23:00:00,8.170265
2024-09-04 00:00:00,7.8995094
2024-09-04 01:00:00,7.891653
2024-09-04 02:00:00,8.113151
2024-09-04 03:00:00,8.628732
2024-09-04 04:00:00,9.132709
2024-09-04 05:00:00,9.23159
2024-09-04 06:00:00,9.222002
2024-09-04 07:00:00,8.9432
2024-09-04 08:00:00,8.986757
2024-09-04 09:00:00,8.946277
2024-09-04 10:00:00,8.057217
2024-09-04 11:00:00,7.17331
2024-09-04 12:00:00,6.58448
2024-09-04 13:00:00,6.361565
2024-09-04 14:00:00,6.435389
2024-09-04 15:00:00,6.695537
2024-09-04 16:00:00,7.018718
2024-09-04 17:00:00,7.5151434
2024-09-04 18:00:00,7.275014
2024-09-04 19:00:00,7.817238
2024-09-04 20:00:00,8.364992
2024-09-04 21:00:00,8.752998
2024-09-04 22:00:00,8.883944
2024-09-04 23:00:00,9.017043
2024-09-05 00:00:00,9.046776
2024-09-05 01:00:00,9.041353
2024-09-05 02:00:00,9.109818
2024-09-05 03:00:00,9.152387
2024-09-05 04:00:00,9.235577
2024-09-05 05:00:00,9.327539
2024-09-05 06:00:00,9.303617
2024-09-05 07:00:00,9.332047
2024-09-05 08:00:00,9.44763
2024-09-05 09:00:00,9.165608
2024-09-05 10:00:00,8.536223
2024-09-05 11:00:00,7.662722
2024-09-05 12:00:00,6.664522
2024-09-05 13:00:00,5.689077
2024-09-05 14:00:00,5.3273277
2024-09-05 15:00:00,5.3138733
2024-09-05 16:00:00,5.532483
2024-09-05 17:00:00,5.847358
2024-09-05 18:00:00,5.900806
2024-09-05 19:00:00,6.1704426
2024-09-05 20:00:00,7.0096936
2024-09-05 21:00:00,8.179656
2024-09-05 22:00:00,8.873713
2024-09-05 23:00:00,8.972968
2024-09-06 00:00:00,9.113011
2024-09-06 01:00:00,9.445403
2024-09-06 02:00:00,9.675276
2024-09-06 03:00:00,9.573202
2024-09-06 04:00:00,9.3501625
2024-09-06 05:00:00,9.177992
2024-09-06 06:00:00,9.098039
2024-09-06 07:00:00,8.841462
2024-09-06 08:00:00,8.732036
2024-09-06 09:00:00,8.511605
2024-09-06 10:00:00,7.69597
2024-09-06 11:00:00,6.2837024
2024-09-06 12:00:00,4.8048925
2024-09-06 13:00:00,4.1905303
2024-09-06 14:00:00,4.4165726
2024-09-06 15:00:00,4.954293
2024-09-06 16:00:00,5.483791
2024-09-06 17:00:00,6.113504
2024-09-06 18:00:00,6.3486958
2024-09-06 19:00:00,7.021879
2024-09-06 20:00:00,6.9100227
2024-09-06 21:00:00,6.833132
2024-09-06 22:00:00,6.9966106
2024-09-06 23:00:00,7.561404
2024-09-07 00:00:00,8.510029
2024-09-07 01:00:00,9.623306
2024-09-07 02:00:00,10.264107
2024-09-07 03:00:00,10.3179455
2024-09-07 04:00:00,10.237526
2024-09-07 05:00:00,10.163778
2024-09-07 06:00:00,10.118642
2024-09-07 07:00:00,10.27848
2024-09-07 08:00:00,10.35998
2024-09-07 09:00:00,10.342349
2024-09-07 10:00:00,10.077563
2024-09-07 11:00:00,9.506908
2024-09-07 12:00:00,8.8123
2024-09-07 13:00:00,8.2701845
2024-09-07 14:00:00,8.135523
2024-09-07 15:00:00,8.005154
2024-09-07 16:00:00,8.131548
2024-09-07 17:00:00,8.242454
2024-09-07 18:00:00,7.917603
2024-09-07 19:00:00,9.666519
2024-09-07 20:00:00,10.512224
2024-09-07 21:00:00,10.224763
2024-09-07 22:00:00,9.90626
2024-09-07 23:00:00,10.063199
2024-09-08 00:00:00,10.203971
2024-09-08 01:00:00,10.262619
2024-09-08 02:00:00,10.151438
2024-09-08 03:00:00,10.01091
2024-09-08 04:00:00,9.794783
2024-09-08 05:00:00,9.699722
2024-09-08 06:00:00,9.44262
2024-09-08 07:00:00,10.330242
2024-09-08 08:00:00,10.6965475
2024-09-08 09:00:00,10.412015
2024-09-08 10:00:00,9.964769
2024-09-08 11:00:00,9.718915
2024-09-08 12:00:00,9.298627
2024-09-08 13:00:00,8.923311
2024-09-08 14:00:00,8.766284
2024-09-08 15:00:00,8.703963
2024-09-08 16:00:00,8.837547
2024-09-08 17:00:00,9.144213
2024-09-08 18:00:00,8.574059
2024-09-08 19:00:00,8.953241
2024-09-08 20:00:00,8.392225
2024-09-08 21:00:00,8.666896
2024-09-08 22:00:00,9.527433
2024-09-08 23:00:00,9.930737
2024-09-09 00:00:00,10.00086
2024-09-09 01:00:00,10.391408
2024-09-09 02:00:00,10.581312
2024-09-09 03:00:00,10.127744
2024-09-09 04:00:00,9.555455
2024-09-09 05:00:00,9.28499
2024-09-09 06:00:00,9.176452
2024-09-09 07:00:00,8.943361
2024-09-09 08:00:00,9.2979965
2024-09-09 09:00:00,9.759698
2024-09-09 10:00:00,9.758335
2024-09-09 11:00:00,9.252428
2024-09-09 12:00:00,8.295019
2024-09-09 13:00:00,7.765053
2024-09-09 14:00:00,7.487388
2024-09-09 15:00:00,7.313639
2024-09-09 16:00:00,7.1746607
2024-09-09 17:00:00,7.21877
2024-09-09 18:00:00,6.525157
2024-09-09 19:00:00,6.938984
2024-09-09 20:00:00,7.0567303
2024-09-09 21:00:00,7.3897505
2024-09-09 22:00:00,7.935214
2024-09-09 23:00:00,8.437683
2024-09-10 00:00:00,8.448307
2024-09-10 01:00:00,8.651212
2024-09-10 02:00:00,9.011811
2024-09-10 03:00:00,9.22535
2024-09-10 04:00:00,9.239082
2024-09-10 05:00:00,9.350995
2024-09-10 06:00:00,9.543892
2024-09-10 07:00:00,10.328768
2024-09-10 08:00:00,10.544828
2024-09-10 09:00:00,10.153243
2024-09-10 10:00:00,9.529638
2024-09-10 11:00:00,8.592256
2024-09-10 12:00:00,7.5017395
2024-09-10 13:00:00,6.5058503
2024-09-10 14:00:00,6.017983
2024-09-10 15:00:00,5.959201
2024-09-10 16:00:00,6.195738
2024-09-10 17:00:00,6.589844
2024-09-10 18:00:00,6.4620805
2024-09-10 19:00:00,7.8118577
2024-09-10 20:00:00,7.9625363
2024-09-10 21:00:00,8.393064
2024-09-10 22:00:00,8.51947
2024-09-10 23:00:00,8.942548
2024-09-11 00:00:00,9.543872
2024-09-11 01:00:00,10.144973
2024-09-11 02:00:00,10.388286
2024-09-11 03:00:00,10.31218
2024-09-11 04:00:00,10.130399
2024-09-11 05:00:00,10.019148
2024-09-11 06:00:00,9.924364
2024-09-11 07:00:00,9.619054
2024-09-11 08:00:00,10.475413
2024-09-11 09:00:00,10.665585
2024-09-11 10:00:00,10.352743
2024-09-11 11:00:00,9.717067
2024-09-11 12:00:00,9.132168
2024-09-11 13:00:00,8.593166
2024-09-11 14:00:00,8.300346
2024-09-11 15:00:00,8.373182
2024-09-11 16:00:00,8.645966
2024-09-11 17:00:00,8.988065
2024-09-11 18:00:00,8.650958
2024-09-11 19:00:00,9.76192
2024-09-11 20:00:00,10.654993
2024-09-11 21:00:00,10.723329
2024-09-11 22:00:00,10.214677
2024-09-11 23:00:00,9.896289
2024-09-12 00:00:00,9.858499
2024-09-12 01:00:00,10.00681
2024-09-12 02:00:00,10.185329
2024-09-12 03:00:00,10.061916
2024-09-12 04:00:00,9.846695
2024-09-12 05:00:00,9.513424
2024-09-12 06:00:00,9.279448
2024-09-12 07:00:00,8.791972
2024-09-12 08:00:00,9.2490835
2024-09-12 09:00:00,9.834279
2024-09-12 10:00:00,10.1284895
2024-09-12 11:00:00,9.943665
2024-09-12 12:00:00,9.597181
2024-09-12 13:00:00,9.184807
2024-09-12 14:00:00,9.014029
2024-09-12 15:00:00,9.013927
2024-09-12 16:00:00,9.185868
2024-09-12 17:00:00,9.339996
2024-09-12 18:00:00,8.80649
2024-09-12 19:00:00,8.830034
2024-09-12 20:00:00,9.510552
2024-09-12 21:00:00,9.679783
2024-09-12 22:00:00,9.682726
2024-09-12 23:00:00,9.783984
2024-09-13 00:00:00,9.892969
2024-09-13 01:00:00,9.823878
2024-09-13 02:00:00,9.785163
2024-09-13 03:00:00,9.815234
2024-09-13 04:00:00,9.697683
2024-09-13 05:00:00,9.541381
2024-09-13 06:00:00,9.523875
2024-09-13 07:00:00,10.93915
2024-09-13 08:00:00,11.09664
2024-09-13 09:00:00,10.798547
2024-09-13 10:00:00,10.018335
2024-09-13 11:00:00,9.035621
2024-09-13 12:00:00,8.3912115
2024-09-13 13:00:00,8.140365
2024-09-13 14:00:00,8.145475
2024-09-13 15:00:00,8.17992
2024-09-13 16:00:00,8.414346
2024-09-13 17:00:00,8.465822
2024-09-13 18:00:00,7.46871
2024-09-13 19:00:00,6.854374
2024-09-13 20:00:00,7.121383
2024-09-13 21:00:00,7.549492
2024-09-13 22:00:00,7.994963
2024-09-13 23:00:00,8.537474
2024-09-14 00:00:00,8.785753
2024-09-14 01:00:00,9.012634
2024-09-14 02:00:00,8.938798
2024-09-14 03:00:00,8.809966
2024-09-14 04:00:00,8.722241
2024-09-14 05:00:00,8.707057
2024-09-14 06:00:00,8.670105
2024-09-14 07:00:00,9.246756
2024-09-14 08:00:00,9.097021
2024-09-14 09:00:00,9.0393715
2024-09-14 10:00:00,8.602707
2024-09-14 11:00:00,7.557312
2024-09-14 12:00:00,6.049379
2024-09-14 13:00:00,5.4294524
2024-09-14 14:00:00,5.34157
2024-09-14 15:00:00,5.4455442
2024-09-14 16:00:00,5.664402
2024-09-14 17:00:00,5.9863834
2024-09-14 18:00:00,5.7727184
2024-09-14 19:00:00,6.196317
2024-09-14 20:00:00,6.236118
2024-09-14 21:00:00,6.4975624
2024-09-14 22:00:00,7.090682
2024-09-14 23:00:00,7.7403736
2024-09-15 00:00:00,8.417547
2024-09-15 01:00:00,9.22242
2024-09-15 02:00:00,9.648219
2024-09-15 03:00:00,9.469355
2024-09-15 04:00:00,9.278607
2024-09-15 05:00:00,9.370882
2024-09-15 06:00:00,9.502943
2024-09-15 07:00:00,9.481652
2024-09-15 08:00:00,9.219369
2024-09-15 09:00:00,8.769879
2024-09-15 10:00:00,8.226913
2024-09-15 11:00:00,7.555929
2024-09-15 12:00:00,6.692255
2024-09-15 13:00:00,5.8416038
2024-09-15 14:00:00,5.3773293
2024-09-15 15:00:00,5.2548842
2024-09-15 16:00:00,5.3790627
2024-09-15 17:00:00,5.7461257
2024-09-15 18:00:00,6.0479865
2024-09-15 19:00:00,6.5278716
2024-09-15 20:00:00,6.785036
2024-09-15 21:00:00,7.2678638
2024-09-15 22:00:00,8.111516
2024-09-15 23:00:00,8.871009
2024-09-16 00:00:00,9.320358
2024-09-16 01:00:00,9.625289
2024-09-16 02:00:00,9.852901
2024-09-16 03:00:00,9.751939
2024-09-16 04:00:00,9.604349
2024-09-16 05:00:00,9.623697
2024-09-16 06:00:00,9.591495
2024-09-16 07:00:00,8.956096
2024-09-16 08:00:00,9.08951
2024-09-16 09:00:00,9.007874
2024-09-16 10:00:00,8.565869
2024-09-16 11:00:00,7.6727357
2024-09-16 12:00:00,6.7726336
2024-09-16 13:00:00,5.9257154
2024-09-16 14:00:00,5.412657
2024-09-16 15:00:00,5.185015
2024-09-16 16:00:00,5.186745
2024-09-16 17:00:00,5.3302217
2024-09-16 18:00:00,5.6426797
2024-09-16 19:00:00,6.5557904
2024-09-16 20:00:00,7.4763746
2024-09-16 21:00:00,8.415552
2024-09-16 22:00:00,8.825766
2024-09-16 23:00:00,8.828077
2024-09-17 00:00:00,8.888827
2024-09-17 01:00:00,9.289331
2024-09-17 02:00:00,9.7805605
2024-09-17 03:00:00,10.076421
2024-09-17 04:00:00,10.031853
2024-09-17 05:00:00,9.965176
2024-09-17 06:00:00,9.788958
2024-09-17 07:00:00,9.233074
2024-09-17 08:00:00,9.203732
2024-09-17 09:00:00,9.035678
2024-09-17 10:00:00,8.259056
2024-09-17 11:00:00,7.207791
2024-09-17 12:00:00,6.3098545
2024-09-17 13:00:00,5.542026
2024-09-17 14:00:00,5.129202
2024-09-17 15:00:00,5.062027
2024-09-17 16:00:00,5.340192
2024-09-17 17:00:00,5.91795
2024-09-17 18:00:00,6.628364
2024-09-17 19:00:00,7.6826525
2024-09-17 20:00:00,8.703975
2024-09-17 21:00:00,9.372249
2024-09-17 22:00:00,9.494608
2024-09-17 23:00:00,9.842556
2024-09-18 00:00:00,10.51158
2024-09-18 01:00:00,10.857841
2024-09-18 02:00:00,10.964846
2024-09-18 03:00:00,10.9753065
2024-09-18 04:00:00,10.877707
2024-09-18 05:00:00,10.729077
2024-09-18 06:00:00,10.523122
2024-09-18 07:00:00,10.654879
2024-09-18 08:00:00,10.71631
2024-09-18 09:00:00,10.430198
2024-09-18 10:00:00,9.767461
2024-09-18 11:00:00,8.900372
2024-09-18 12:00:00,7.908546
2024-09-18 13:00:00,7.083648
2024-09-18 14:00:00,6.5460086
2024-09-18 15:00:00,6.4533134
2024-09-18 16:00:00,6.6055446
2024-09-18 17:00:00,7.004053
2024-09-18 18:00:00,6.8812475
2024-09-18 19:00:00,6.720684
2024-09-18 20:00:00,7.368771
2024-09-18 21:00:00,8.126819
2024-09-18 22:00:00,9.119779
2024-09-18 23:00:00,9.981609
2024-09-19 00:00:00,10.455361
2024-09-19 01:00:00,10.67822
2024-09-19 02:00:00,10.812694
2024-09-19 03:00:00,10.700121
2024-09-19 04:00:00,10.525709
2024-09-19 05:00:00,10.2930765
2024-09-19 06:00:00,9.855287
2024-09-19 07:00:00,10.851533
2024-09-19 08:00:00,10.96386
2024-09-19 09:00:00,10.4047165
2024-09-19 10:00:00,9.055618
2024-09-19 11:00:00,8.038499
2024-09-19 12:00:00,7.1243544
2024-09-19 13:00:00,6.367486
2024-09-19 14:00:00,5.8789454
2024-09-19 15:00:00,5.641077
2024-09-19 16:00:00,5.7061825
2024-09-19 17:00:00,6.098211
2024-09-19 18:00:00,6.260843
2024-09-19 19:00:00,6.1178
2024-09-19 20:00:00,6.7390423
2024-09-19 21:00:00,7.6190863
2024-09-19 22:00:00,8.611637
2024-09-19 23:00:00,9.056507
2024-09-20 00:00:00,9.139137
2024-09-20 01:00:00,9.300333
2024-09-20 02:00:00,9.712796
2024-09-20 03:00:00,10.0333805
2024-09-20 04:00:00,9.974606
2024-09-20 05:00:00,9.591787
2024-09-20 06:00:00,9.305327
2024-09-20 07:00:00,9.239082
2024-09-20 08:00:00,9.354955
2024-09-20 09:00:00,9.1102295
2024-09-20 10:00:00,8.478398
2024-09-20 11:00:00,7.645114
2024-09-20 12:00:00,6.750642
2024-09-20 13:00:00,5.848443
2024-09-20 14:00:00,5.3677893
2024-09-20 15:00:00,5.202798
2024-09-20 16:00:00,5.2703376
2024-09-20 17:00:00,5.6194096
2024-09-20 18:00:00,5.8569427
2024-09-20 19:00:00,6.5396276
2024-09-20 20:00:00,7.0979652
2024-09-20 21:00:00,7.915028
2024-09-20 22:00:00,8.643604
2024-09-20 23:00:00,8.874688
2024-09-21 00:00:00,9.235799
2024-09-21 01:00:00,10.000431
2024-09-21 02:00:00,10.336731
2024-09-21 03:00:00,10.242955
2024-09-21 04:00:00,10.084087
2024-09-21 05:00:00,9.968557
2024-09-21 06:00:00,9.828587
2024-09-21 07:00:00,9.896825
2024-09-21 08:00:00,10.022241
2024-09-21 09:00:00,9.928268
2024-09-21 10:00:00,9.330101
2024-09-21 11:00:00,8.304291
2024-09-21 12:00:00,7.2092366
2024-09-21 13:00:00,6.20953
2024-09-21 14:00:00,5.4921136
2024-09-21 15:00:00,5.262654
2024-09-21 16:00:00,5.4040694
2024-09-21 17:00:00,5.70807
2024-09-21 18:00:00,6.051944
2024-09-21 19:00:00,6.455698
2024-09-21 20:00:00,7.1976485
2024-09-21 21:00:00,8.039955
2024-09-21 22:00:00,8.633036
2024-09-21 23:00:00,8.592992
2024-09-22 00:00:00,8.460747
2024-09-22 01:00:00,8.768448
2024-09-22 02:00:00,9.717823
2024-09-22 03:00:00,10.422659
2024-09-22 04:00:00,10.645218
2024-09-22 05:00:00,10.707307
2024-09-22 06:00:00,10.468822
2024-09-22 07:00:00,10.464973
2024-09-22 08:00:00,10.46409
2024-09-22 09:00:00,10.117585
2024-09-22 10:00:00,9.464764
2024-09-22 11:00:00,8.544857
2024-09-22 12:00:00,7.613914
2024-09-22 13:00:00,6.8252244
2024-09-22 14:00:00,6.277484
2024-09-22 15:00:00,5.9351196
2024-09-22 16:00:00,5.8763885
2024-09-22 17:00:00,6.190227
2024-09-22 18:00:00,6.2213707
2024-09-22 19:00:00,6.728663
2024-09-22 20:00:00,7.226251
2024-09-22 21:00:00,7.9341826
2024-09-22 22:00:00,8.792325
2024-09-22 23:00:00,9.21202
2024-09-23 00:00:00,9.255186
2024-09-23 01:00:00,9.352983
2024-09-23 02:00:00,9.916441
2024-09-23 03:00:00,10.381866
2024-09-23 04:00:00,10.626074
2024-09-23 05:00:00,10.653509
2024-09-23 06:00:00,10.286438
2024-09-23 07:00:00,10.052327
2024-09-23 08:00:00,9.891438
2024-09-23 09:00:00,9.622339
2024-09-23 10:00:00,8.905509
2024-09-23 11:00:00,8.0517
2024-09-23 12:00:00,7.0725923
2024-09-23 13:00:00,6.307271
2024-09-23 14:00:00,5.7810726
2024-09-23 15:00:00,5.530495
2024-09-23 16:00:00,5.5777655
2024-09-23 17:00:00,6.005558
2024-09-23 18:00:00,6.135046
2024-09-23 19:00:00,6.487499
2024-09-23 20:00:00,6.785456
2024-09-23 21:00:00,7.1808476
2024-09-23 22:00:00,7.600626
2024-09-23 23:00:00,7.838325
2024-09-24 00:00:00,8.316691
2024-09-24 01:00:00,9.169475
2024-09-24 02:00:00,9.821119
2024-09-24 03:00:00,9.991821
2024-09-24 04:00:00,10.039536
2024-09-24 05:00:00,10.0799885
2024-09-24 06:00:00,9.517568
2024-09-24 07:00:00,9.317471
2024-09-24 08:00:00,9.712581
2024-09-24 09:00:00,9.206149
2024-09-24 10:00:00,8.276398
2024-09-24 11:00:00,7.1622987
2024-09-24 12:00:00,5.767956
2024-09-24 13:00:00,4.838105
2024-09-24 14:00:00,4.5137777
2024-09-24 15:00:00,4.404594
2024-09-24 16:00:00,4.4799647
2024-09-24 17:00:00,4.884471
2024-09-24 18:00:00,5.4658675
2024-09-24 19:00:00,6.2038126
2024-09-24 20:00:00,6.6590123
2024-09-24 21:00:00,7.4414396
2024-09-24 22:00:00,8.288514
2024-09-24 23:00:00,9.199552
2024-09-25 00:00:00,10.27574
2024-09-25 01:00:00,10.572869
2024-09-25 02:00:00,10.518867
2024-09-25 03:00:00,10.584668
2024-09-25 04:00:00,10.272478
2024-09-25 05:00:00,10.102391
2024-09-25 06:00:00,9.903692
2024-09-25 07:00:00,10.123445
2024-09-25 08:00:00,10.183247
2024-09-25 09:00:00,9.678143
2024-09-25 10:00:00,8.941497
2024-09-25 11:00:00,7.9827013
2024-09-25 12:00:00,6.98153
2024-09-25 13:00:00,6.1897125
2024-09-25 14:00:00,5.9532523
2024-09-25 15:00:00,5.9402275
2024-09-25 16:00:00,5.898425
2024-09-25 17:00:00,6.0722237
2024-09-25 18:00:00,5.9282985
2024-09-25 19:00:00,6.280689
2024-09-25 20:00:00,6.7377214
2024-09-25 21:00:00,7.66503
2024-09-25 22:00:00,8.514748
2024-09-25 23:00:00,8.982441
2024-09-26 00:00:00,9.363052
2024-09-26 01:00:00,9.679823
2024-09-26 02:00:00,10.016401
2024-09-26 03:00:00,10.0947485
2024-09-26 04:00:00,9.966322
2024-09-26 05:00:00,9.884835
2024-09-26 06:00:00,9.491555
2024-09-26 07:00:00,9.666388
2024-09-26 08:00:00,9.790879
2024-09-26 09:00:00,9.586391
2024-09-26 10:00:00,9.018957
2024-09-26 11:00:00,8.440741
2024-09-26 12:00:00,7.7552257
2024-09-26 13:00:00,7.1079435
2024-09-26 14:00:00,6.420787
2024-09-26 15:00:00,5.6692533
2024-09-26 16:00:00,5.2940917
2024-09-26 17:00:00,5.3866987
2024-09-26 18:00:00,5.747059
2024-09-26 19:00:00,6.4004407
2024-09-26 20:00:00,7.5883293
2024-09-26 21:00:00,8.086774
2024-09-26 22:00:00,8.004706
2024-09-26 23:00:00,8.3032875
2024-09-27 00:00:00,9.472736
2024-09-27 01:00:00,10.772601
2024-09-27 02:00:00,10.657461
2024-09-27 03:00:00,10.014255
2024-09-27 04:00:00,9.5922575
2024-09-27 05:00:00,9.289102
2024-09-27 06:00:00,8.8769245
2024-09-27 07:00:00,8.951895
2024-09-27 08:00:00,8.890587
2024-09-27 09:00:00,8.661837
2024-09-27 10:00:00,7.9506216
2024-09-27 11:00:00,6.99308
2024-09-27 12:00:00,5.797519
2024-09-27 13:00:00,4.779239
2024-09-27 14:00:00,4.262865
2024-09-27 15:00:00,4.039929
2024-09-27 16:00:00,3.8839786
2024-09-27 17:00:00,3.9415543
2024-09-27 18:00:00,4.515201
2024-09-27 19:00:00,5.398944
2024-09-27 20:00:00,5.8163195
2024-09-27 21:00:00,6.5463915
2024-09-27 22:00:00,7.4863477
2024-09-27 23:00:00,8.195373
2024-09-28 00:00:00,8.566835
2024-09-28 01:00:00,9.371141
2024-09-28 02:00:00,9.679706
2024-09-28 03:00:00,9.200795
2024-09-28 04:00:00,8.88989
2024-09-28 05:00:00,9.080319
2024-09-28 06:00:00,8.831296
2024-09-28 07:00:00,8.68934
2024-09-28 08:00:00,8.202273
2024-09-28 09:00:00,7.451086
2024-09-28 10:00:00,6.4873085
2024-09-28 11:00:00,5.251842
2024-09-28 12:00:00,3.8512034
2024-09-28 13:00:00,3.1115088
2024-09-28 14:00:00,3.0629532
2024-09-28 15:00:00,3.4164407
2024-09-28 16:00:00,3.8004086
2024-09-28 17:00:00,4.1413326
2024-09-28 18:00:00,4.74764
2024-09-28 19:00:00,5.71252
2024-09-28 20:00:00,6.227392
2024-09-28 21:00:00,7.561049
2024-09-28 22:00:00,9.014162
2024-09-28 23:00:00,9.577536
2024-09-29 00:00:00,9.803052
2024-09-29 01:00:00,10.389953
2024-09-29 02:00:00,10.547223
2024-09-29 03:00:00,10.570872
2024-09-29 04:00:00,10.8567705
2024-09-29 05:00:00,11.030171
2024-09-29 06:00:00,10.632854
2024-09-29 07:00:00,10.128509
2024-09-29 08:00:00,10.944457
2024-09-29 09:00:00,10.327804
2024-09-29 10:00:00,9.339368
2024-09-29 11:00:00,8.364824
2024-09-29 12:00:00,7.5085225
2024-09-29 13:00:00,7.0776176
2024-09-29 14:00:00,6.832066
2024-09-29 15:00:00,6.852134
2024-09-29 16:00:00,7.182036
2024-09-29 17:00:00,7.678562
2024-09-29 18:00:00,7.677357
2024-09-29 19:00:00,8.066295
2024-09-29 20:00:00,8.743138
2024-09-29 21:00:00,9.473293
2024-09-29 22:00:00,9.83739
2024-09-29 23:00:00,10.686441
2024-09-30 00:00:00,11.389699
2024-09-30 01:00:00,11.566216
2024-09-30 02:00:00,11.290405
2024-09-30 03:00:00,11.074666
2024-09-30 04:00:00,10.853138
2024-09-30 05:00:00,10.504259
2024-09-30 06:00:00,10.579025
2024-09-30 07:00:00,12.061712
2024-09-30 08:00:00,12.223811
2024-09-30 09:00:00,11.47108
2024-09-30 10:00:00,10.442045
2024-09-30 11:00:00,9.4483
2024-09-30 12:00:00,8.543598
2024-09-30 13:00:00,7.9070864
2024-09-30 14:00:00,7.604758
2024-09-30 15:00:00,7.4279814
2024-09-30 16:00:00,7.410648
2024-09-30 17:00:00,7.4029784
2024-09-30 18:00:00,7.260356
2024-09-30 19:00:00,7.8819485
2024-09-30 20:00:00,8.60549
2024-09-30 21:00:00,8.932884
2024-09-30 22:00:00,8.966631
2024-09-30 23:00:00,9.717515
2024-10-01 00:00:00,10.685539
2024-10-01 01:00:00,11.047152
2024-10-01 02:00:00,10.843119
2024-10-01 03:00:00,10.565384
2024-10-01 04:00:00,10.340328
2024-10-01 05:00:00,10.400473
2024-10-01 06:00:00,9.853023
2024-10-01 07:00:00,10.683197
2024-10-01 08:00:00,10.3665695
2024-10-01 09:00:00,9.96286
2024-10-01 10:00:00,9.428878
2024-10-01 11:00:00,8.748152
2024-10-01 12:00:00,8.099924
2024-10-01 13:00:00,7.5018935
2024-10-01 14:00:00,7.297048
2024-10-01 15:00:00,7.281979
2024-10-01 16:00:00,7.3589406
2024-10-01 17:00:00,7.436398
2024-10-01 18:00:00,7.3427033
2024-10-01 19:00:00,7.918002
2024-10-01 20:00:00,8.653903
2024-10-01 21:00:00,8.954062
2024-10-01 22:00:00,8.704447
2024-10-01 23:00:00,8.449603
2024-10-02 00:00:00,8.643056
2024-10-02 01:00:00,9.166042
2024-10-02 02:00:00,9.473427
2024-10-02 03:00:00,9.248984
2024-10-02 04:00:00,8.976864
2024-10-02 05:00:00,9.052754
2024-10-02 06:00:00,8.934902
2024-10-02 07:00:00,9.165596
2024-10-02 08:00:00,8.879626
2024-10-02 09:00:00,8.524628
2024-10-02 10:00:00,7.8279457
2024-10-02 11:00:00,6.8590236
2024-10-02 12:00:00,6.0070467
2024-10-02 13:00:00,5.571077
2024-10-02 14:00:00,5.299622
2024-10-02 15:00:00,5.1104527
2024-10-02 16:00:00,4.941656
2024-10-02 17:00:00,4.882353
2024-10-02 18:00:00,5.2339153
2024-10-02 19:00:00,6.087552
2024-10-02 20:00:00,6.6537623
2024-10-02 21:00:00,7.1986036
2024-10-02 22:00:00,7.7472153
2024-10-02 23:00:00,8.00805
2024-10-03 00:00:00,8.288542
2024-10-03 01:00:00,8.805687
2024-10-03 02:00:00,9.20895
2024-10-03 03:00:00,9.597865
2024-10-03 04:00:00,9.949834
2024-10-03 05:00:00,9.6721735
2024-10-03 06:00:00,8.854867
2024-10-03 07:00:00,8.561373
2024-10-03 08:00:00,8.371503
2024-10-03 09:00:00,8.027794
2024-10-03 10:00:00,7.33901
2024-10-03 11:00:00,6.2675695
2024-10-03 12:00:00,5.2965784
2024-10-03 13:00:00,4.394657
2024-10-03 14:00:00,4.061234
2024-10-03 15:00:00,3.8151674
2024-10-03 16:00:00,3.6425998
2024-10-03 17:00:00,3.653639
2024-10-03 18:00:00,4.155114
2024-10-03 19:00:00,5.105751
2024-10-03 20:00:00,5.680829
2024-10-03 21:00:00,6.4444404
2024-10-03 22:00:00,7.535369
2024-10-03 23:00:00,8.406405
2024-10-04 00:00:00,8.511683
2024-10-04 01:00:00,8.742592
2024-10-04 02:00:00,9.310715
2024-10-04 03:00:00,9.534154
2024-10-04 04:00:00,9.534975
2024-10-04 05:00:00,9.689236
2024-10-04 06:00:00,9.753632
2024-10-04 07:00:00,9.449112
2024-10-04 08:00:00,9.002743
2024-10-04 09:00:00,7.9996862
2024-10-04 10:00:00,6.419885
2024-10-04 11:00:00,5.2782664
2024-10-04 12:00:00,4.362006
2024-10-04 13:00:00,3.381575
2024-10-04 14:00:00,3.2326403
2024-10-04 15:00:00,3.395638
2024-10-04 16:00:00,3.5353508
2024-10-04 17:00:00,3.410781
2024-10-04 18:00:00,3.5543904
2024-10-04 19:00:00,4.9049096
2024-10-04 20:00:00,5.7993364
2024-10-04 21:00:00,6.93977
2024-10-04 22:00:00,8.171356
2024-10-04 23:00:00,8.911537
2024-10-05 00:00:00,8.655558
2024-10-05 01:00:00,9.063382
2024-10-05 02:00:00,9.355159
2024-10-05 03:00:00,9.143031
2024-10-05 04:00:00,9.07115
2024-10-05 05:00:00,9.051594
2024-10-05 06:00:00,8.767279
2024-10-05 07:00:00,8.693171
2024-10-05 08:00:00,8.23154
2024-10-05 09:00:00,7.8728933
2024-10-05 10:00:00,7.2582026
2024-10-05 11:00:00,6.399706
2024-10-05 12:00:00,5.4620447
2024-10-05 13:00:00,4.8731236
2024-10-05 14:00:00,4.8262086
2024-10-05 15:00:00,5.1339235
2024-10-05 16:00:00,5.42089
2024-10-05 17:00:00,5.7440767
2024-10-05 18:00:00,6.2159486
2024-10-05 19:00:00,7.3775425
2024-10-05 20:00:00,8.685826
2024-10-05 21:00:00,9.264961
2024-10-05 22:00:00,8.939452
2024-10-05 23:00:00,8.589914
2024-10-06 00:00:00,9.175253
2024-10-06 01:00:00,10.238921
2024-10-06 02:00:00,10.430824
2024-10-06 03:00:00,9.801793
2024-10-06 04:00:00,9.325278
2024-10-06 05:00:00,9.1209135
2024-10-06 06:00:00,8.695423
2024-10-06 07:00:00,8.90798
2024-10-06 08:00:00,8.869353
2024-10-06 09:00:00,8.864505
2024-10-06 10:00:00,8.8188925
2024-10-06 11:00:00,8.583194
2024-10-06 12:00:00,8.232598
2024-10-06 13:00:00,7.917345
2024-10-06 14:00:00,7.725828
2024-10-06 15:00:00,7.352395
2024-10-06 16:00:00,7.041203
2024-10-06 17:00:00,6.7901416
2024-10-06 18:00:00,6.260483
2024-10-06 19:00:00,6.1905212
2024-10-06 20:00:00,7.073643
2024-10-06 21:00:00,7.7052703
2024-10-06 22:00:00,7.943205
2024-10-06 23:00:00,7.9945607
2024-10-07 00:00:00,8.494687
2024-10-07 01:00:00,9.161275
2024-10-07 02:00:00,9.529765
2024-10-07 03:00:00,9.482227
2024-10-07 04:00:00,9.328253
2024-10-07 05:00:00,9.277081
2024-10-07 06:00:00,8.867727
2024-10-07 07:00:00,8.9770355
2024-10-07 08:00:00,8.624545
2024-10-07 09:00:00,7.895178
2024-10-07 10:00:00,6.9690704
2024-10-07 11:00:00,6.128621
2024-10-07 12:00:00,5.420233
2024-10-07 13:00:00,5.0754495
2024-10-07 14:00:00,5.224101
2024-10-07 15:00:00,5.1472945
2024-10-07 16:00:00,5.060074
2024-10-07 17:00:00,5.0471225
2024-10-07 18:00:00,5.292435
2024-10-07 19:00:00,6.301226
2024-10-07 20:00:00,7.3051114
2024-10-07 21:00:00,7.9199457
2024-10-07 22:00:00,8.018035
2024-10-07 23:00:00,7.835597
2024-10-08 00:00:00,7.8335443
2024-10-08 01:00:00,8.067436
2024-10-08 02:00:00,8.373196
2024-10-08 03:00:00,8.532281
2024-10-08 04:00:00,8.78008
2024-10-08 05:00:00,9.011556
2024-10-08 06:00:00,8.938289
2024-10-08 07:00:00,9.093992
2024-10-08 08:00:00,8.661581
2024-10-08 09:00:00,8.100991
2024-10-08 10:00:00,7.0898175
2024-10-08 11:00:00,5.8570395
2024-10-08 12:00:00,5.013521
2024-10-08 13:00:00,4.9518566
2024-10-08 14:00:00,5.0106235
2024-10-08 15:00:00,5.1957397
2024-10-08 16:00:00,5.3740687
2024-10-08 17:00:00,5.531809
2024-10-08 18:00:00,5.5103307
2024-10-08 19:00:00,5.634725
2024-10-08 20:00:00,5.9847713
2024-10-08 21:00:00,6.5115156
2024-10-08 22:00:00,6.8845057
2024-10-08 23:00:00,6.95457
2024-10-09 00:00:00,6.722633
2024-10-09 01:00:00,6.6303596
2024-10-09 02:00:00,6.55048
2024-10-09 03:00:00,6.397919
2024-10-09 04:00:00,6.3265405
2024-10-09 05:00:00,6.2029176
2024-10-09 06:00:00,6.1597524
2024-10-09 07:00:00,4.9875827
2024-10-09 08:00:00,5.2619305
2024-10-09 09:00:00,4.7364
2024-10-09 10:00:00,3.9286149
2024-10-09 11:00:00,3.2491026
2024-10-09 12:00:00,3.0003088
2024-10-09 13:00:00,3.27776
2024-10-09 14:00:00,3.7818391
2024-10-09 15:00:00,4.242801
2024-10-09 16:00:00,4.634858
2024-10-09 17:00:00,5.0313764
2024-10-09 18:00:00,5.5235395
2024-10-09 19:00:00,6.086686
2024-10-09 20:00:00,6.3998227
2024-10-09 21:00:00,6.7179794
2024-10-09 22:00:00,6.843135
2024-10-09 23:00:00,6.808081
2024-10-10 00:00:00,6.38646
2024-10-10 01:00:00,5.7551284
2024-10-10 02:00:00,5.217361
2024-10-10 03:00:00,5.319548
2024-10-10 04:00:00,5.888219
2024-10-10 05:00:00,6.022238
2024-10-10 06:00:00,5.584084
2024-10-10 07:00:00,4.32623
2024-10-10 08:00:00,4.081151
2024-10-10 09:00:00,3.0339978
2024-10-10 10:00:00,2.0048132
2024-10-10 11:00:00,1.580416
2024-10-10 12:00:00,2.1325517
2024-10-10 13:00:00,3.3898957
2024-10-10 14:00:00,4.495477
2024-10-10 15:00:00,5.3096433
2024-10-10 16:00:00,5.72066
2024-10-10 17:00:00,5.8678803
2024-10-10 18:00:00,5.633732
2024-10-10 19:00:00,6.1348805
2024-10-10 20:00:00,7.1396723
2024-10-10 21:00:00,8.76659
2024-10-10 22:00:00,9.746315
2024-10-10 23:00:00,10.042437
2024-10-11 00:00:00,10.66978
2024-10-11 01:00:00,10.666354
2024-10-11 02:00:00,10.610822
2024-10-11 03:00:00,10.641726
2024-10-11 04:00:00,10.567084
2024-10-11 05:00:00,9.733092
2024-10-11 06:00:00,9.340304
2024-10-11 07:00:00,8.648417
2024-10-11 08:00:00,8.788281
2024-10-11 09:00:00,8.027904
2024-10-11 10:00:00,7.1451483
2024-10-11 11:00:00,6.1294384
2024-10-11 12:00:00,5.380236
2024-10-11 13:00:00,4.696647
2024-10-11 14:00:00,4.4408565
2024-10-11 15:00:00,4.4348707
2024-10-11 16:00:00,4.7552676
2024-10-11 17:00:00,5.187932
2024-10-11 18:00:00,5.329924
2024-10-11 19:00:00,5.556634
2024-10-11 20:00:00,5.8933654
2024-10-11 21:00:00,6.33485
2024-10-11 22:00:00,6.706484
2024-10-11 23:00:00,6.992274
2024-10-12 00:00:00,7.4433117
2024-10-12 01:00:00,7.9393477
2024-10-12 02:00:00,8.211297
2024-10-12 03:00:00,8.631005
2024-10-12 04:00:00,8.83142
2024-10-12 05:00:00,8.489117
2024-10-12 06:00:00,8.084479
2024-10-12 07:00:00,8.047481
2024-10-12 08:00:00,7.9559817
2024-10-12 09:00:00,7.4978595
2024-10-12 10:00:00,6.759952
2024-10-12 11:00:00,6.035694
2024-10-12 12:00:00,5.4722743
2024-10-12 13:00:00,5.2952557
2024-10-12 14:00:00,5.4544115
2024-10-12 15:00:00,5.5798297
2024-10-12 16:00:00,5.818544
2024-10-12 17:00:00,6.103632
2024-10-12 18:00:00,6.212804
2024-10-12 19:00:00,6.657911
2024-10-12 20:00:00,7.3212595
2024-10-12 21:00:00,7.928737
2024-10-12 22:00:00,7.9812026
2024-10-12 23:00:00,7.702473
2024-10-13 00:00:00,7.6520777
2024-10-13 01:00:00,8.235918
2024-10-13 02:00:00,8.610375
2024-10-13 03:00:00,8.8664
2024-10-13 04:00:00,8.94343
2024-10-13 05:00:00,9.058911
2024-10-13 06:00:00,8.906897
2024-10-13 07:00:00,8.8979225
2024-10-13 08:00:00,8.70184
2024-10-13 09:00:00,8.140335
2024-10-13 10:00:00,7.3933377
2024-10-13 11:00:00,6.7150216
2024-10-13 12:00:00,6.3047733
2024-10-13 13:00:00,6.2143655
2024-10-13 14:00:00,6.4049377
2024-10-13 15:00:00,6.6674604
2024-10-13 16:00:00,6.811809
2024-10-13 17:00:00,6.87467
2024-10-13 18:00:00,6.151004
2024-10-13 19:00:00,6.486761
2024-10-13 20:00:00,6.7051964
2024-10-13 21:00:00,7.1357164
2024-10-13 22:00:00,7.3087487
2024-10-13 23:00:00,7.695027
2024-10-14 00:00:00,8.330502
2024-10-14 01:00:00,9.093227
2024-10-14 02:00:00,9.597214
2024-10-14 03:00:00,9.713709
2024-10-14 04:00:00,9.75973
2024-10-14 05:00:00,9.862687
2024-10-14 06:00:00,9.7257185
2024-10-14 07:00:00,10.094154
2024-10-14 08:00:00,10.24031
2024-10-14 09:00:00,10.050121
2024-10-14 10:00:00,9.66712
2024-10-14 11:00:00,9.216263
2024-10-14 12:00:00,8.59554
2024-10-14 13:00:00,8.298842
2024-10-14 14:00:00,8.521835
2024-10-14 15:00:00,8.571842
2024-10-14 16:00:00,8.914934
2024-10-14 17:00:00,8.782322
2024-10-14 18:00:00,8.103514
2024-10-14 19:00:00,8.395857
2024-10-14 20:00:00,9.003763
2024-10-14 21:00:00,9.209496
2024-10-14 22:00:00,9.145331
2024-10-14 23:00:00,9.149089
2024-10-15 00:00:00,9.256635
2024-10-15 01:00:00,9.335884
2024-10-15 02:00:00,9.301833
2024-10-15 03:00:00,9.174717
2024-10-15 04:00:00,8.995775
2024-10-15 05:00:00,8.643196
2024-10-15 06:00:00,7.9597836
2024-10-15 07:00:00,8.750018
2024-10-15 08:00:00,8.445355
2024-10-15 09:00:00,8.125222
2024-10-15 10:00:00,7.735405
2024-10-15 11:00:00,7.3484325
2024-10-15 12:00:00,6.857912
2024-10-15 13:00:00,6.5726013
2024-10-15 14:00:00,6.5032063
2024-10-15 15:00:00,6.7244053
2024-10-15 16:00:00,6.788459
2024-10-15 17:00:00,7.3953514
2024-10-15 18:00:00,7.699711
2024-10-15 19:00:00,8.174223
2024-10-15 20:00:00,8.526722
2024-10-15 21:00:00,8.819113
2024-10-15 22:00:00,8.982094
2024-10-15 23:00:00,8.83588
2024-10-16 00:00:00,8.810927
2024-10-16 01:00:00,8.9643755
2024-10-16 02:00:00,8.496936
2024-10-16 03:00:00,8.615663
2024-10-16 04:00:00,8.70222
2024-10-16 05:00:00,8.446073
2024-10-16 06:00:00,7.819327
2024-10-16 07:00:00,7.7908983
2024-10-16 08:00:00,7.388888
2024-10-16 09:00:00,6.826611
2024-10-16 10:00:00,5.6061425
2024-10-16 11:00:00,4.5538864
2024-10-16 12:00:00,3.6789384
2024-10-16 13:00:00,3.188975
2024-10-16 14:00:00,2.9482582
2024-10-16 15:00:00,2.701459
2024-10-16 16:00:00,2.7598073
2024-10-16 17:00:00,3.080699
2024-10-16 18:00:00,3.9439723
2024-10-16 19:00:00,4.1474605
2024-10-16 20:00:00,4.805198
2024-10-16 21:00:00,4.7315984
2024-10-16 22:00:00,4.3706007
2024-10-16 23:00:00,4.1086745
2024-10-17 00:00:00,3.8857176
2024-10-17 01:00:00,4.077371
2024-10-17 02:00:00,5.0612392
2024-10-17 03:00:00,6.007505
2024-10-17 04:00:00,6.166651
2024-10-17 05:00:00,5.8289433
2024-10-17 06:00:00,5.8220925
2024-10-17 07:00:00,6.2829256
2024-10-17 08:00:00,5.762321
2024-10-17 09:00:00,4.8177514
2024-10-17 10:00:00,3.7809548
2024-10-17 11:00:00,2.8867931
2024-10-17 12:00:00,2.1197915
2024-10-17 13:00:00,1.3883421
2024-10-17 14:00:00,0.6113365
2024-10-17 15:00:00,0.39626878
2024-10-17 16:00:00,0.55158365
2024-10-17 17:00:00,1.6367688
2024-10-17 18:00:00,2.37001
2024-10-17 19:00:00,0.26668122
2024-10-17 20:00:00,2.2102332
2024-10-17 21:00:00,4.093402
2024-10-17 22:00:00,3.4622445
2024-10-17 23:00:00,2.8648863
2024-10-18 00:00:00,2.772381
2024-10-18 01:00:00,3.366786
2024-10-18 02:00:00,3.2832255
2024-10-18 03:00:00,3.4034984
2024-10-18 04:00:00,3.5359752
2024-10-18 05:00:00,3.7809684
2024-10-18 06:00:00,3.8959148
2024-10-18 07:00:00,3.6781373
2024-10-18 08:00:00,3.156914
2024-10-18 09:00:00,2.8966043
2024-10-18 10:00:00,3.0587404
2024-10-18 11:00:00,2.7086284
2024-10-18 12:00:00,2.4133937
2024-10-18 13:00:00,2.8368137
2024-10-18 14:00:00,3.008361
2024-10-18 15:00:00,3.1014428
2024-10-18 16:00:00,2.75353
2024-10-18 17:00:00,2.3678384
2024-10-18 18:00:00,2.2333817
2024-10-18 19:00:00,2.126035
2024-10-18 20:00:00,2.171559
2024-10-18 21:00:00,3.307795
2024-10-18 22:00:00,3.5703874
2024-10-18 23:00:00,3.5708425
2024-10-19 00:00:00,3.4136775
2024-10-19 01:00:00,3.3601117
2024-10-19 02:00:00,3.0495524
2024-10-19 03:00:00,3.0269303
2024-10-19 04:00:00,3.663999
2024-10-19 05:00:00,4.4364896
2024-10-19 06:00:00,5.2307816
2024-10-19 07:00:00,4.4502068
2024-10-19 08:00:00,5.152997
2024-10-19 09:00:00,4.727663
2024-10-19 10:00:00,3.8803945
2024-10-19 11:00:00,3.1964924
2024-10-19 12:00:00,2.8373718
2024-10-19 13:00:00,2.6296935
2024-10-19 14:00:00,2.435613
2024-10-19 15:00:00,2.35455
2024-10-19 16:00:00,2.6656601
2024-10-19 17:00:00,3.2735713
2024-10-19 18:00:00,4.073295
2024-10-19 19:00:00,2.5948577
2024-10-19 20:00:00,2.5742257
2024-10-19 21:00:00,4.0084267
2024-10-19 22:00:00,5.661854
2024-10-19 23:00:00,6.595346
2024-10-20 00:00:00,6.6228085
2024-10-20 01:00:00,7.1607337
2024-10-20 02:00:00,7.617472
2024-10-20 03:00:00,7.6714344
2024-10-20 04:00:00,7.3467283
2024-10-20 05:00:00,7.1320634
2024-10-20 06:00:00,7.1961446
2024-10-20 07:00:00,7.6461205
2024-10-20 08:00:00,7.737658
2024-10-20 09:00:00,7.2978926
2024-10-20 10:00:00,5.5506268
2024-10-20 11:00:00,4.7846737
2024-10-20 12:00:00,4.5427713
2024-10-20 13:00:00,4.817669
2024-10-20 14:00:00,5.0592046
2024-10-20 15:00:00,5.073537
2024-10-20 16:00:00,5.071385
2024-10-20 17:00:00,5.18902
2024-10-20 18:00:00,4.468886
2024-10-20 19:00:00,6.323325
2024-10-20 20:00:00,5.4916553
2024-10-20 21:00:00,3.7329154
2024-10-20 22:00:00,3.0550008
2024-10-20 23:00:00,5.0563383
2024-10-21 00:00:00,6.832105
2024-10-21 01:00:00,7.730856
2024-10-21 02:00:00,8.787116
2024-10-21 03:00:00,9.561459
2024-10-21 04:00:00,9.658342
2024-10-21 05:00:00,9.666769
2024-10-21 06:00:00,9.337741
2024-10-21 07:00:00,10.599382
2024-10-21 08:00:00,10.715343
2024-10-21 09:00:00,9.755321
2024-10-21 10:00:00,8.916093
2024-10-21 11:00:00,8.205072
2024-10-21 12:00:00,7.529894
2024-10-21 13:00:00,7.2334347
2024-10-21 14:00:00,6.8595304
2024-10-21 15:00:00,6.3650374
2024-10-21 16:00:00,6.0199785
2024-10-21 17:00:00,5.491531
2024-10-21 18:00:00,4.5592504
2024-10-21 19:00:00,4.808701
2024-10-21 20:00:00,5.504251
2024-10-21 21:00:00,7.088778
2024-10-21 22:00:00,7.8135567
2024-10-21 23:00:00,8.360987
2024-10-22 00:00:00,9.800402
2024-10-22 01:00:00,10.850041
2024-10-22 02:00:00,10.984074
2024-10-22 03:00:00,11.178729
2024-10-22 04:00:00,11.080269
2024-10-22 05:00:00,10.885466
2024-10-22 06:00:00,10.201071
2024-10-22 07:00:00,9.793061
2024-10-22 08:00:00,9.671361
2024-10-22 09:00:00,9.338846
2024-10-22 10:00:00,9.076227
2024-10-22 11:00:00,8.5782385
2024-10-22 12:00:00,7.8897295
2024-10-22 13:00:00,7.3668756
2024-10-22 14:00:00,7.120167
2024-10-22 15:00:00,6.958418
2024-10-22 16:00:00,6.911029
2024-10-22 17:00:00,6.883554
2024-10-22 18:00:00,6.4184422
2024-10-22 19:00:00,6.7192073
2024-10-22 20:00:00,7.4118457
2024-10-22 21:00:00,7.955009
2024-10-22 22:00:00,8.296591
2024-10-22 23:00:00,8.995003
2024-10-23 00:00:00,9.909598
2024-10-23 01:00:00,10.231535
2024-10-23 02:00:00,10.047946
2024-10-23 03:00:00,9.976948
2024-10-23 04:00:00,9.952081
2024-10-23 05:00:00,10.016236
2024-10-23 06:00:00,9.617517
2024-10-23 07:00:00,9.569008
2024-10-23 08:00:00,9.520763
2024-10-23 09:00:00,9.156711
2024-10-23 10:00:00,8.36532
2024-10-23 11:00:00,7.381079
2024-10-23 12:00:00,6.361275
2024-10-23 13:00:00,5.5159874
2024-10-23 14:00:00,5.043605
2024-10-23 15:00:00,4.76366
2024-10-23 16:00:00,4.640024
2024-10-23 17:00:00,4.784511
2024-10-23 18:00:00,4.9229574
2024-10-23 19:00:00,6.43942
2024-10-23 20:00:00,7.4886975
2024-10-23 21:00:00,8.186845
2024-10-23 22:00:00,8.584917
2024-10-23 23:00:00,8.786263
2024-10-24 00:00:00,9.180299
2024-10-24 01:00:00,9.648139
2024-10-24 02:00:00,9.698036
2024-10-24 03:00:00,9.367005
2024-10-24 04:00:00,9.048169
2024-10-24 05:00:00,8.946011
2024-10-24 06:00:00,8.800393
2024-10-24 07:00:00,8.776561
2024-10-24 08:00:00,8.5319395
2024-10-24 09:00:00,8.021497
2024-10-24 10:00:00,7.3041863
2024-10-24 11:00:00,6.379748
2024-10-24 12:00:00,5.5657964
2024-10-24 13:00:00,4.9339414
2024-10-24 14:00:00,4.7106156
2024-10-24 15:00:00,4.7302346
2024-10-24 16:00:00,4.850252
2024-10-24 17:00:00,5.2260385
2024-10-24 18:00:00,5.730284
2024-10-24 19:00:00,6.414197
2024-10-24 20:00:00,6.6306896
2024-10-24 21:00:00,6.410568
2024-10-24 22:00:00,6.3098774
2024-10-24 23:00:00,6.5549455
2024-10-25 00:00:00,7.4350886
2024-10-25 01:00:00,8.371665
2024-10-25 02:00:00,8.77186
2024-10-25 03:00:00,8.778033
2024-10-25 04:00:00,8.964782
2024-10-25 05:00:00,9.179361
2024-10-25 06:00:00,9.090383
2024-10-25 07:00:00,8.974195
2024-10-25 08:00:00,8.446433
2024-10-25 09:00:00,7.7677236
2024-10-25 10:00:00,6.7341957
2024-10-25 11:00:00,5.755483
2024-10-25 12:00:00,4.9209366
2024-10-25 13:00:00,4.966362
2024-10-25 14:00:00,5.107943
2024-10-25 15:00:00,5.333995
2024-10-25 16:00:00,5.4853063
2024-10-25 17:00:00,5.700077
2024-10-25 18:00:00,5.1572824
2024-10-25 19:00:00,5.507499
2024-10-25 20:00:00,5.54203
2024-10-25 21:00:00,5.525167
2024-10-25 22:00:00,5.886193
2024-10-25 23:00:00,6.5548944
2024-10-26 00:00:00,7.082653
2024-10-26 01:00:00,7.5640297
2024-10-26 02:00:00,7.8926573
2024-10-26 03:00:00,8.176928
2024-10-26 04:00:00,8.686174
2024-10-26 05:00:00,9.119514
2024-10-26 06:00:00,9.019962
2024-10-26 07:00:00,9.303603
2024-10-26 08:00:00,8.9518
2024-10-26 09:00:00,8.218176
2024-10-26 10:00:00,7.309228
2024-10-26 11:00:00,6.5269327
2024-10-26 12:00:00,5.810861
2024-10-26 13:00:00,5.4333143
2024-10-26 14:00:00,5.340948
2024-10-26 15:00:00,5.457831
2024-10-26 16:00:00,5.6999183
2024-10-26 17:00:00,6.0115824
2024-10-26 18:00:00,6.0799727
2024-10-26 19:00:00,6.909429
2024-10-26 20:00:00,7.162615
2024-10-26 21:00:00,7.3523755
2024-10-26 22:00:00,7.4692416
2024-10-26 23:00:00,7.439262
2024-10-27 00:00:00,7.222606
2024-10-27 01:00:00,7.2383204
2024-10-27 02:00:00,7.985801
2024-10-27 03:00:00,8.545194
2024-10-27 04:00:00,8.6695385
2024-10-27 05:00:00,8.487302
2024-10-27 06:00:00,8.065531
2024-10-27 07:00:00,7.839882
2024-10-27 08:00:00,7.344545
2024-10-27 09:00:00,6.2275453
2024-10-27 10:00:00,5.55047
2024-10-27 11:00:00,5.3729944
2024-10-27 12:00:00,5.2453465
2024-10-27 13:00:00,5.260033
2024-10-27 14:00:00,5.344718
2024-10-27 15:00:00,5.5710793
2024-10-27 16:00:00,5.7952547
2024-10-27 17:00:00,6.1920133
2024-10-27 18:00:00,6.259524
2024-10-27 19:00:00,7.117705
2024-10-27 20:00:00,7.5021744
2024-10-27 21:00:00,7.897253
2024-10-27 22:00:00,7.962307
2024-10-27 23:00:00,7.493676
2024-10-28 00:00:00,7.6598287
2024-10-28 01:00:00,8.625055
2024-10-28 02:00:00,9.2394085
2024-10-28 03:00:00,9.646027
2024-10-28 04:00:00,10.047919
2024-10-28 05:00:00,10.114161
2024-10-28 06:00:00,9.971216
2024-10-28 07:00:00,9.750014
2024-10-28 08:00:00,9.93456
2024-10-28 09:00:00,9.623686
2024-10-28 10:00:00,9.187974
2024-10-28 11:00:00,8.813077
2024-10-28 12:00:00,8.317421
2024-10-28 13:00:00,7.738611
2024-10-28 14:00:00,7.4374666
2024-10-28 15:00:00,7.2159543
2024-10-28 16:00:00,7.1992517
2024-10-28 17:00:00,7.0024896
2024-10-28 18:00:00,6.106211
2024-10-28 19:00:00,5.6555195
2024-10-28 20:00:00,6.1455426
2024-10-28 21:00:00,6.5141516
2024-10-28 22:00:00,6.6499286
2024-10-28 23:00:00,7.186866
2024-10-29 00:00:00,8.4750185
2024-10-29 01:00:00,9.398643
2024-10-29 02:00:00,9.633191
2024-10-29 03:00:00,9.824055
2024-10-29 04:00:00,9.959838
2024-10-29 05:00:00,10.152242
2024-10-29 06:00:00,10.152061
2024-10-29 07:00:00,10.308183
2024-10-29 08:00:00,10.22125
2024-10-29 09:00:00,9.884326
2024-10-29 10:00:00,9.43992
2024-10-29 11:00:00,8.639698
2024-10-29 12:00:00,7.4479194
2024-10-29 13:00:00,6.6871533
2024-10-29 14:00:00,6.305435
2024-10-29 15:00:00,6.194116
2024-10-29 16:00:00,6.043046
2024-10-29 17:00:00,5.945061
2024-10-29 18:00:00,5.54616
2024-10-29 19:00:00,5.8844705
2024-10-29 20:00:00,6.032736
2024-10-29 21:00:00,6.187815
2024-10-29 22:00:00,6.0052805
2024-10-29 23:00:00,6.080902
2024-10-30 00:00:00,6.477174
2024-10-30 01:00:00,7.0932097
2024-10-30 02:00:00,7.9708147
2024-10-30 03:00:00,8.670811
2024-10-30 04:00:00,8.722548
2024-10-30 05:00:00,8.535077
2024-10-30 06:00:00,8.524708
2024-10-30 07:00:00,8.447518
2024-10-30 08:00:00,7.878986
2024-10-30 09:00:00,7.531629
2024-10-30 10:00:00,6.8472133
2024-10-30 11:00:00,5.612215
2024-10-30 12:00:00,4.4474087
2024-10-30 13:00:00,3.961098
2024-10-30 14:00:00,4.0823765
2024-10-30 15:00:00,4.144108
2024-10-30 16:00:00,4.1400886
2024-10-30 17:00:00,4.5906134
2024-10-30 18:00:00,5.205107
2024-10-30 19:00:00,6.121341
2024-10-30 20:00:00,6.7441173
2024-10-30 21:00:00,7.3618665
2024-10-30 22:00:00,7.8622227
2024-10-30 23:00:00,8.148929
2024-10-31 00:00:00,8.464386
2024-10-31 01:00:00,8.990218
2024-10-31 02:00:00,9.620255
2024-10-31 03:00:00,10.728993
2024-10-31 04:00:00,10.886691
2024-10-31 05:00:00,9.809079
2024-10-31 06:00:00,8.087513
2024-10-31 07:00:00,6.974011
2024-10-31 08:00:00,6.306059
2024-10-31 09:00:00,5.644438
2024-10-31 10:00:00,5.0766697
2024-10-31 11:00:00,4.8870716
2024-10-31 12:00:00,4.1018715
2024-10-31 13:00:00,3.7076888
2024-10-31 14:00:00,3.874469
2024-10-31 15:00:00,4.0854053
2024-10-31 16:00:00,4.105736
2024-10-31 17:00:00,4.22386
2024-10-31 18:00:00,4.7330866
2024-10-31 19:00:00,4.016827
2024-10-31 20:00:00,3.818302
2024-10-31 21:00:00,3.8388543
2024-10-31 22:00:00,4.287923
2024-10-31 23:00:00,5.301836
2024-11-01 00:00:00,6.427132
2024-11-01 01:00:00,7.5586014
2024-11-01 02:00:00,8.432899
2024-11-01 03:00:00,8.744392
2024-11-01 04:00:00,8.711514
2024-11-01 05:00:00,8.750349
2024-11-01 06:00:00,8.714112
2024-11-01 07:00:00,8.488687
2024-11-01 08:00:00,8.33881
2024-11-01 09:00:00,8.668444
2024-11-01 10:00:00,8.251129
2024-11-01 11:00:00,7.4288235
2024-11-01 12:00:00,6.6406455
2024-11-01 13:00:00,6.007256
2024-11-01 14:00:00,5.556938
2024-11-01 15:00:00,5.4452453
2024-11-01 16:00:00,5.366429
2024-11-01 17:00:00,5.6076293
2024-11-01 18:00:00,5.409013
2024-11-01 19:00:00,5.3969665
2024-11-01 20:00:00,5.7511196
2024-11-01 21:00:00,5.940068
2024-11-01 22:00:00,5.965451
2024-11-01 23:00:00,6.2121654
2024-11-02 00:00:00,6.9742
2024-11-02 01:00:00,8.4292
2024-11-02 02:00:00,9.173301
2024-11-02 03:00:00,9.664122
2024-11-02 04:00:00,9.9147835
2024-11-02 05:00:00,9.93627
2024-11-02 06:00:00,9.8393345
2024-11-02 07:00:00,9.38663
2024-11-02 08:00:00,9.125903
2024-11-02 09:00:00,8.940555
2024-11-02 10:00:00,8.904707
2024-11-02 11:00:00,8.750981
2024-11-02 12:00:00,8.105754
2024-11-02 13:00:00,7.1577425
2024-11-02 14:00:00,6.661821
2024-11-02 15:00:00,6.4343367
2024-11-02 16:00:00,6.3221946
2024-11-02 17:00:00,6.411302
2024-11-02 18:00:00,6.150511
2024-11-02 19:00:00,5.822733
2024-11-02 20:00:00,6.211133
2024-11-02 21:00:00,6.6919017
2024-11-02 22:00:00,6.8292513
2024-11-02 23:00:00,7.025356
2024-11-03 00:00:00,8.048534
2024-11-03 01:00:00,9.265031
2024-11-03 02:00:00,9.655393
2024-11-03 03:00:00,9.629658
2024-11-03 04:00:00,9.703946
2024-11-03 05:00:00,9.593658
2024-11-03 06:00:00,9.326824
2024-11-03 07:00:00,9.019572
2024-11-03 08:00:00,8.684968
2024-11-03 09:00:00,8.322064
2024-11-03 10:00:00,8.010619
2024-11-03 11:00:00,7.4959245
2024-11-03 12:00:00,6.995856
2024-11-03 13:00:00,6.5457664
2024-11-03 14:00:00,6.1233697
2024-11-03 15:00:00,5.833182
2024-11-03 16:00:00,5.7718344
2024-11-03 17:00:00,5.8986735
2024-11-03 18:00:00,5.6934404
2024-11-03 19:00:00,6.660814
2024-11-03 20:00:00,6.9543643
2024-11-03 21:00:00,7.240216
2024-11-03 22:00:00,7.439808
2024-11-03 23:00:00,7.4949045
2024-11-04 00:00:00,8.271698
2024-11-04 01:00:00,10.188515
2024-11-04 02:00:00,10.531089
2024-11-04 03:00:00,10.116549
2024-11-04 04:00:00,9.984558
2024-11-04 05:00:00,9.804327
2024-11-04 06:00:00,9.478697
2024-11-04 07:00:00,9.289372
2024-11-04 08:00:00,9.152632
2024-11-04 09:00:00,8.872441
2024-11-04 10:00:00,8.544565
2024-11-04 11:00:00,8.268974
2024-11-04 12:00:00,7.570175
2024-11-04 13:00:00,6.776493
2024-11-04 14:00:00,6.301047
2024-11-04 15:00:00,6.1130953
2024-11-04 16:00:00,6.1612225
2024-11-04 17:00:00,6.1617537
2024-11-04 18:00:00,5.866628
2024-11-04 19:00:00,5.954943
2024-11-04 20:00:00,6.1491303
2024-11-04 21:00:00,6.8491483
2024-11-04 22:00:00,7.7760034
2024-11-04 23:00:00,8.75808
2024-11-05 00:00:00,10.208394
2024-11-05 01:00:00,10.921344
2024-11-05 02:00:00,10.55015
2024-11-05 03:00:00,10.239261
2024-11-05 04:00:00,10.182514
2024-11-05 05:00:00,10.037457
2024-11-05 06:00:00,9.988445
2024-11-05 07:00:00,9.741466
2024-11-05 08:00:00,9.465919
2024-11-05 09:00:00,8.929731
2024-11-05 10:00:00,8.229451
2024-11-05 11:00:00,7.2471795
2024-11-05 12:00:00,6.1321507
2024-11-05 13:00:00,5.167257
2024-11-05 14:00:00,4.520874
2024-11-05 15:00:00,4.089773
2024-11-05 16:00:00,4.143735
2024-11-05 17:00:00,4.291722
2024-11-05 18:00:00,4.526487
2024-11-05 19:00:00,4.3419485
2024-11-05 20:00:00,5.032992
2024-11-05 21:00:00,6.2089977
2024-11-05 22:00:00,7.438776
2024-11-05 23:00:00,7.903221
2024-11-06 00:00:00,8.453599
2024-11-06 01:00:00,9.830575
2024-11-06 02:00:00,10.268913
2024-11-06 03:00:00,9.638295
2024-11-06 04:00:00,9.40094
2024-11-06 05:00:00,9.566512
2024-11-06 06:00:00,9.479861
2024-11-06 07:00:00,9.551768
2024-11-06 08:00:00,9.057119
2024-11-06 09:00:00,8.300642
2024-11-06 10:00:00,7.43011
2024-11-06 11:00:00,6.6199203
2024-11-06 12:00:00,5.8885975
2024-11-06 13:00:00,5.477174
2024-11-06 14:00:00,5.253447
2024-11-06 15:00:00,5.173072
2024-11-06 16:00:00,5.0957427
2024-11-06 17:00:00,5.2781396
2024-11-06 18:00:00,5.573004
2024-11-06 19:00:00,6.307202
2024-11-06 20:00:00,7.2523727
2024-11-06 21:00:00,8.065894
2024-11-06 22:00:00,8.41937
2024-11-06 23:00:00,8.342798
2024-11-07 00:00:00,8.36095
2024-11-07 01:00:00,8.795555
2024-11-07 02:00:00,9.195563
2024-11-07 03:00:00,9.1343155
2024-11-07 04:00:00,9.259392
2024-11-07 05:00:00,9.684996
2024-11-07 06:00:00,9.883564
2024-11-07 07:00:00,9.660016
2024-11-07 08:00:00,9.153597
2024-11-07 09:00:00,8.187584
2024-11-07 10:00:00,7.252125
2024-11-07 11:00:00,6.230015
2024-11-07 12:00:00,5.0901456
2024-11-07 13:00:00,4.38373
2024-11-07 14:00:00,4.167658
2024-11-07 15:00:00,4.4457717
2024-11-07 16:00:00,4.99028
2024-11-07 17:00:00,5.4379086
2024-11-07 18:00:00,5.317028
2024-11-07 19:00:00,5.251506
2024-11-07 20:00:00,5.5316567
2024-11-07 21:00:00,6.167243
2024-11-07 22:00:00,6.5799036
2024-11-07 23:00:00,6.5081363
2024-11-08 00:00:00,6.806597
2024-11-08 01:00:00,7.9593744
2024-11-08 02:00:00,8.950003
2024-11-08 03:00:00,9.057475
2024-11-08 04:00:00,8.595187
2024-11-08 05:00:00,8.326643
2024-11-08 06:00:00,7.8437023
2024-11-08 07:00:00,7.827476
2024-11-08 08:00:00,7.406811
2024-11-08 09:00:00,6.789761
2024-11-08 10:00:00,5.8758607
2024-11-08 11:00:00,4.979307
2024-11-08 12:00:00,4.072808
2024-11-08 13:00:00,3.2608528
2024-11-08 14:00:00,2.6591458
2024-11-08 15:00:00,2.825026
2024-11-08 16:00:00,3.0898395
2024-11-08 17:00:00,3.3586907
2024-11-08 18:00:00,3.8239312
2024-11-08 19:00:00,3.7033331
2024-11-08 20:00:00,4.2266088
2024-11-08 21:00:00,4.7632847
2024-11-08 22:00:00,5.046171
2024-11-08 23:00:00,5.305819
2024-11-09 00:00:00,5.3966618
2024-11-09 01:00:00,5.7904773
2024-11-09 02:00:00,7.233334
2024-11-09 03:00:00,8.399139
2024-11-09 04:00:00,8.226281
2024-11-09 05:00:00,7.962979
2024-11-09 06:00:00,7.705268
2024-11-09 07:00:00,8.134371
2024-11-09 08:00:00,7.84134
2024-11-09 09:00:00,6.6504083
2024-11-09 10:00:00,5.477703
2024-11-09 11:00:00,4.8661327
2024-11-09 12:00:00,4.546697
2024-11-09 13:00:00,4.3160357
2024-11-09 14:00:00,4.029922
2024-11-09 15:00:00,3.9631665
2024-11-09 16:00:00,4.1720796
2024-11-09 17:00:00,4.5086265
2024-11-09 18:00:00,4.4572763
2024-11-09 19:00:00,4.432697
2024-11-09 20:00:00,4.704697
2024-11-09 21:00:00,5.2329226
2024-11-09 22:00:00,5.5737085
2024-11-09 23:00:00,5.797282
2024-11-10 00:00:00,5.911105
2024-11-10 01:00:00,5.778477
2024-11-10 02:00:00,6.9230814
2024-11-10 03:00:00,8.351395
2024-11-10 04:00:00,8.40552
2024-11-10 05:00:00,7.7705255
2024-11-10 06:00:00,7.182512
2024-11-10 07:00:00,7.7553186
2024-11-10 08:00:00,7.210304
2024-11-10 09:00:00,5.958544
2024-11-10 10:00:00,4.7103424
2024-11-10 11:00:00,3.597778
2024-11-10 12:00:00,3.0135639
2024-11-10 13:00:00,2.7129886
2024-11-10 14:00:00,2.7863066
2024-11-10 15:00:00,2.8282094
2024-11-10 16:00:00,2.7348022
2024-11-10 17:00:00,2.9758744
2024-11-10 18:00:00,3.844324
2024-11-10 19:00:00,2.26566
2024-11-10 20:00:00,1.2837236
2024-11-10 21:00:00,0.8977702
2024-11-10 22:00:00,0.95549315
2024-11-10 23:00:00,3.8894572
2024-11-11 00:00:00,4.4109335
2024-11-11 01:00:00,2.6859908
2024-11-11 02:00:00,1.889859
2024-11-11 03:00:00,1.7861375
2024-11-11 04:00:00,0.49621022
2024-11-11 05:00:00,0.8844694
2024-11-11 06:00:00,1.2528768
2024-11-11 07:00:00,2.1854405
2024-11-11 08:00:00,2.1383212
2024-11-11 09:00:00,2.0373938
2024-11-11 10:00:00,1.39166
2024-11-11 11:00:00,1.2660692
2024-11-11 12:00:00,1.0338298
2024-11-11 13:00:00,1.510391
2024-11-11 14:00:00,1.1887528
2024-11-11 15:00:00,1.7405722
2024-11-11 16:00:00,2.1101856
2024-11-11 17:00:00,2.0612435
2024-11-11 18:00:00,2.2432077
2024-11-11 19:00:00,3.4487867
2024-11-11 20:00:00,3.2713253
2024-11-11 21:00:00,1.7085254
2024-11-11 22:00:00,1.3843095
2024-11-11 23:00:00,1.7582014
2024-11-12 00:00:00,1.8505989
2024-11-12 01:00:00,2.0295663
2024-11-12 02:00:00,1.9708616
2024-11-12 03:00:00,2.2046106
2024-11-12 04:00:00,3.0615695
2024-11-12 05:00:00,3.6937177
2024-11-12 06:00:00,4.280974
2024-11-12 07:00:00,4.0535483
2024-11-12 08:00:00,3.9698558
2024-11-12 09:00:00,4.011449
2024-11-12 10:00:00,3.6273808
2024-11-12 11:00:00,4.0000844
2024-11-12 12:00:00,4.120525
2024-11-12 13:00:00,3.7315516
2024-11-12 14:00:00,3.2719975
2024-11-12 15:00:00,2.9711165
2024-11-12 16:00:00,2.7823474
2024-11-12 17:00:00,2.6058586
2024-11-12 18:00:00,3.3595119
2024-11-12 19:00:00,3.439914
2024-11-12 20:00:00,3.543833
2024-11-12 21:00:00,3.4896786
2024-11-12 22:00:00,3.474007
2024-11-12 23:00:00,3.8265958
2024-11-13 00:00:00,4.414516
2024-11-13 01:00:00,4.465542
2024-11-13 02:00:00,4.324676
2024-11-13 03:00:00,4.3274345
2024-11-13 04:00:00,4.7365584
2024-11-13 05:00:00,5.354149
2024-11-13 06:00:00,6.0908303
2024-11-13 07:00:00,5.95401
2024-11-13 08:00:00,6.437967
2024-11-13 09:00:00,6.392705
2024-11-13 10:00:00,5.94629
2024-11-13 11:00:00,5.5995846
2024-11-13 12:00:00,5.0741425
2024-11-13 13:00:00,4.9453373
2024-11-13 14:00:00,5.0961766
2024-11-13 15:00:00,4.8982596
2024-11-13 16:00:00,4.9815803
2024-11-13 17:00:00,4.58948
2024-11-13 18:00:00,5.181209
2024-11-13 19:00:00,4.9641457
2024-11-13 20:00:00,5.2603397
2024-11-13 21:00:00,4.0640182
2024-11-13 22:00:00,2.9182868
2024-11-13 23:00:00,2.5597405
2024-11-14 00:00:00,1.981058
2024-11-14 01:00:00,1.9570348
2024-11-14 02:00:00,3.2987804
2024-11-14 03:00:00,4.843299
2024-11-14 04:00:00,5.615838
2024-11-14 05:00:00,5.9706326
2024-11-14 06:00:00,5.912901
2024-11-14 07:00:00,5.632669
2024-11-14 08:00:00,6.0170407
2024-11-14 09:00:00,5.3879
2024-11-14 10:00:00,4.611916
2024-11-14 11:00:00,3.7458408
2024-11-14 12:00:00,3.7911808
2024-11-14 13:00:00,4.0792923
2024-11-14 14:00:00,4.387492
2024-11-14 15:00:00,4.7302446
2024-11-14 16:00:00,5.498027
2024-11-14 17:00:00,5.8098416
2024-11-14 18:00:00,5.296038
2024-11-14 19:00:00,4.5909343
2024-11-14 20:00:00,4.850309
2024-11-14 21:00:00,5.8122053
2024-11-14 22:00:00,6.580076
2024-11-14 23:00:00,7.207288
2024-11-15 00:00:00,8.469322
2024-11-15 01:00:00,9.670408
2024-11-15 02:00:00,10.007427
2024-11-15 03:00:00,10.060414
2024-11-15 04:00:00,9.971879
2024-11-15 05:00:00,9.782219
2024-11-15 06:00:00,9.147225
2024-11-15 07:00:00,8.89796
2024-11-15 08:00:00,8.597893
2024-11-15 09:00:00,8.108733
2024-11-15 10:00:00,7.573794
2024-11-15 11:00:00,7.144155
2024-11-15 12:00:00,6.817742
2024-11-15 13:00:00,6.616148
2024-11-15 14:00:00,6.552803
2024-11-15 15:00:00,6.7115335
2024-11-15 16:00:00,7.0212226
2024-11-15 17:00:00,7.052393
2024-11-15 18:00:00,6.5278697
2024-11-15 19:00:00,7.556582
2024-11-15 20:00:00,8.099816
2024-11-15 21:00:00,9.374264
2024-11-15 22:00:00,10.137969
2024-11-15 23:00:00,10.175878
2024-11-16 00:00:00,9.968259
2024-11-16 01:00:00,9.818173
2024-11-16 02:00:00,9.800207
2024-11-16 03:00:00,9.840048
2024-11-16 04:00:00,9.851711
2024-11-16 05:00:00,9.856772
2024-11-16 06:00:00,9.478971
2024-11-16 07:00:00,9.722869
2024-11-16 08:00:00,9.822478
2024-11-16 09:00:00,9.7870865
2024-11-16 10:00:00,9.225078
2024-11-16 11:00:00,8.558632
2024-11-16 12:00:00,7.91183
2024-11-16 13:00:00,7.502424
2024-11-16 14:00:00,7.2281594
2024-11-16 15:00:00,7.022503
2024-11-16 16:00:00,7.1129146
2024-11-16 17:00:00,7.340121
2024-11-16 18:00:00,7.2545166
2024-11-16 19:00:00,7.58296
2024-11-16 20:00:00,7.7673554
2024-11-16 21:00:00,7.681785
2024-11-16 22:00:00,7.5569253
2024-11-16 23:00:00,7.630141
2024-11-17 00:00:00,7.869142
2024-11-17 01:00:00,8.426914
2024-11-17 02:00:00,9.304311
2024-11-17 03:00:00,9.525768
2024-11-17 04:00:00,9.3528385
2024-11-17 05:00:00,9.183925
2024-11-17 06:00:00,8.710534
2024-11-17 07:00:00,8.955471
2024-11-17 08:00:00,8.823939
2024-11-17 09:00:00,8.382375
2024-11-17 10:00:00,7.9350405
2024-11-17 11:00:00,7.286118
2024-11-17 12:00:00,6.3819313
2024-11-17 13:00:00,5.498412
2024-11-17 14:00:00,5.110349
2024-11-17 15:00:00,5.2005324
2024-11-17 16:00:00,5.389708
2024-11-17 17:00:00,5.7698507
2024-11-17 18:00:00,5.9694495
2024-11-17 19:00:00,6.356878
2024-11-17 20:00:00,6.8223915
2024-11-17 21:00:00,7.6582637
2024-11-17 22:00:00,7.968382
2024-11-17 23:00:00,7.8255014
2024-11-18 00:00:00,8.135427
2024-11-18 01:00:00,9.327838
2024-11-18 02:00:00,9.95534
2024-11-18 03:00:00,9.937533
2024-11-18 04:00:00,9.977515
2024-11-18 05:00:00,9.987617
2024-11-18 06:00:00,10.067834
2024-11-18 07:00:00,10.016089
2024-11-18 08:00:00,9.8777
2024-11-18 09:00:00,9.435723
2024-11-18 10:00:00,8.639815
2024-11-18 11:00:00,7.853128
2024-11-18 12:00:00,6.970504
2024-11-18 13:00:00,6.0932984
2024-11-18 14:00:00,5.2928033
2024-11-18 15:00:00,4.9435
2024-11-18 16:00:00,4.945537
2024-11-18 17:00:00,5.1369762
2024-11-18 18:00:00,5.320907
2024-11-18 19:00:00,5.930825
2024-11-18 20:00:00,6.315485
2024-11-18 21:00:00,6.580534
2024-11-18 22:00:00,6.932091
2024-11-18 23:00:00,7.2690234
2024-11-19 00:00:00,7.8279896
2024-11-19 01:00:00,8.330365
2024-11-19 02:00:00,8.591426
2024-11-19 03:00:00,8.728325
2024-11-19 04:00:00,8.9493265
2024-11-19 05:00:00,9.008113
2024-11-19 06:00:00,8.4939785
2024-11-19 07:00:00,8.068614
2024-11-19 08:00:00,7.6266007
2024-11-19 09:00:00,7.130211
2024-11-19 10:00:00,6.412848
2024-11-19 11:00:00,5.3145843
2024-11-19 12:00:00,4.725744
2024-11-19 13:00:00,3.9649298
2024-11-19 14:00:00,3.486083
2024-11-19 15:00:00,3.3582635
2024-11-19 16:00:00,3.4363177
2024-11-19 17:00:00,3.8572223
2024-11-19 18:00:00,4.121892
2024-11-19 19:00:00,4.3151655
2024-11-19 20:00:00,4.592336
2024-11-19 21:00:00,5.329014
2024-11-19 22:00:00,5.753017
2024-11-19 23:00:00,5.882647
2024-11-20 00:00:00,5.8550987
2024-11-20 01:00:00,5.77853
2024-11-20 02:00:00,6.504115
2024-11-20 03:00:00,7.40657
2024-11-20 04:00:00,7.662186
2024-11-20 05:00:00,7.5426636
2024-11-20 06:00:00,7.2473874
2024-11-20 07:00:00,7.15168
2024-11-20 08:00:00,6.8656826
2024-11-20 09:00:00,6.472704
2024-11-20 10:00:00,5.7121325
2024-11-20 11:00:00,4.458721
2024-11-20 12:00:00,3.5387745
2024-11-20 13:00:00,3.2485707
2024-11-20 14:00:00,3.1094313
2024-11-20 15:00:00,3.297129
2024-11-20 16:00:00,3.684043
2024-11-20 17:00:00,4.2588863
2024-11-20 18:00:00,5.0701895
2024-11-20 19:00:00,4.9967666
2024-11-20 20:00:00,5.255992
2024-11-20 21:00:00,5.5369954
2024-11-20 22:00:00,5.749803
2024-11-20 23:00:00,5.97486
2024-11-21 00:00:00,5.789046
2024-11-21 01:00:00,5.298637
2024-11-21 02:00:00,4.989721
2024-11-21 03:00:00,5.2409644
2024-11-21 04:00:00,5.4423337
2024-11-21 05:00:00,5.357576
2024-11-21 06:00:00,5.680012
2024-11-21 07:00:00,6.333311
2024-11-21 08:00:00,6.055587
2024-11-21 09:00:00,5.5323987
2024-11-21 10:00:00,4.632399
2024-11-21 11:00:00,4.071834
2024-11-21 12:00:00,3.376575
2024-11-21 13:00:00,2.651832
2024-11-21 14:00:00,2.2736862
2024-11-21 15:00:00,2.4271896
2024-11-21 16:00:00,2.6886325
2024-11-21 17:00:00,3.0110981
2024-11-21 18:00:00,3.198181
2024-11-21 19:00:00,2.6927478
2024-11-21 20:00:00,3.6428502
2024-11-21 21:00:00,4.8012104
2024-11-21 22:00:00,5.3110285
2024-11-21 23:00:00,5.3120885
2024-11-22 00:00:00,4.855079
2024-11-22 01:00:00,4.1842628
2024-11-22 02:00:00,3.6133628
2024-11-22 03:00:00,3.454805
2024-11-22 04:00:00,2.7951431
2024-11-22 05:00:00,2.1101623
2024-11-22 06:00:00,2.8744917
2024-11-22 07:00:00,3.5859938
2024-11-22 08:00:00,4.5422344
2024-11-22 09:00:00,3.8785925
2024-11-22 10:00:00,3.1563785
2024-11-22 11:00:00,2.538712
2024-11-22 12:00:00,2.007706
2024-11-22 13:00:00,1.7374508
2024-11-22 14:00:00,1.8087498
2024-11-22 15:00:00,2.1119432
2024-11-22 16:00:00,2.46837
2024-11-22 17:00:00,2.6298563
2024-11-22 18:00:00,2.8277535
2024-11-22 19:00:00,1.3490226
2024-11-22 20:00:00,0.99230427
2024-11-22 21:00:00,2.330465
2024-11-22 22:00:00,3.58241
2024-11-22 23:00:00,4.224202
2024-11-23 00:00:00,4.351996
2024-11-23 01:00:00,4.6703324
2024-11-23 02:00:00,4.6263914
2024-11-23 03:00:00,4.3599796
2024-11-23 04:00:00,4.0698996
2024-11-23 05:00:00,3.1641665
2024-11-23 06:00:00,1.9717679
2024-11-23 07:00:00,2.090594
2024-11-23 08:00:00,2.382158
2024-11-23 09:00:00,2.6957583
2024-11-23 10:00:00,3.1042774
2024-11-23 11:00:00,3.2432497
2024-11-23 12:00:00,3.4291732
2024-11-23 13:00:00,3.7119477
2024-11-23 14:00:00,2.993188
2024-11-23 15:00:00,3.3988674
2024-11-23 16:00:00,3.0247965
2024-11-23 17:00:00,3.356286
2024-11-23 18:00:00,4.0474787
2024-11-23 19:00:00,4.521268
2024-11-23 20:00:00,5.9701076
2024-11-23 21:00:00,6.191971
2024-11-23 22:00:00,5.9086413
2024-11-23 23:00:00,5.3925567
2024-11-24 00:00:00,4.937185
2024-11-24 01:00:00,4.629215
2024-11-24 02:00:00,3.9513824
2024-11-24 03:00:00,3.3352914
2024-11-24 04:00:00,2.6176226
2024-11-24 05:00:00,2.12504
2024-11-24 06:00:00,1.9391661
2024-11-24 07:00:00,3.7531626
2024-11-24 08:00:00,4.160292
2024-11-24 09:00:00,3.7012887
2024-11-24 10:00:00,2.4812717
2024-11-24 11:00:00,1.4072609
2024-11-24 12:00:00,0.66781354
2024-11-24 13:00:00,0.5944519
2024-11-24 14:00:00,0.23243803
2024-11-24 15:00:00,0.6347056
2024-11-24 16:00:00,1.2384338
2024-11-24 17:00:00,2.431623
2024-11-24 18:00:00,1.6443051
2024-11-24 19:00:00,1.9219276
2024-11-24 20:00:00,3.554166
2024-11-24 21:00:00,4.752449
2024-11-24 22:00:00,6.0658736
2024-11-24 23:00:00,6.632476
2024-11-25 00:00:00,7.3872924
2024-11-25 01:00:00,7.2778883
2024-11-25 02:00:00,7.1886797
2024-11-25 03:00:00,6.902916
2024-11-25 04:00:00,7.3051686
2024-11-25 05:00:00,7.4011025
2024-11-25 06:00:00,7.286134
2024-11-25 07:00:00,7.6011286
2024-11-25 08:00:00,7.5339174
2024-11-25 09:00:00,6.556148
2024-11-25 10:00:00,7.044432
2024-11-25 11:00:00,6.0043607
2024-11-25 12:00:00,4.997787
2024-11-25 13:00:00,4.2885013
2024-11-25 14:00:00,3.6204937
2024-11-25 15:00:00,3.4340525
2024-11-25 16:00:00,4.2606673
2024-11-25 17:00:00,4.455623
2024-11-25 18:00:00,4.9056664
2024-11-25 19:00:00,4.853685
2024-11-25 20:00:00,5.579393
2024-11-25 21:00:00,6.2304263
2024-11-25 22:00:00,6.70952
2024-11-25 23:00:00,7.155494
2024-11-26 00:00:00,7.0738325
2024-11-26 01:00:00,7.302542
2024-11-26 02:00:00,7.7064486
2024-11-26 03:00:00,7.880146
2024-11-26 04:00:00,7.682615
2024-11-26 05:00:00,7.134783
2024-11-26 06:00:00,7.031609
2024-11-26 07:00:00,6.599548
2024-11-26 08:00:00,7.6509733
2024-11-26 09:00:00,8.037946
2024-11-26 10:00:00,7.753737
2024-11-26 11:00:00,7.2784753
2024-11-26 12:00:00,6.627408
2024-11-26 13:00:00,5.8143983
2024-11-26 14:00:00,5.1072636
2024-11-26 15:00:00,4.861439
2024-11-26 16:00:00,4.9289603
2024-11-26 17:00:00,4.154294
2024-11-26 18:00:00,4.2864842
2024-11-26 19:00:00,4.1459374
2024-11-26 20:00:00,4.7338305
2024-11-26 21:00:00,5.896866
2024-11-26 22:00:00,7.05313
2024-11-26 23:00:00,8.024319
2024-11-27 00:00:00,8.140403
2024-11-27 01:00:00,7.8245654
2024-11-27 02:00:00,7.9916315
2024-11-27 03:00:00,8.10214
2024-11-27 04:00:00,8.148011
2024-11-27 05:00:00,8.201308
2024-11-27 06:00:00,9.109937
2024-11-27 07:00:00,9.100063
2024-11-27 08:00:00,8.677031
2024-11-27 09:00:00,8.033368
2024-11-27 10:00:00,7.662491
2024-11-27 11:00:00,7.121116
2024-11-27 12:00:00,6.5939746
2024-11-27 13:00:00,6.1178617
2024-11-27 14:00:00,5.579211
2024-11-27 15:00:00,5.363948
2024-11-27 16:00:00,5.2283583
2024-11-27 17:00:00,4.7758713
2024-11-27 18:00:00,4.7631555
2024-11-27 19:00:00,5.196608
2024-11-27 20:00:00,5.73786
2024-11-27 21:00:00,6.083074
2024-11-27 22:00:00,6.4776764
2024-11-27 23:00:00,6.5431237
2024-11-28 00:00:00,7.1641245
2024-11-28 01:00:00,7.8550053
2024-11-28 02:00:00,8.318496
2024-11-28 03:00:00,8.842555
2024-11-28 04:00:00,9.077527
2024-11-28 05:00:00,8.997835
2024-11-28 06:00:00,8.803408
2024-11-28 07:00:00,8.625942
2024-11-28 08:00:00,8.468738
2024-11-28 09:00:00,8.238329
2024-11-28 10:00:00,8.039291
2024-11-28 11:00:00,7.6057606
2024-11-28 12:00:00,7.085083
2024-11-28 13:00:00,6.6051607
2024-11-28 14:00:00,6.1769357
2024-11-28 15:00:00,5.9611807
2024-11-28 16:00:00,5.823755
2024-11-28 17:00:00,5.368958
2024-11-28 18:00:00,5.421695
2024-11-28 19:00:00,5.5123916
2024-11-28 20:00:00,6.1579556
2024-11-28 21:00:00,6.7341137
2024-11-28 22:00:00,6.5899982
2024-11-28 23:00:00,6.6826406
2024-11-29 00:00:00,7.231369
2024-11-29 01:00:00,7.9540315
2024-11-29 02:00:00,8.841399
2024-11-29 03:00:00,9.074791
2024-11-29 04:00:00,9.062217
2024-11-29 05:00:00,8.860436
2024-11-29 06:00:00,8.55403
2024-11-29 07:00:00,8.0457115
2024-11-29 08:00:00,7.878214
2024-11-29 09:00:00,7.4142766
2024-11-29 10:00:00,6.85721
2024-11-29 11:00:00,6.3054123
2024-11-29 12:00:00,5.533721
2024-11-29 13:00:00,4.801167
2024-11-29 14:00:00,4.463193
2024-11-29 15:00:00,4.308296
2024-11-29 16:00:00,4.423726
2024-11-29 17:00:00,4.4463453
2024-11-29 18:00:00,4.8372307
2024-11-29 19:00:00,5.03114
2024-11-29 20:00:00,6.0167484
2024-11-29 21:00:00,7.301819
2024-11-29 22:00:00,7.3935614
2024-11-29 23:00:00,6.8014708
2024-11-30 00:00:00,6.4516897
2024-11-30 01:00:00,7.030847
2024-11-30 02:00:00,8.358648
2024-11-30 03:00:00,8.875342
2024-11-30 04:00:00,8.782467
2024-11-30 05:00:00,8.585934
2024-11-30 06:00:00,8.352387
2024-11-30 07:00:00,7.666283
2024-11-30 08:00:00,7.2641807
2024-11-30 09:00:00,6.626557
2024-11-30 10:00:00,5.8665047
2024-11-30 11:00:00,4.77481
2024-11-30 12:00:00,3.7149699
2024-11-30 13:00:00,3.284585
2024-11-30 14:00:00,2.9800086
2024-11-30 15:00:00,3.1035743
2024-11-30 16:00:00,3.330989
2024-11-30 17:00:00,3.491274
2024-11-30 18:00:00,3.5824947
2024-11-30 19:00:00,4.2375245
2024-11-30 20:00:00,4.7703304
2024-11-30 21:00:00,5.906564
2024-11-30 22:00:00,6.772388
2024-11-30 23:00:00,7.1378484
2024-12-01 00:00:00,7.506715
2024-12-01 01:00:00,7.4875135
2024-12-01 02:00:00,7.120285
2024-12-01 03:00:00,7.370796
2024-12-01 04:00:00,7.7259007
2024-12-01 05:00:00,7.658738
2024-12-01 06:00:00,7.4662023
2024-12-01 07:00:00,6.970405
2024-12-01 08:00:00,6.4335213
2024-12-01 09:00:00,5.3377743
2024-12-01 10:00:00,4.16336
2024-12-01 11:00:00,3.40281
2024-12-01 12:00:00,2.7663684
2024-12-01 13:00:00,2.4917684
2024-12-01 14:00:00,2.4894636
2024-12-01 15:00:00,2.5832138
2024-12-01 16:00:00,2.9401317
2024-12-01 17:00:00,3.695363
2024-12-01 18:00:00,4.837889
2024-12-01 19:00:00,4.619865
2024-12-01 20:00:00,4.1073256
2024-12-01 21:00:00,4.4734063
2024-12-01 22:00:00,5.624614
2024-12-01 23:00:00,6.000317
2024-12-02 00:00:00,5.5135527
2024-12-02 01:00:00,4.671087
2024-12-02 02:00:00,4.0228786
2024-12-02 03:00:00,3.498303
2024-12-02 04:00:00,3.7145443
2024-12-02 05:00:00,4.6161976
2024-12-02 06:00:00,5.633231
2024-12-02 07:00:00,5.312839
2024-12-02 08:00:00,6.0287247
2024-12-02 09:00:00,5.4123473
2024-12-02 10:00:00,4.067649
2024-12-02 11:00:00,3.0228238
2024-12-02 12:00:00,2.5149894
2024-12-02 13:00:00,2.183902
2024-12-02 14:00:00,2.228728
2024-12-02 15:00:00,2.2848625
2024-12-02 16:00:00,2.2548428
2024-12-02 17:00:00,1.9946475
2024-12-02 18:00:00,1.5392976
2024-12-02 19:00:00,0.5037509
2024-12-02 20:00:00,0.83315235
2024-12-02 21:00:00,1.4915785
2024-12-02 22:00:00,1.8058044
2024-12-02 23:00:00,2.1226606
2024-12-03 00:00:00,2.384285
2024-12-03 01:00:00,2.3741136
2024-12-03 02:00:00,1.7341887
2024-12-03 03:00:00,0.91441965
2024-12-03 04:00:00,2.7816155
2024-12-03 05:00:00,4.8972316
2024-12-03 06:00:00,5.753075
2024-12-03 07:00:00,5.0586567
2024-12-03 08:00:00,4.6458225
2024-12-03 09:00:00,4.397398
2024-12-03 10:00:00,3.946525
2024-12-03 11:00:00,3.689267
2024-12-03 12:00:00,3.6486177
2024-12-03 13:00:00,3.3668737
2024-12-03 14:00:00,2.7473617
2024-12-03 15:00:00,2.453099
2024-12-03 16:00:00,2.6023958
2024-12-03 17:00:00,2.8436055
2024-12-03 18:00:00,3.3012187
2024-12-03 19:00:00,2.5860913
2024-12-03 20:00:00,2.8100204
2024-12-03 21:00:00,2.8326805
2024-12-03 22:00:00,2.98271
2024-12-03 23:00:00,3.3588257
2024-12-04 00:00:00,3.461096
2024-12-04 01:00:00,3.7397845
2024-12-04 02:00:00,3.9012628
2024-12-04 03:00:00,4.3682747
2024-12-04 04:00:00,3.6764898
2024-12-04 05:00:00,3.6107426
2024-12-04 06:00:00,3.7160816
2024-12-04 07:00:00,3.1572735
2024-12-04 08:00:00,3.2087052
2024-12-04 09:00:00,3.0349672
2024-12-04 10:00:00,2.442284
2024-12-04 11:00:00,2.1468124
2024-12-04 12:00:00,2.0938919
2024-12-04 13:00:00,2.0370016
2024-12-04 14:00:00,2.1604812
2024-12-04 15:00:00,2.4252105
2024-12-04 16:00:00,2.5367734
2024-12-04 17:00:00,2.620301
2024-12-04 18:00:00,2.756039
2024-12-04 19:00:00,2.8659134
2024-12-04 20:00:00,3.3478498
2024-12-04 21:00:00,3.7179685
2024-12-04 22:00:00,3.4718523
2024-12-04 23:00:00,3.3137362
2024-12-05 00:00:00,3.4758868
2024-12-05 01:00:00,3.5753055
2024-12-05 02:00:00,4.70994
2024-12-05 03:00:00,4.464753
2024-12-05 04:00:00,3.795161
2024-12-05 05:00:00,3.6814651
2024-12-05 06:00:00,3.9148147
2024-12-05 07:00:00,3.287882
2024-12-05 08:00:00,3.3573632
2024-12-05 09:00:00,3.8532474
2024-12-05 10:00:00,4.6702256
2024-12-05 11:00:00,4.863488
2024-12-05 12:00:00,4.314874
2024-12-05 13:00:00,3.7562397
2024-12-05 14:00:00,3.4351997
2024-12-05 15:00:00,3.5886245
2024-12-05 16:00:00,4.1280174
2024-12-05 17:00:00,3.4944887
2024-12-05 18:00:00,3.5279858
2024-12-05 19:00:00,4.6344995
2024-12-05 20:00:00,4.712401
2024-12-05 21:00:00,5.227662
2024-12-05 22:00:00,5.568244
2024-12-05 23:00:00,5.824427
2024-12-06 00:00:00,5.616994
2024-12-06 01:00:00,5.3385878
2024-12-06 02:00:00,6.4219494
2024-12-06 03:00:00,8.230781
2024-12-06 04:00:00,8.699448
2024-12-06 05:00:00,8.624668
2024-12-06 06:00:00,8.294604
2024-12-06 07:00:00,8.474826
2024-12-06 08:00:00,8.353855
2024-12-06 09:00:00,8.0115
2024-12-06 10:00:00,7.6642094
2024-12-06 11:00:00,7.373862
2024-12-06 12:00:00,6.890869
2024-12-06 13:00:00,6.422441
2024-12-06 14:00:00,6.189444
2024-12-06 15:00:00,5.9785705
2024-12-06 16:00:00,5.649486
2024-12-06 17:00:00,5.387183
2024-12-06 18:00:00,5.026559
2024-12-06 19:00:00,6.79092
2024-12-06 20:00:00,7.7873025
2024-12-06 21:00:00,8.119594
2024-12-06 22:00:00,7.7535696
2024-12-06 23:00:00,7.3248363
2024-12-07 00:00:00,6.959559
2024-12-07 01:00:00,6.6308866
2024-12-07 02:00:00,7.4466023
2024-12-07 03:00:00,8.23874
2024-12-07 04:00:00,8.143705
2024-12-07 05:00:00,7.822343
2024-12-07 06:00:00,7.693522
2024-12-07 07:00:00,7.139885
2024-12-07 08:00:00,7.3336244
2024-12-07 09:00:00,7.3268538
2024-12-07 10:00:00,7.212527
2024-12-07 11:00:00,6.926574
2024-12-07 12:00:00,6.302209
2024-12-07 13:00:00,5.5714097
2024-12-07 14:00:00,5.1860847
2024-12-07 15:00:00,4.923767
2024-12-07 16:00:00,4.9364176
2024-12-07 17:00:00,4.7414227
2024-12-07 18:00:00,4.2390513
2024-12-07 19:00:00,3.9635975
2024-12-07 20:00:00,4.006114
2024-12-07 21:00:00,4.732385
2024-12-07 22:00:00,5.51732
2024-12-07 23:00:00,5.895666
2024-12-08 00:00:00,5.925395
2024-12-08 01:00:00,6.014151
2024-12-08 02:00:00,6.2058334
2024-12-08 03:00:00,6.281184
2024-12-08 04:00:00,6.4667215
2024-12-08 05:00:00,6.826267
2024-12-08 06:00:00,7.0107684
2024-12-08 07:00:00,6.945078
2024-12-08 08:00:00,6.6756954
2024-12-08 09:00:00,6.36292
2024-12-08 10:00:00,5.4636335
2024-12-08 11:00:00,4.5925217
2024-12-08 12:00:00,4.1645985
2024-12-08 13:00:00,3.9364774
2024-12-08 14:00:00,3.8314662
2024-12-08 15:00:00,3.7589102
2024-12-08 16:00:00,3.790456
2024-12-08 17:00:00,4.051386
2024-12-08 18:00:00,3.744895
2024-12-08 19:00:00,4.4099507
2024-12-08 20:00:00,4.7694554
2024-12-08 21:00:00,4.775281
2024-12-08 22:00:00,4.288453
2024-12-08 23:00:00,4.042677
2024-12-09 00:00:00,3.8260434
2024-12-09 01:00:00,3.3890867
2024-12-09 02:00:00,2.9913166
2024-12-09 03:00:00,3.800813
2024-12-09 04:00:00,6.4872746
2024-12-09 05:00:00,7.662439
2024-12-09 06:00:00,7.5449414
2024-12-09 07:00:00,7.1710663
2024-12-09 08:00:00,7.066646
2024-12-09 09:00:00,6.9420485
2024-12-09 10:00:00,6.3359694
2024-12-09 11:00:00,5.273128
2024-12-09 12:00:00,4.2512646
2024-12-09 13:00:00,3.493068
2024-12-09 14:00:00,3.2357104
2024-12-09 15:00:00,3.471659
2024-12-09 16:00:00,3.7850795
2024-12-09 17:00:00,3.9894557
2024-12-09 18:00:00,3.8955314
2024-12-09 19:00:00,4.5137095
2024-12-09 20:00:00,4.9832525
2024-12-09 21:00:00,5.5761986
2024-12-09 22:00:00,6.614474
2024-12-09 23:00:00,7.295084
2024-12-10 00:00:00,7.137738
2024-12-10 01:00:00,7.019351
2024-12-10 02:00:00,7.597411
2024-12-10 03:00:00,8.610999
2024-12-10 04:00:00,8.941424
2024-12-10 05:00:00,8.816642
2024-12-10 06:00:00,8.794725
2024-12-10 07:00:00,8.819317
2024-12-10 08:00:00,8.386602
2024-12-10 09:00:00,7.8473697
2024-12-10 10:00:00,7.2491517
2024-12-10 11:00:00,6.2268014
2024-12-10 12:00:00,5.1046176
2024-12-10 13:00:00,4.1526494
2024-12-10 14:00:00,3.6711562
2024-12-10 15:00:00,3.5394871
2024-12-10 16:00:00,3.478357
2024-12-10 17:00:00,3.6882389
2024-12-10 18:00:00,3.9900677
2024-12-10 19:00:00,4.176458
2024-12-10 20:00:00,4.431038
2024-12-10 21:00:00,5.145461
2024-12-10 22:00:00,5.8939424
2024-12-10 23:00:00,6.202578
2024-12-11 00:00:00,5.938356
2024-12-11 01:00:00,5.5070934
2024-12-11 02:00:00,5.6849985
2024-12-11 03:00:00,6.3700604
2024-12-11 04:00:00,7.370933
2024-12-11 05:00:00,7.7578897
2024-12-11 06:00:00,7.45976
2024-12-11 07:00:00,6.610907
2024-12-11 08:00:00,6.973272
2024-12-11 09:00:00,6.7734923
2024-12-11 10:00:00,6.1117587
2024-12-11 11:00:00,5.260742
2024-12-11 12:00:00,4.3514557
2024-12-11 13:00:00,3.5707915
2024-12-11 14:00:00,3.0096412
2024-12-11 15:00:00,2.6902964
2024-12-11 16:00:00,2.5093775
2024-12-11 17:00:00,2.5769575
2024-12-11 18:00:00,2.8773546
2024-12-11 19:00:00,2.7751412
2024-12-11 20:00:00,3.5375342
2024-12-11 21:00:00,4.0196404
2024-12-11 22:00:00,4.4413
2024-12-11 23:00:00,5.1953034
2024-12-12 00:00:00,5.5824423
2024-12-12 01:00:00,5.409058
2024-12-12 02:00:00,5.020073
2024-12-12 03:00:00,4.6997023
2024-12-12 04:00:00,4.759923
2024-12-12 05:00:00,6.6958485
2024-12-12 06:00:00,7.4681764
2024-12-12 07:00:00,6.256323
2024-12-12 08:00:00,6.1852155
2024-12-12 09:00:00,5.4654984
2024-12-12 10:00:00,4.503975
2024-12-12 11:00:00,3.6406083
2024-12-12 12:00:00,3.0930512
2024-12-12 13:00:00,2.9852011
2024-12-12 14:00:00,3.1399398
2024-12-12 15:00:00,3.3176212
2024-12-12 16:00:00,3.6158476
2024-12-12 17:00:00,3.5847342
2024-12-12 18:00:00,3.1714659
2024-12-12 19:00:00,3.1101737
2024-12-12 20:00:00,3.290994
2024-12-12 21:00:00,4.7504163
2024-12-12 22:00:00,6.2121334
2024-12-12 23:00:00,7.225417
2024-12-13 00:00:00,8.586188
2024-12-13 01:00:00,9.024686
2024-12-13 02:00:00,9.036841
2024-12-13 03:00:00,9.264551
2024-12-13 04:00:00,9.339165
2024-12-13 05:00:00,9.429885
2024-12-13 06:00:00,9.113267
2024-12-13 07:00:00,8.850039
2024-12-13 08:00:00,8.440879
2024-12-13 09:00:00,7.9012256
2024-12-13 10:00:00,7.254419
2024-12-13 11:00:00,7.0383096
2024-12-13 12:00:00,6.8641877
2024-12-13 13:00:00,6.600698
2024-12-13 14:00:00,6.3377028
2024-12-13 15:00:00,6.045083
2024-12-13 16:00:00,6.073333
2024-12-13 17:00:00,5.920805
2024-12-13 18:00:00,5.343073
2024-12-13 19:00:00,5.3295674
2024-12-13 20:00:00,6.2764235
2024-12-13 21:00:00,6.9558563
2024-12-13 22:00:00,7.2074084
2024-12-13 23:00:00,7.101031
2024-12-14 00:00:00,7.5646296
2024-12-14 01:00:00,8.253053
2024-12-14 02:00:00,8.577101
2024-12-14 03:00:00,8.76894
2024-12-14 04:00:00,8.699055
2024-12-14 05:00:00,8.427414
2024-12-14 06:00:00,8.310719
2024-12-14 07:00:00,8.577911
2024-12-14 08:00:00,8.50635
2024-12-14 09:00:00,8.298496
2024-12-14 10:00:00,7.7544475
2024-12-14 11:00:00,7.0900207
2024-12-14 12:00:00,6.6298256
2024-12-14 13:00:00,6.3676558
2024-12-14 14:00:00,6.4141498
2024-12-14 15:00:00,6.4066496
2024-12-14 16:00:00,5.926421
2024-12-14 17:00:00,4.832302
2024-12-14 18:00:00,3.6354654
2024-12-14 19:00:00,5.1305985
2024-12-14 20:00:00,7.6709313
2024-12-14 21:00:00,8.256887
2024-12-14 22:00:00,7.559299
2024-12-14 23:00:00,6.9725237
2024-12-15 00:00:00,6.564737
2024-12-15 01:00:00,6.4594073
2024-12-15 02:00:00,6.7891054
2024-12-15 03:00:00,7.2808695
2024-12-15 04:00:00,7.463536
2024-12-15 05:00:00,7.1310334
2024-12-15 06:00:00,6.7988615
2024-12-15 07:00:00,7.010799
2024-12-15 08:00:00,7.1540112
2024-12-15 09:00:00,6.9622574
2024-12-15 10:00:00,6.432817
2024-12-15 11:00:00,6.082329
2024-12-15 12:00:00,5.197455
2024-12-15 13:00:00,4.7851396
2024-12-15 14:00:00,4.348288
2024-12-15 15:00:00,4.110482
2024-12-15 16:00:00,4.1297007
2024-12-15 17:00:00,4.372192
2024-12-15 18:00:00,4.4509025
2024-12-15 19:00:00,4.753661
2024-12-15 20:00:00,5.372083
2024-12-15 21:00:00,4.943362
2024-12-15 22:00:00,4.4707174
2024-12-15 23:00:00,4.278314
2024-12-16 00:00:00,4.696899
2024-12-16 01:00:00,5.1913447
2024-12-16 02:00:00,5.6810164
2024-12-16 03:00:00,6.564646
2024-12-16 04:00:00,7.3030686
2024-12-16 05:00:00,7.5100317
2024-12-16 06:00:00,7.1713567
2024-12-16 07:00:00,6.666622
2024-12-16 08:00:00,6.104923
2024-12-16 09:00:00,5.309589
2024-12-16 10:00:00,4.758165
2024-12-16 11:00:00,4.4871716
2024-12-16 12:00:00,4.5557876
2024-12-16 13:00:00,4.6953893
2024-12-16 14:00:00,4.9156766
2024-12-16 15:00:00,5.1529245
2024-12-16 16:00:00,5.3516808
2024-12-16 17:00:00,5.79696
2024-12-16 18:00:00,4.931785
2024-12-16 19:00:00,4.973022
2024-12-16 20:00:00,5.45635
2024-12-16 21:00:00,5.8131423
2024-12-16 22:00:00,6.155654
2024-12-16 23:00:00,6.3710246
2024-12-17 00:00:00,6.8280725
2024-12-17 01:00:00,7.070029
2024-12-17 02:00:00,6.9741898
2024-12-17 03:00:00,7.1442637
2024-12-17 04:00:00,7.231271
2024-12-17 05:00:00,7.111044
2024-12-17 06:00:00,7.2138147
2024-12-17 07:00:00,7.3724756
2024-12-17 08:00:00,7.120772
2024-12-17 09:00:00,6.594825
2024-12-17 10:00:00,5.7731757
2024-12-17 11:00:00,5.272313
2024-12-17 12:00:00,5.0383353
2024-12-17 13:00:00,5.1194634
2024-12-17 14:00:00,5.142071
2024-12-17 15:00:00,5.2520943
2024-12-17 16:00:00,5.292818
2024-12-17 17:00:00,5.0635843
2024-12-17 18:00:00,4.353866
2024-12-17 19:00:00,4.345301
2024-12-17 20:00:00,5.7999034
2024-12-17 21:00:00,7.786917
2024-12-17 22:00:00,8.608603
2024-12-17 23:00:00,8.450446
2024-12-18 00:00:00,8.200024
2024-12-18 01:00:00,8.026744
2024-12-18 02:00:00,8.056362
2024-12-18 03:00:00,8.263539
2024-12-18 04:00:00,8.357234
2024-12-18 05:00:00,8.333669
2024-12-18 06:00:00,8.0700655
2024-12-18 07:00:00,8.505649
2024-12-18 08:00:00,8.247392
2024-12-18 09:00:00,7.4953613
2024-12-18 10:00:00,6.617549
2024-12-18 11:00:00,5.74471
2024-12-18 12:00:00,5.245653
2024-12-18 13:00:00,5.0545444
2024-12-18 14:00:00,5.206971
2024-12-18 15:00:00,5.472701
2024-12-18 16:00:00,5.7860737
2024-12-18 17:00:00,5.3118916
2024-12-18 18:00:00,4.734289
2024-12-18 19:00:00,5.1976447
2024-12-18 20:00:00,5.8572755
2024-12-18 21:00:00,6.5492296
2024-12-18 22:00:00,6.7124524
2024-12-18 23:00:00,7.130017
2024-12-19 00:00:00,7.6677036
2024-12-19 01:00:00,7.3974433
2024-12-19 02:00:00,6.9501653
2024-12-19 03:00:00,6.5332823
2024-12-19 04:00:00,6.0814652
2024-12-19 05:00:00,5.7745476
2024-12-19 06:00:00,5.942972
2024-12-19 07:00:00,6.962449
2024-12-19 08:00:00,7.292009
2024-12-19 09:00:00,7.308327
2024-12-19 10:00:00,7.12819
2024-12-19 11:00:00,6.5261254
2024-12-19 12:00:00,5.9695487
2024-12-19 13:00:00,5.725966
2024-12-19 14:00:00,5.5736866
2024-12-19 15:00:00,5.388417
2024-12-19 16:00:00,5.261711
2024-12-19 17:00:00,4.9940925
2024-12-19 18:00:00,4.6756206
2024-12-19 19:00:00,5.0888915
2024-12-19 20:00:00,6.0850735
2024-12-19 21:00:00,7.005285
2024-12-19 22:00:00,7.591459
2024-12-19 23:00:00,8.280814
2024-12-20 00:00:00,8.782174
2024-12-20 01:00:00,8.867654
2024-12-20 02:00:00,9.005632
2024-12-20 03:00:00,9.378544
2024-12-20 04:00:00,9.641357
2024-12-20 05:00:00,9.55412
2024-12-20 06:00:00,8.916376
2024-12-20 07:00:00,9.3578615
2024-12-20 08:00:00,9.21581
2024-12-20 09:00:00,8.95069
2024-12-20 10:00:00,8.010707
2024-12-20 11:00:00,7.3650265
2024-12-20 12:00:00,6.622005
2024-12-20 13:00:00,6.06071
2024-12-20 14:00:00,5.571341
2024-12-20 15:00:00,5.298777
2024-12-20 16:00:00,5.485995
2024-12-20 17:00:00,5.5808163
2024-12-20 18:00:00,5.0787845
2024-12-20 19:00:00,4.5476575
2024-12-20 20:00:00,5.023588
2024-12-20 21:00:00,5.3570714
2024-12-20 22:00:00,4.994601
2024-12-20 23:00:00,4.882325
2024-12-21 00:00:00,5.9304824
2024-12-21 01:00:00,7.128274
2024-12-21 02:00:00,7.57935
2024-12-21 03:00:00,7.961944
2024-12-21 04:00:00,8.243319
2024-12-21 05:00:00,8.213511
2024-12-21 06:00:00,8.099856
2024-12-21 07:00:00,7.597965
2024-12-21 08:00:00,7.3714595
2024-12-21 09:00:00,6.892325
2024-12-21 10:00:00,6.1600747
2024-12-21 11:00:00,5.080279
2024-12-21 12:00:00,4.709627
2024-12-21 13:00:00,4.7038684
2024-12-21 14:00:00,4.5313945
2024-12-21 15:00:00,4.5618324
2024-12-21 16:00:00,4.7243032
2024-12-21 17:00:00,4.767638
2024-12-21 18:00:00,4.3423295
2024-12-21 19:00:00,4.506312
2024-12-21 20:00:00,5.2467904
2024-12-21 21:00:00,6.1658363
2024-12-21 22:00:00,6.901268
2024-12-21 23:00:00,7.1114864
2024-12-22 00:00:00,6.8657746
2024-12-22 01:00:00,6.6538095
2024-12-22 02:00:00,7.0207863
2024-12-22 03:00:00,7.9265738
2024-12-22 04:00:00,8.546668
2024-12-22 05:00:00,8.568564
2024-12-22 06:00:00,8.344431
2024-12-22 07:00:00,7.9656816
2024-12-22 08:00:00,7.7259865
2024-12-22 09:00:00,7.2703414
2024-12-22 10:00:00,6.6528864
2024-12-22 11:00:00,5.5710344
2024-12-22 12:00:00,4.777644
2024-12-22 13:00:00,4.2794027
2024-12-22 14:00:00,4.09363
2024-12-22 15:00:00,4.1218567
2024-12-22 16:00:00,4.0781107
2024-12-22 17:00:00,3.8840775
2024-12-22 18:00:00,3.522871
2024-12-22 19:00:00,3.4813325
2024-12-22 20:00:00,4.042368
2024-12-22 21:00:00,4.786142
2024-12-22 22:00:00,5.735152
2024-12-22 23:00:00,6.460278
2024-12-23 00:00:00,6.4725466
2024-12-23 01:00:00,6.492183
2024-12-23 02:00:00,6.9398565
2024-12-23 03:00:00,7.328591
2024-12-23 04:00:00,7.4799356
2024-12-23 05:00:00,7.500006
2024-12-23 06:00:00,7.4267154
2024-12-23 07:00:00,6.8464212
2024-12-23 08:00:00,6.5708494
2024-12-23 09:00:00,6.169473
2024-12-23 10:00:00,5.5923104
2024-12-23 11:00:00,4.8089104
2024-12-23 12:00:00,3.782581
2024-12-23 13:00:00,3.3205218
2024-12-23 14:00:00,3.198322
2024-12-23 15:00:00,3.1244707
2024-12-23 16:00:00,3.165162
2024-12-23 17:00:00,3.0861232
2024-12-23 18:00:00,2.9318123
2024-12-23 19:00:00,2.7884183
2024-12-23 20:00:00,2.3481176
2024-12-23 21:00:00,2.8650804
2024-12-23 22:00:00,4.290081
2024-12-23 23:00:00,5.381803
2024-12-24 00:00:00,5.277319
2024-12-24 01:00:00,4.6230326
2024-12-24 02:00:00,4.8441973
2024-12-24 03:00:00,5.4238176
2024-12-24 04:00:00,5.4260054
2024-12-24 05:00:00,5.0294366
2024-12-24 06:00:00,5.0483546
2024-12-24 07:00:00,4.979774
2024-12-24 08:00:00,5.578467
2024-12-24 09:00:00,5.519315
2024-12-24 10:00:00,4.8939824
2024-12-24 11:00:00,4.1638403
2024-12-24 12:00:00,3.5367017
2024-12-24 13:00:00,3.4389734
2024-12-24 14:00:00,4.0074167
2024-12-24 15:00:00,4.1159387
2024-12-24 16:00:00,4.153798
2024-12-24 17:00:00,3.8621397
2024-12-24 18:00:00,3.123003
2024-12-24 19:00:00,2.2333279
2024-12-24 20:00:00,3.386094
2024-12-24 21:00:00,4.999131
2024-12-24 22:00:00,5.3196096
2024-12-24 23:00:00,4.860697
2024-12-25 00:00:00,4.6829247
2024-12-25 01:00:00,4.0806403
2024-12-25 02:00:00,2.6088202
2024-12-25 03:00:00,1.7915974
2024-12-25 04:00:00,2.2569578
2024-12-25 05:00:00,3.34268
2024-12-25 06:00:00,4.4150996
2024-12-25 07:00:00,4.809857
2024-12-25 08:00:00,5.8688674
2024-12-25 09:00:00,6.422055
2024-12-25 10:00:00,6.28879
2024-12-25 11:00:00,5.5984173
2024-12-25 12:00:00,5.0804906
2024-12-25 13:00:00,5.075136
2024-12-25 14:00:00,5.0375943
2024-12-25 15:00:00,5.0108247
2024-12-25 16:00:00,4.9779706
2024-12-25 17:00:00,5.116687
2024-12-25 18:00:00,4.5394773
2024-12-25 19:00:00,3.931133
2024-12-25 20:00:00,4.2061396
2024-12-25 21:00:00,5.407472
2024-12-25 22:00:00,6.7844706
2024-12-25 23:00:00,7.6766615
2024-12-26 00:00:00,8.103098
2024-12-26 01:00:00,8.290801
2024-12-26 02:00:00,8.369552
2024-12-26 03:00:00,8.280052
2024-12-26 04:00:00,8.323427
2024-12-26 05:00:00,8.417813
2024-12-26 06:00:00,8.3903475
2024-12-26 07:00:00,8.202475
2024-12-26 08:00:00,7.921014
2024-12-26 09:00:00,7.1186624
2024-12-26 10:00:00,6.3469214
2024-12-26 11:00:00,5.656103
2024-12-26 12:00:00,5.218961
2024-12-26 13:00:00,5.0964756
2024-12-26 14:00:00,5.2344184
2024-12-26 15:00:00,5.2674403
2024-12-26 16:00:00,5.2427597
2024-12-26 17:00:00,5.0282054
2024-12-26 18:00:00,4.530185
2024-12-26 19:00:00,5.0569506
2024-12-26 20:00:00,6.6300097
2024-12-26 21:00:00,8.045399
2024-12-26 22:00:00,8.625713
2024-12-26 23:00:00,8.708564
2024-12-27 00:00:00,8.826231
2024-12-27 01:00:00,9.092504
2024-12-27 02:00:00,9.2390375
2024-12-27 03:00:00,9.23299
2024-12-27 04:00:00,9.095932
2024-12-27 05:00:00,9.055059
2024-12-27 06:00:00,8.873051
2024-12-27 07:00:00,7.9408574
2024-12-27 08:00:00,7.668839
2024-12-27 09:00:00,7.308731
2024-12-27 10:00:00,6.7871723
2024-12-27 11:00:00,6.177396
2024-12-27 12:00:00,5.3721137
2024-12-27 13:00:00,4.7230797
2024-12-27 14:00:00,4.537157
2024-12-27 15:00:00,4.7273035
2024-12-27 16:00:00,4.829015
2024-12-27 17:00:00,4.769877
2024-12-27 18:00:00,4.5084033
2024-12-27 19:00:00,4.842835
2024-12-27 20:00:00,5.737689
2024-12-27 21:00:00,7.113283
2024-12-27 22:00:00,8.076234
2024-12-27 23:00:00,8.114815
2024-12-28 00:00:00,8.218058
2024-12-28 01:00:00,8.9719
2024-12-28 02:00:00,9.380359
2024-12-28 03:00:00,9.358029
2024-12-28 04:00:00,9.442417
2024-12-28 05:00:00,9.319702
2024-12-28 06:00:00,9.00758
2024-12-28 07:00:00,8.477408
2024-12-28 08:00:00,8.267224
2024-12-28 09:00:00,8.041935
2024-12-28 10:00:00,7.794718
2024-12-28 11:00:00,7.4346113
2024-12-28 12:00:00,6.7677646
2024-12-28 13:00:00,5.922477
2024-12-28 14:00:00,4.9918146
2024-12-28 15:00:00,4.1301403
2024-12-28 16:00:00,3.4734619
2024-12-28 17:00:00,3.0908198
2024-12-28 18:00:00,2.9494522
2024-12-28 19:00:00,3.9078846
2024-12-28 20:00:00,3.8209813
2024-12-28 21:00:00,4.1582522
2024-12-28 22:00:00,5.5409603
2024-12-28 23:00:00,6.9854097
2024-12-29 00:00:00,7.985668
2024-12-29 01:00:00,9.362482
2024-12-29 02:00:00,9.374543
2024-12-29 03:00:00,8.983716
2024-12-29 04:00:00,8.525847
2024-12-29 05:00:00,7.989838
2024-12-29 06:00:00,7.6032467
2024-12-29 07:00:00,7.737737
2024-12-29 08:00:00,7.8019743
2024-12-29 09:00:00,7.3042893
2024-12-29 10:00:00,6.4669247
2024-12-29 11:00:00,5.7506533
2024-12-29 12:00:00,5.3748555
2024-12-29 13:00:00,4.8837376
2024-12-29 14:00:00,4.5256453
2024-12-29 15:00:00,4.2681255
2024-12-29 16:00:00,4.210434
2024-12-29 17:00:00,4.221329
2024-12-29 18:00:00,3.5133395
2024-12-29 19:00:00,4.008012
2024-12-29 20:00:00,4.8866386
2024-12-29 21:00:00,6.0847635
2024-12-29 22:00:00,6.699206
2024-12-29 23:00:00,6.8268304
2024-12-30 00:00:00,6.944443
2024-12-30 01:00:00,7.2112355
2024-12-30 02:00:00,7.6365952
2024-12-30 03:00:00,8.013456
2024-12-30 04:00:00,8.168358
2024-12-30 05:00:00,7.9073114
2024-12-30 06:00:00,7.4398594
2024-12-30 07:00:00,6.5087385
2024-12-30 08:00:00,6.2386656
2024-12-30 09:00:00,5.6729784
2024-12-30 10:00:00,5.205634
2024-12-30 11:00:00,5.049653
2024-12-30 12:00:00,4.6332207
2024-12-30 13:00:00,4.4510994
2024-12-30 14:00:00,4.3198395
2024-12-30 15:00:00,4.208038
2024-12-30 16:00:00,4.3177447
2024-12-30 17:00:00,4.5481133
2024-12-30 18:00:00,3.932924
2024-12-30 19:00:00,3.1587749
2024-12-30 20:00:00,3.7672627
2024-12-30 21:00:00,5.0559
2024-12-30 22:00:00,5.7690434
2024-12-30 23:00:00,5.255277
2024-12-31 00:00:00,5.5936937
2024-12-31 01:00:00,5.558064
2024-12-31 02:00:00,4.76326
2024-12-31 03:00:00,4.6328564
2024-12-31 04:00:00,4.306319
2024-12-31 05:00:00,4.335997
2024-12-31 06:00:00,5.083648
2024-12-31 07:00:00,5.1208434
2024-12-31 08:00:00,5.6537113
2024-12-31 09:00:00,5.165248
2024-12-31 10:00:00,4.491404
2024-12-31 11:00:00,3.644673
2024-12-31 12:00:00,3.278167
2024-12-31 13:00:00,3.2735593
2024-12-31 14:00:00,3.547261
2024-12-31 15:00:00,3.5180826
2024-12-31 16:00:00,3.5215957
2024-12-31 17:00:00,3.1471062
2024-12-31 18:00:00,1.4603382
2024-12-31 19:00:00,0.8623936
2024-12-31 20:00:00,0.56834686
2024-12-31 21:00:00,0.98502135
2024-12-31 22:00:00,3.0976152
2024-12-31 23:00:00,5.0643396
2025-01-01 00:00:00,6.10813
2025-01-01 01:00:00,6.188263
2025-01-01 02:00:00,6.424572
2025-01-01 03:00:00,7.056903
2025-01-01 04:00:00,7.6271377
2025-01-01 05:00:00,7.918876
2025-01-01 06:00:00,8.076678
2025-01-01 07:00:00,7.368963
2025-01-01 08:00:00,7.2066617
2025-01-01 09:00:00,6.9087915
2025-01-01 10:00:00,6.2004676
2025-01-01 11:00:00,5.391963
2025-01-01 12:00:00,4.9665194
2025-01-01 13:00:00,4.765178
2025-01-01 14:00:00,4.593163
2025-01-01 15:00:00,4.453505
2025-01-01 16:00:00,4.5645127
2025-01-01 17:00:00,4.6326776
2025-01-01 18:00:00,3.7892783
2025-01-01 19:00:00,3.0919924
2025-01-01 20:00:00,3.1384072
2025-01-01 21:00:00,3.5510545
2025-01-01 22:00:00,5.0941415
2025-01-01 23:00:00,6.2410865
2025-01-02 00:00:00,6.301778
2025-01-02 01:00:00,6.440646
2025-01-02 02:00:00,6.818685
2025-01-02 03:00:00,7.82366
2025-01-02 04:00:00,8.706604
2025-01-02 05:00:00,8.778555
2025-01-02 06:00:00,8.737658
2025-01-02 07:00:00,8.528096
2025-01-02 08:00:00,8.0561695
2025-01-02 09:00:00,7.7381587
2025-01-02 10:00:00,7.357445
2025-01-02 11:00:00,6.32144
2025-01-02 12:00:00,5.4684696
2025-01-02 13:00:00,5.2229877
2025-01-02 14:00:00,5.2032413
2025-01-02 15:00:00,5.2216635
2025-01-02 16:00:00,5.110499
2025-01-02 17:00:00,4.9699664
2025-01-02 18:00:00,4.5046563
2025-01-02 19:00:00,4.595354
2025-01-02 20:00:00,5.427807
2025-01-02 21:00:00,6.9648337
2025-01-02 22:00:00,7.9795556
2025-01-02 23:00:00,7.922438
2025-01-03 00:00:00,7.405753
2025-01-03 01:00:00,7.1717772
2025-01-03 02:00:00,7.4740534
2025-01-03 03:00:00,7.751839
2025-01-03 04:00:00,8.078289
2025-01-03 05:00:00,8.253934
2025-01-03 06:00:00,8.356652
2025-01-03 07:00:00,7.5997386
2025-01-03 08:00:00,7.4827957
2025-01-03 09:00:00,7.077297
2025-01-03 10:00:00,6.8822746
2025-01-03 11:00:00,6.723637
2025-01-03 12:00:00,6.100179
2025-01-03 13:00:00,5.1517305
2025-01-03 14:00:00,4.547679
2025-01-03 15:00:00,4.2701883
2025-01-03 16:00:00,4.180644
2025-01-03 17:00:00,4.0863457
2025-01-03 18:00:00,3.8010654
2025-01-03 19:00:00,3.2279687
2025-01-03 20:00:00,3.807141
2025-01-03 21:00:00,5.537747
2025-01-03 22:00:00,7.117697
2025-01-03 23:00:00,7.5496893
2025-01-04 00:00:00,7.7740335
2025-01-04 01:00:00,7.9050493
2025-01-04 02:00:00,7.535262
2025-01-04 03:00:00,6.505666
2025-01-04 04:00:00,5.4776297
2025-01-04 05:00:00,4.940505
2025-01-04 06:00:00,4.5847335
2025-01-04 07:00:00,4.4167953
2025-01-04 08:00:00,4.710456
2025-01-04 09:00:00,4.8996725
2025-01-04 10:00:00,5.0561757
2025-01-04 11:00:00,4.3360176
2025-01-04 12:00:00,3.630293
2025-01-04 13:00:00,3.6215327
2025-01-04 14:00:00,3.7971864
2025-01-04 15:00:00,3.7444987
2025-01-04 16:00:00,3.846177
2025-01-04 17:00:00,4.0815845
2025-01-04 18:00:00,3.7792492
2025-01-04 19:00:00,3.3011303
2025-01-04 20:00:00,4.7961745
2025-01-04 21:00:00,5.920365
2025-01-04 22:00:00,6.0322075
2025-01-04 23:00:00,5.850172
2025-01-05 00:00:00,6.2207527
2025-01-05 01:00:00,5.903145
2025-01-05 02:00:00,4.8105807
2025-01-05 03:00:00,3.9496808
2025-01-05 04:00:00,4.5445466
2025-01-05 05:00:00,4.835251
2025-01-05 06:00:00,4.8563824
2025-01-05 07:00:00,4.5580144
2025-01-05 08:00:00,4.5965447
2025-01-05 09:00:00,4.36251
2025-01-05 10:00:00,3.6473925
2025-01-05 11:00:00,2.7124715
2025-01-05 12:00:00,2.2597363
2025-01-05 13:00:00,2.0742893
2025-01-05 14:00:00,1.7583907
2025-01-05 15:00:00,1.777019
2025-01-05 16:00:00,2.1165762
2025-01-05 17:00:00,2.221347
2025-01-05 18:00:00,0.7897146
2025-01-05 19:00:00,2.8902771
2025-01-05 20:00:00,3.4544935
2025-01-05 21:00:00,3.4137912
2025-01-05 22:00:00,3.74703
2025-01-05 23:00:00,3.6713803
2025-01-06 00:00:00,4.011693
2025-01-06 01:00:00,4.3265553
2025-01-06 02:00:00,3.4038417
2025-01-06 03:00:00,1.8847591
2025-01-06 04:00:00,0.9877916
2025-01-06 05:00:00,1.2552276
2025-01-06 06:00:00,2.0761008
2025-01-06 07:00:00,1.7069674
2025-01-06 08:00:00,2.0693333
2025-01-06 09:00:00,1.9016827
2025-01-06 10:00:00,1.7547101
2025-01-06 11:00:00,2.1260986
2025-01-06 12:00:00,2.6714401
2025-01-06 13:00:00,3.0363686
2025-01-06 14:00:00,2.5478742
2025-01-06 15:00:00,2.0367358
2025-01-06 16:00:00,2.9336674
2025-01-06 17:00:00,3.7661407
2025-01-06 18:00:00,3.8155384
2025-01-06 19:00:00,1.9521334
2025-01-06 20:00:00,3.0065765
2025-01-06 21:00:00,3.703311
2025-01-06 22:00:00,4.2970176
2025-01-06 23:00:00,4.6350975
2025-01-07 00:00:00,4.861259
2025-01-07 01:00:00,4.837287
2025-01-07 02:00:00,3.804931
2025-01-07 03:00:00,2.2835143
2025-01-07 04:00:00,1.48841
2025-01-07 05:00:00,1.6066369
2025-01-07 06:00:00,2.0783808
2025-01-07 07:00:00,1.5274264
2025-01-07 08:00:00,1.8556035
2025-01-07 09:00:00,2.1790998
2025-01-07 10:00:00,2.5568955
2025-01-07 11:00:00,2.8128352
2025-01-07 12:00:00,2.8351636
2025-01-07 13:00:00,2.45326
2025-01-07 14:00:00,2.0527024
2025-01-07 15:00:00,2.1443849
2025-01-07 16:00:00,2.8071935
2025-01-07 17:00:00,3.0706837
2025-01-07 18:00:00,4.137414
2025-01-07 19:00:00,4.7513967
2025-01-07 20:00:00,4.6006947
2025-01-07 21:00:00,4.404304
2025-01-07 22:00:00,4.4687657
2025-01-07 23:00:00,4.459732
2025-01-08 00:00:00,4.1160774
2025-01-08 01:00:00,3.457593
2025-01-08 02:00:00,2.2528403
2025-01-08 03:00:00,1.4951108
2025-01-08 04:00:00,1.7276317
2025-01-08 05:00:00,1.6142703
2025-01-08 06:00:00,2.1168544
2025-01-08 07:00:00,2.697748
2025-01-08 08:00:00,2.4623823
2025-01-08 09:00:00,1.8481193
2025-01-08 10:00:00,1.7594903
2025-01-08 11:00:00,1.8072449
2025-01-08 12:00:00,1.6381387
2025-01-08 13:00:00,1.8692461
2025-01-08 14:00:00,1.9357277
2025-01-08 15:00:00,1.6276848
2025-01-08 16:00:00,1.2833927
2025-01-08 17:00:00,1.3514134
2025-01-08 18:00:00,1.3218359
2025-01-08 19:00:00,3.9136038
2025-01-08 20:00:00,2.666118
2025-01-08 21:00:00,0.85174376
2025-01-08 22:00:00,1.9096597
2025-01-08 23:00:00,2.2181861
2025-01-09 00:00:00,2.6884463
2025-01-09 01:00:00,2.8896477
2025-01-09 02:00:00,2.8564134
2025-01-09 03:00:00,2.717732
2025-01-09 04:00:00,2.0015817
2025-01-09 05:00:00,1.4294822
2025-01-09 06:00:00,1.4105381
2025-01-09 07:00:00,1.9287286
2025-01-09 08:00:00,2.2456782
2025-01-09 09:00:00,2.2847164
2025-01-09 10:00:00,3.0695226
2025-01-09 11:00:00,3.46384
2025-01-09 12:00:00,3.894709
2025-01-09 13:00:00,3.9707751
2025-01-09 14:00:00,3.3373268
2025-01-09 15:00:00,3.0888538
2025-01-09 16:00:00,2.8653607
2025-01-09 17:00:00,2.422842
2025-01-09 18:00:00,1.8168253
2025-01-09 19:00:00,2.1897678
2025-01-09 20:00:00,2.6861548
2025-01-09 21:00:00,3.4462023
2025-01-09 22:00:00,4.0766816
2025-01-09 23:00:00,4.002927
2025-01-10 00:00:00,4.199404
2025-01-10 01:00:00,4.461603
2025-01-10 02:00:00,4.684736
2025-01-10 03:00:00,4.444393
2025-01-10 04:00:00,3.271723
2025-01-10 05:00:00,1.274395
2025-01-10 06:00:00,1.0170584
2025-01-10 07:00:00,1.9427602
2025-01-10 08:00:00,2.325901
2025-01-10 09:00:00,2.4758346
2025-01-10 10:00:00,2.1363783
2025-01-10 11:00:00,1.9820741
2025-01-10 12:00:00,1.7196748
2025-01-10 13:00:00,1.5166593
2025-01-10 14:00:00,2.1038709
2025-01-10 15:00:00,3.9595628
2025-01-10 16:00:00,2.8695292
2025-01-10 17:00:00,2.5501614
2025-01-10 18:00:00,2.7907796
2025-01-10 19:00:00,2.42926
2025-01-10 20:00:00,2.365246
2025-01-10 21:00:00,2.4089391
2025-01-10 22:00:00,2.3889256
2025-01-10 23:00:00,2.4604845
2025-01-11 00:00:00,2.6918688
2025-01-11 01:00:00,2.4916253
2025-01-11 02:00:00,1.9483513
2025-01-11 03:00:00,2.2521489
2025-01-11 04:00:00,3.0411372
2025-01-11 05:00:00,3.1788507
2025-01-11 06:00:00,2.597334
2025-01-11 07:00:00,1.5542172
2025-01-11 08:00:00,1.2147486
2025-01-11 09:00:00,1.7933927
2025-01-11 10:00:00,2.6269405
2025-01-11 11:00:00,3.1805844
2025-01-11 12:00:00,3.9405003
2025-01-11 13:00:00,3.974478
2025-01-11 14:00:00,4.4551096
2025-01-11 15:00:00,3.7358522
2025-01-11 16:00:00,2.4669602
2025-01-11 17:00:00,1.094917
2025-01-11 18:00:00,1.7152051
2025-01-11 19:00:00,3.0713823
2025-01-11 20:00:00,2.7948315
2025-01-11 21:00:00,1.7108623
2025-01-11 22:00:00,1.2587929
2025-01-11 23:00:00,1.1862965
2025-01-12 00:00:00,1.5156598
2025-01-12 01:00:00,2.0496626
2025-01-12 02:00:00,2.1907623
2025-01-12 03:00:00,2.6711693
2025-01-12 04:00:00,2.411831
2025-01-12 05:00:00,1.9748765
2025-01-12 06:00:00,1.7494127
2025-01-12 07:00:00,1.004609
2025-01-12 08:00:00,0.8225509
2025-01-12 09:00:00,0.93205756
2025-01-12 10:00:00,1.3885708
2025-01-12 11:00:00,1.9342577
2025-01-12 12:00:00,2.2749841
2025-01-12 13:00:00,2.3243608
2025-01-12 14:00:00,1.8520987
2025-01-12 15:00:00,1.8357708
2025-01-12 16:00:00,2.0367992
2025-01-12 17:00:00,1.854489
2025-01-12 18:00:00,1.9573771
2025-01-12 19:00:00,3.8807447
2025-01-12 20:00:00,3.8067794
2025-01-12 21:00:00,4.059903
2025-01-12 22:00:00,4.4832706
2025-01-12 23:00:00,4.146829
2025-01-13 00:00:00,3.6635804
2025-01-13 01:00:00,2.9509926
2025-01-13 02:00:00,2.6716645
2025-01-13 03:00:00,2.5390043
2025-01-13 04:00:00,2.5017066
2025-01-13 05:00:00,2.7409928
2025-01-13 06:00:00,2.4763901
2025-01-13 07:00:00,2.2289727
2025-01-13 08:00:00,2.3452795
2025-01-13 09:00:00,2.0698845
2025-01-13 10:00:00,3.0593357
2025-01-13 11:00:00,3.545298
2025-01-13 12:00:00,4.1392593
2025-01-13 13:00:00,3.857386
2025-01-13 14:00:00,3.5280523
2025-01-13 15:00:00,2.9470916
2025-01-13 16:00:00,2.5264096
2025-01-13 17:00:00,2.0744495
2025-01-13 18:00:00,2.688576
2025-01-13 19:00:00,0.6494656
2025-01-13 20:00:00,0.44156468
2025-01-13 21:00:00,0.7687913
2025-01-13 22:00:00,1.7703171
2025-01-13 23:00:00,2.0231345
2025-01-14 00:00:00,2.3689775
2025-01-14 01:00:00,2.5330582
2025-01-14 02:00:00,2.5797043
2025-01-14 03:00:00,2.9595058
2025-01-14 04:00:00,3.0965092
2025-01-14 05:00:00,2.867295
2025-01-14 06:00:00,2.5119903
2025-01-14 07:00:00,1.530498
2025-01-14 08:00:00,1.5636778
2025-01-14 09:00:00,0.77527094
2025-01-14 10:00:00,0.493753
2025-01-14 11:00:00,2.01974
2025-01-14 12:00:00,3.0684147
2025-01-14 13:00:00,3.3862238
2025-01-14 14:00:00,3.2184572
2025-01-14 15:00:00,2.843782
2025-01-14 16:00:00,2.6345239
2025-01-14 17:00:00,2.7832568
2025-01-14 18:00:00,2.134766
2025-01-14 19:00:00,3.2025704
2025-01-14 20:00:00,3.8758543
2025-01-14 21:00:00,4.45601
2025-01-14 22:00:00,4.8370447
2025-01-14 23:00:00,5.1512628
2025-01-15 00:00:00,5.381343
2025-01-15 01:00:00,5.3957744
2025-01-15 02:00:00,5.457261
2025-01-15 03:00:00,4.9519315
2025-01-15 04:00:00,4.2202578
2025-01-15 05:00:00,3.9378273
2025-01-15 06:00:00,3.8462067
2025-01-15 07:00:00,4.6168795
2025-01-15 08:00:00,4.892044
2025-01-15 09:00:00,4.3389254
2025-01-15 10:00:00,3.4867003
2025-01-15 11:00:00,4.686325
2025-01-15 12:00:00,5.284437
2025-01-15 13:00:00,5.7660894
2025-01-15 14:00:00,5.4334908
2025-01-15 15:00:00,5.1256647
2025-01-15 16:00:00,4.7777944
2025-01-15 17:00:00,3.892436
2025-01-15 18:00:00,3.777703
2025-01-15 19:00:00,3.242357
2025-01-15 20:00:00,2.740499
2025-01-15 21:00:00,2.7672503
2025-01-15 22:00:00,3.0255904
2025-01-15 23:00:00,3.5229318
2025-01-16 00:00:00,3.677181
2025-01-16 01:00:00,3.6122751
2025-01-16 02:00:00,3.5874093
2025-01-16 03:00:00,3.208866
2025-01-16 04:00:00,2.755324
2025-01-16 05:00:00,2.798591
2025-01-16 06:00:00,2.588277
2025-01-16 07:00:00,2.3250492
2025-01-16 08:00:00,1.6387608
2025-01-16 09:00:00,1.1265463
2025-01-16 10:00:00,0.54133296
2025-01-16 11:00:00,0.61787534
2025-01-16 12:00:00,0.34046516
2025-01-16 13:00:00,0.51011956
2025-01-16 14:00:00,0.8702487
2025-01-16 15:00:00,1.109226
2025-01-16 16:00:00,1.0234268
2025-01-16 17:00:00,1.3733281
2025-01-16 18:00:00,1.400296
2025-01-16 19:00:00,0.7588261
2025-01-16 20:00:00,0.6283048
2025-01-16 21:00:00,1.209406
2025-01-16 22:00:00,1.7793142
2025-01-16 23:00:00,2.5866802
2025-01-17 00:00:00,2.6268377
2025-01-17 01:00:00,2.592587
2025-01-17 02:00:00,3.113522
2025-01-17 03:00:00,3.7357285
2025-01-17 04:00:00,4.4517345
2025-01-17 05:00:00,4.693813
2025-01-17 06:00:00,4.5302463
2025-01-17 07:00:00,4.0321016
2025-01-17 08:00:00,4.0141735
2025-01-17 09:00:00,4.767737
2025-01-17 10:00:00,5.2177196
2025-01-17 11:00:00,5.3094378
2025-01-17 12:00:00,5.0457125
2025-01-17 13:00:00,4.707048
2025-01-17 14:00:00,4.603139
2025-01-17 15:00:00,4.76423
2025-01-17 16:00:00,4.835472
2025-01-17 17:00:00,4.6610723
2025-01-17 18:00:00,4.8721066
2025-01-17 19:00:00,6.889536
2025-01-17 20:00:00,7.577033
2025-01-17 21:00:00,8.037399
2025-01-17 22:00:00,8.274167
2025-01-17 23:00:00,8.019045
2025-01-18 00:00:00,7.6767564
2025-01-18 01:00:00,7.133742
2025-01-18 02:00:00,6.8946357
2025-01-18 03:00:00,7.227054
2025-01-18 04:00:00,7.6580687
2025-01-18 05:00:00,7.6066604
2025-01-18 06:00:00,7.483622
2025-01-18 07:00:00,7.2792444
2025-01-18 08:00:00,6.6522145
2025-01-18 09:00:00,6.576965
2025-01-18 10:00:00,6.438232
2025-01-18 11:00:00,5.9220552
2025-01-18 12:00:00,5.207243
2025-01-18 13:00:00,4.3198833
2025-01-18 14:00:00,3.5132873
2025-01-18 15:00:00,3.4916477
2025-01-18 16:00:00,3.712387
2025-01-18 17:00:00,3.9630458
2025-01-18 18:00:00,4.002032
2025-01-18 19:00:00,4.4660482
2025-01-18 20:00:00,4.49907
2025-01-18 21:00:00,4.6984653
2025-01-18 22:00:00,4.7377224
2025-01-18 23:00:00,5.038176
2025-01-19 00:00:00,5.1584644
2025-01-19 01:00:00,4.91596
2025-01-19 02:00:00,4.461774
2025-01-19 03:00:00,4.2565236
2025-01-19 04:00:00,3.7857995
2025-01-19 05:00:00,3.0186079
2025-01-19 06:00:00,2.4130034
2025-01-19 07:00:00,1.8121903
2025-01-19 08:00:00,1.3962477
2025-01-19 09:00:00,1.7877141
2025-01-19 10:00:00,1.8717897
2025-01-19 11:00:00,1.9180934
2025-01-19 12:00:00,1.4876916
2025-01-19 13:00:00,1.0929445
2025-01-19 14:00:00,1.3099678
2025-01-19 15:00:00,1.4819627
2025-01-19 16:00:00,2.1461093
2025-01-19 17:00:00,2.4087203
2025-01-19 18:00:00,2.6410983
2025-01-19 19:00:00,2.6854968
2025-01-19 20:00:00,3.9483402
2025-01-19 21:00:00,4.921678
2025-01-19 22:00:00,5.3067555
2025-01-19 23:00:00,5.2556295
2025-01-20 00:00:00,4.7905393
2025-01-20 01:00:00,4.3970942
2025-01-20 02:00:00,3.981396
2025-01-20 03:00:00,3.6277056
2025-01-20 04:00:00,3.031259
2025-01-20 05:00:00,2.491685
2025-01-20 06:00:00,2.3078375
2025-01-20 07:00:00,2.717949
2025-01-20 08:00:00,2.8318045
2025-01-20 09:00:00,3.1123588
2025-01-20 10:00:00,2.9248617
2025-01-20 11:00:00,2.7624023
2025-01-20 12:00:00,2.78923
2025-01-20 13:00:00,2.6456697
2025-01-20 14:00:00,2.3072393
2025-01-20 15:00:00,2.1410496
2025-01-20 16:00:00,2.4222984
2025-01-20 17:00:00,4.4680963
2025-01-20 18:00:00,4.325405
2025-01-20 19:00:00,3.0446856
2025-01-20 20:00:00,2.3792722
2025-01-20 21:00:00,2.2198935
2025-01-20 22:00:00,2.4940786
2025-01-20 23:00:00,2.6586945
2025-01-21 00:00:00,3.1958795
2025-01-21 01:00:00,3.408195
2025-01-21 02:00:00,3.074598
2025-01-21 03:00:00,2.7764733
2025-01-21 04:00:00,2.624622
2025-01-21 05:00:00,2.9236493
2025-01-21 06:00:00,2.9290829
2025-01-21 07:00:00,1.4144095
2025-01-21 08:00:00,1.4315144
2025-01-21 09:00:00,1.7003375
2025-01-21 10:00:00,2.1228979
2025-01-21 11:00:00,2.1667473
2025-01-21 12:00:00,2.2498913
2025-01-21 13:00:00,2.1193452
2025-01-21 14:00:00,1.7066506
2025-01-21 15:00:00,1.4910359
2025-01-21 16:00:00,2.1185284
2025-01-21 17:00:00,2.5292995
2025-01-21 18:00:00,1.74255
2025-01-21 19:00:00,2.5713313
2025-01-21 20:00:00,2.9064953
2025-01-21 21:00:00,2.8443813
2025-01-21 22:00:00,2.6658852
2025-01-21 23:00:00,2.4370687
2025-01-22 00:00:00,1.5421948
2025-01-22 01:00:00,0.27243358
2025-01-22 02:00:00,1.0068768
2025-01-22 03:00:00,1.5261493
2025-01-22 04:00:00,1.5124357
2025-01-22 05:00:00,1.9625875
2025-01-22 06:00:00,3.1298807
2025-01-22 07:00:00,4.1320786
2025-01-22 08:00:00,4.323583
2025-01-22 09:00:00,5.4637656
2025-01-22 10:00:00,5.4197216
2025-01-22 11:00:00,4.987596
2025-01-22 12:00:00,4.7745886
2025-01-22 13:00:00,4.6622286
2025-01-22 14:00:00,3.9137294
2025-01-22 15:00:00,3.3451066
2025-01-22 16:00:00,3.388483
2025-01-22 17:00:00,2.9895828
2025-01-22 18:00:00,3.0380933
2025-01-22 19:00:00,3.2112458
2025-01-22 20:00:00,3.7302988
2025-01-22 21:00:00,4.0605097
2025-01-22 22:00:00,3.5785418
2025-01-22 23:00:00,3.1207848
2025-01-23 00:00:00,3.030583
2025-01-23 01:00:00,2.4173324
2025-01-23 02:00:00,1.689592
2025-01-23 03:00:00,2.0512855
2025-01-23 04:00:00,3.752481
2025-01-23 05:00:00,5.6940374
2025-01-23 06:00:00,6.21152
2025-01-23 07:00:00,5.5961733
2025-01-23 08:00:00,5.253212
2025-01-23 09:00:00,5.050874
2025-01-23 10:00:00,4.707507
2025-01-23 11:00:00,4.138466
2025-01-23 12:00:00,3.6615744
2025-01-23 13:00:00,3.2088673
2025-01-23 14:00:00,3.0204265
2025-01-23 15:00:00,3.2638822
2025-01-23 16:00:00,3.2939298
2025-01-23 17:00:00,3.5522873
2025-01-23 18:00:00,3.892784
2025-01-23 19:00:00,4.847365
2025-01-23 20:00:00,5.5661745
2025-01-23 21:00:00,5.8406806
2025-01-23 22:00:00,5.7065616
2025-01-23 23:00:00,5.4774394
2025-01-24 00:00:00,5.0165515
2025-01-24 01:00:00,4.82076
2025-01-24 02:00:00,4.57521
2025-01-24 03:00:00,4.806877
2025-01-24 04:00:00,5.927723
2025-01-24 05:00:00,6.975803
2025-01-24 06:00:00,7.193657
2025-01-24 07:00:00,6.5964155
2025-01-24 08:00:00,6.4066033
2025-01-24 09:00:00,6.0853443
2025-01-24 10:00:00,5.862542
2025-01-24 11:00:00,5.687324
2025-01-24 12:00:00,5.432484
2025-01-24 13:00:00,5.130424
2025-01-24 14:00:00,5.005254
2025-01-24 15:00:00,4.850735
2025-01-24 16:00:00,4.9105387
2025-01-24 17:00:00,4.729269
2025-01-24 18:00:00,4.8793607
2025-01-24 19:00:00,5.1524878
2025-01-24 20:00:00,5.582955
2025-01-24 21:00:00,6.136622
2025-01-24 22:00:00,6.634577
2025-01-24 23:00:00,6.766105
2025-01-25 00:00:00,6.587359
2025-01-25 01:00:00,6.2099147
2025-01-25 02:00:00,5.9424176
2025-01-25 03:00:00,6.0469217
2025-01-25 04:00:00,6.4626446
2025-01-25 05:00:00,6.7316637
2025-01-25 06:00:00,6.636212
2025-01-25 07:00:00,5.6402216
2025-01-25 08:00:00,6.2026124
2025-01-25 09:00:00,6.5882115
2025-01-25 10:00:00,6.569306
2025-01-25 11:00:00,6.0670214
2025-01-25 12:00:00,5.562244
2025-01-25 13:00:00,4.9208727
2025-01-25 14:00:00,4.4996734
2025-01-25 15:00:00,4.1470666
2025-01-25 16:00:00,3.9165616
2025-01-25 17:00:00,3.6903982
2025-01-25 18:00:00,3.7582047
2025-01-25 19:00:00,4.3706656
2025-01-25 20:00:00,5.059016
2025-01-25 21:00:00,5.419229
2025-01-25 22:00:00,5.3640003
2025-01-25 23:00:00,5.046455
2025-01-26 00:00:00,4.7776375
2025-01-26 01:00:00,4.587154
2025-01-26 02:00:00,4.762304
2025-01-26 03:00:00,5.7048197
2025-01-26 04:00:00,6.9698987
2025-01-26 05:00:00,7.2155085
2025-01-26 06:00:00,6.8528705
2025-01-26 07:00:00,5.8914237
2025-01-26 08:00:00,6.024193
2025-01-26 09:00:00,5.854522
2025-01-26 10:00:00,5.521002
2025-01-26 11:00:00,4.9299564
2025-01-26 12:00:00,4.5710325
2025-01-26 13:00:00,4.3367186
2025-01-26 14:00:00,4.151759
2025-01-26 15:00:00,3.8619602
2025-01-26 16:00:00,3.695235
2025-01-26 17:00:00,3.635175
2025-01-26 18:00:00,3.9191296
2025-01-26 19:00:00,5.2109194
2025-01-26 20:00:00,6.007866
2025-01-26 21:00:00,6.5634055
2025-01-26 22:00:00,6.3625803
2025-01-26 23:00:00,5.975078
2025-01-27 00:00:00,5.8145323
2025-01-27 01:00:00,5.3498163
2025-01-27 02:00:00,5.1953926
2025-01-27 03:00:00,5.7654757
2025-01-27 04:00:00,6.312374
2025-01-27 05:00:00,6.3019023
2025-01-27 06:00:00,6.0356402
2025-01-27 07:00:00,5.2696967
2025-01-27 08:00:00,5.342008
2025-01-27 09:00:00,4.974913
2025-01-27 10:00:00,4.2880754
2025-01-27 11:00:00,4.001192
2025-01-27 12:00:00,3.6876554
2025-01-27 13:00:00,3.4983022
2025-01-27 14:00:00,3.1718967
2025-01-27 15:00:00,2.5408106
2025-01-27 16:00:00,2.2373037
2025-01-27 17:00:00,2.6359794
2025-01-27 18:00:00,3.9341784
2025-01-27 19:00:00,4.5639625
2025-01-27 20:00:00,4.7813463
2025-01-27 21:00:00,4.2724032
2025-01-27 22:00:00,4.1752424
2025-01-27 23:00:00,4.2772098
2025-01-28 00:00:00,4.476098
2025-01-28 01:00:00,4.359226
2025-01-28 02:00:00,4.274454
2025-01-28 03:00:00,4.88408
2025-01-28 04:00:00,5.460398
2025-01-28 05:00:00,5.6657276
2025-01-28 06:00:00,5.798683
2025-01-28 07:00:00,5.5856504
2025-01-28 08:00:00,5.748379
2025-01-28 09:00:00,5.6515822
2025-01-28 10:00:00,5.586649
2025-01-28 11:00:00,5.5357475
2025-01-28 12:00:00,4.9504275
2025-01-28 13:00:00,4.091466
2025-01-28 14:00:00,3.0981123
2025-01-28 15:00:00,2.7489743
2025-01-28 16:00:00,2.6834648
2025-01-28 17:00:00,2.8600564
2025-01-28 18:00:00,3.8567748
2025-01-28 19:00:00,3.910075
2025-01-28 20:00:00,4.6416545
2025-01-28 21:00:00,4.439734
2025-01-28 22:00:00,4.3693066
2025-01-28 23:00:00,4.5037107
2025-01-29 00:00:00,4.8528404
2025-01-29 01:00:00,5.501014
2025-01-29 02:00:00,6.406336
2025-01-29 03:00:00,6.8742704
2025-01-29 04:00:00,6.5589
2025-01-29 05:00:00,6.095847
2025-01-29 06:00:00,5.7591963
2025-01-29 07:00:00,5.695942
2025-01-29 08:00:00,5.851344
2025-01-29 09:00:00,5.536314
2025-01-29 10:00:00,4.836905
2025-01-29 11:00:00,4.6583943
2025-01-29 12:00:00,4.763913
2025-01-29 13:00:00,4.376663
2025-01-29 14:00:00,4.3978643
2025-01-29 15:00:00,4.082305
2025-01-29 16:00:00,3.781153
2025-01-29 17:00:00,3.2182143
2025-01-29 18:00:00,3.6655722
2025-01-29 19:00:00,2.9805987
2025-01-29 20:00:00,3.197708
2025-01-29 21:00:00,3.749107
2025-01-29 22:00:00,4.3056083
2025-01-29 23:00:00,4.080984
2025-01-30 00:00:00,3.7342374
2025-01-30 01:00:00,4.202577
2025-01-30 02:00:00,5.393854
2025-01-30 03:00:00,6.1234584
2025-01-30 04:00:00,6.0352383
2025-01-30 05:00:00,5.550862
2025-01-30 06:00:00,5.0634956
2025-01-30 07:00:00,4.1032753
2025-01-30 08:00:00,4.232492
2025-01-30 09:00:00,4.2826967
2025-01-30 10:00:00,4.422751
2025-01-30 11:00:00,3.5508182
2025-01-30 12:00:00,3.7879584
2025-01-30 13:00:00,3.4728906
2025-01-30 14:00:00,3.4458144
2025-01-30 15:00:00,3.736483
2025-01-30 16:00:00,3.6191132
2025-01-30 17:00:00,2.9218428
2025-01-30 18:00:00,3.0955935
2025-01-30 19:00:00,3.1523077
2025-01-30 20:00:00,3.7517288
2025-01-30 21:00:00,4.798679
2025-01-30 22:00:00,4.992141
2025-01-30 23:00:00,4.3816657
2025-01-31 00:00:00,3.7680943
2025-01-31 01:00:00,3.1739588
2025-01-31 02:00:00,2.6440735
2025-01-31 03:00:00,2.5290604
2025-01-31 04:00:00,2.6012223
2025-01-31 05:00:00,3.4168763
2025-01-31 06:00:00,4.4382825
2025-01-31 07:00:00,3.7832258
2025-01-31 08:00:00,5.0038996
2025-01-31 09:00:00,5.8571124
2025-01-31 10:00:00,5.111949
2025-01-31 11:00:00,4.5735445
2025-01-31 12:00:00,4.657072
2025-01-31 13:00:00,4.862359
2025-01-31 14:00:00,4.9313703
2025-01-31 15:00:00,4.909761
2025-01-31 16:00:00,4.5882416
2025-01-31 17:00:00,4.5674944
2025-01-31 18:00:00,4.475423
2025-01-31 19:00:00,5.029067
2025-01-31 20:00:00,4.8138895
2025-01-31 21:00:00,3.9827774
2025-01-31 22:00:00,3.276107
2025-01-31 23:00:00,3.1069508
2025-02-01 00:00:00,3.155805
2025-02-01 01:00:00,2.899955
2025-02-01 02:00:00,2.3542612
2025-02-01 03:00:00,2.141234
2025-02-01 04:00:00,2.746976
2025-02-01 05:00:00,3.9661713
2025-02-01 06:00:00,4.8013167
2025-02-01 07:00:00,4.428686
2025-02-01 08:00:00,4.34728
2025-02-01 09:00:00,4.944885
2025-02-01 10:00:00,4.4975123
2025-02-01 11:00:00,4.111535
2025-02-01 12:00:00,3.9113815
2025-02-01 13:00:00,3.9561493
2025-02-01 14:00:00,3.8672247
2025-02-01 15:00:00,3.8578072
2025-02-01 16:00:00,4.197792
2025-02-01 17:00:00,4.4924903
2025-02-01 18:00:00,3.6188562
2025-02-01 19:00:00,3.5472744
2025-02-01 20:00:00,4.352793
2025-02-01 21:00:00,4.986401
2025-02-01 22:00:00,5.006519
2025-02-01 23:00:00,5.1259813
2025-02-02 00:00:00,4.8032966
2025-02-02 01:00:00,4.4347677
2025-02-02 02:00:00,4.4880652
2025-02-02 03:00:00,5.1016474
2025-02-02 04:00:00,6.078339
2025-02-02 05:00:00,6.8898406
2025-02-02 06:00:00,7.0706434
2025-02-02 07:00:00,6.112549
2025-02-02 08:00:00,6.770678
2025-02-02 09:00:00,6.152781
2025-02-02 10:00:00,5.1672425
2025-02-02 11:00:00,4.706535
2025-02-02 12:00:00,3.8194172
2025-02-02 13:00:00,3.347701
2025-02-02 14:00:00,3.1702714
2025-02-02 15:00:00,3.7210093
2025-02-02 16:00:00,4.1124296
2025-02-02 17:00:00,4.2634172
2025-02-02 18:00:00,4.2593613
2025-02-02 19:00:00,4.7365026
2025-02-02 20:00:00,4.902089
2025-02-02 21:00:00,5.293424
2025-02-02 22:00:00,5.134572
2025-02-02 23:00:00,4.8501716
2025-02-03 00:00:00,4.54954
2025-02-03 01:00:00,4.6275935
2025-02-03 02:00:00,6.2576075
2025-02-03 03:00:00,7.423966
2025-02-03 04:00:00,7.47057
2025-02-03 05:00:00,7.354585
2025-02-03 06:00:00,7.3415737
2025-02-03 07:00:00,6.746463
2025-02-03 08:00:00,7.2931294
2025-02-03 09:00:00,7.0918603
2025-02-03 10:00:00,6.791352
2025-02-03 11:00:00,6.5617948
2025-02-03 12:00:00,6.1557627
2025-02-03 13:00:00,5.5167522
2025-02-03 14:00:00,5.368233
2025-02-03 15:00:00,5.6083884
2025-02-03 16:00:00,5.549856
2025-02-03 17:00:00,5.3996463
2025-02-03 18:00:00,6.8230233
2025-02-03 19:00:00,7.9749985
2025-02-03 20:00:00,7.8768153
2025-02-03 21:00:00,7.8798532
2025-02-03 22:00:00,8.279604
2025-02-03 23:00:00,8.59633
2025-02-04 00:00:00,8.9619875
2025-02-04 01:00:00,9.197734
2025-02-04 02:00:00,9.176762
2025-02-04 03:00:00,9.087243
2025-02-04 04:00:00,8.949985
2025-02-04 05:00:00,8.881969
2025-02-04 06:00:00,8.798809
2025-02-04 07:00:00,8.553914
2025-02-04 08:00:00,8.837115
2025-02-04 09:00:00,8.306209
2025-02-04 10:00:00,7.568055
2025-02-04 11:00:00,7.5377274
2025-02-04 12:00:00,7.8743744
2025-02-04 13:00:00,7.8879776
2025-02-04 14:00:00,7.7014256
2025-02-04 15:00:00,7.5609274
2025-02-04 16:00:00,7.403435
2025-02-04 17:00:00,6.195159
2025-02-04 18:00:00,5.46711
2025-02-04 19:00:00,5.13748
2025-02-04 20:00:00,5.546174
2025-02-04 21:00:00,6.2400265
2025-02-04 22:00:00,6.6259522
2025-02-04 23:00:00,7.2303486
2025-02-05 00:00:00,8.002622
2025-02-05 01:00:00,8.344904
2025-02-05 02:00:00,8.368044
2025-02-05 03:00:00,8.539491
2025-02-05 04:00:00,8.659511
2025-02-05 05:00:00,8.578753
2025-02-05 06:00:00,8.262782
2025-02-05 07:00:00,7.8696756
2025-02-05 08:00:00,9.272669
2025-02-05 09:00:00,8.476199
2025-02-05 10:00:00,7.6395574
2025-02-05 11:00:00,6.832754
2025-02-05 12:00:00,6.4080305
2025-02-05 13:00:00,6.5095496
2025-02-05 14:00:00,6.390705
2025-02-05 15:00:00,6.206272
2025-02-05 16:00:00,6.5147405
2025-02-05 17:00:00,6.231901
2025-02-05 18:00:00,6.468664
2025-02-05 19:00:00,6.838729
2025-02-05 20:00:00,7.2415338
2025-02-05 21:00:00,7.5136003
2025-02-05 22:00:00,8.031843
2025-02-05 23:00:00,8.614342
2025-02-06 00:00:00,8.974387
2025-02-06 01:00:00,8.525498
2025-02-06 02:00:00,8.544796
2025-02-06 03:00:00,8.229141
2025-02-06 04:00:00,7.980603
2025-02-06 05:00:00,7.976179
2025-02-06 06:00:00,7.9532995
2025-02-06 07:00:00,7.5503488
2025-02-06 08:00:00,7.006856
2025-02-06 09:00:00,7.853567
2025-02-06 10:00:00,8.373352
2025-02-06 11:00:00,8.310089
2025-02-06 12:00:00,8.002295
2025-02-06 13:00:00,7.1962476
2025-02-06 14:00:00,6.724379
2025-02-06 15:00:00,6.6645103
2025-02-06 16:00:00,6.2527714
2025-02-06 17:00:00,5.8894863
2025-02-06 18:00:00,5.579295
2025-02-06 19:00:00,6.546589
2025-02-06 20:00:00,7.6517577
2025-02-06 21:00:00,8.276204
2025-02-06 22:00:00,8.816928
2025-02-06 23:00:00,8.975437
2025-02-07 00:00:00,8.236176
2025-02-07 01:00:00,7.798269
2025-02-07 02:00:00,7.5013266
2025-02-07 03:00:00,7.5288086
2025-02-07 04:00:00,7.556591
2025-02-07 05:00:00,7.409197
2025-02-07 06:00:00,7.10021
2025-02-07 07:00:00,7.4233694
2025-02-07 08:00:00,7.17946
2025-02-07 09:00:00,6.6359196
2025-02-07 10:00:00,6.9065933
2025-02-07 11:00:00,6.771068
2025-02-07 12:00:00,6.5252895
2025-02-07 13:00:00,6.1604075
2025-02-07 14:00:00,6.0302973
2025-02-07 15:00:00,5.915186
2025-02-07 16:00:00,5.6277103
2025-02-07 17:00:00,5.484377
2025-02-07 18:00:00,5.0410423
2025-02-07 19:00:00,5.45353
2025-02-07 20:00:00,5.856244
2025-02-07 21:00:00,6.471716
2025-02-07 22:00:00,6.9890637
2025-02-07 23:00:00,7.8244104
2025-02-08 00:00:00,9.246247
2025-02-08 01:00:00,9.423523
2025-02-08 02:00:00,8.855148
2025-02-08 03:00:00,8.638621
2025-02-08 04:00:00,8.5420685
2025-02-08 05:00:00,8.272714
2025-02-08 06:00:00,7.9428744
2025-02-08 07:00:00,6.475823
2025-02-08 08:00:00,7.1884627
2025-02-08 09:00:00,7.413433
2025-02-08 10:00:00,7.408563
2025-02-08 11:00:00,7.256225
2025-02-08 12:00:00,6.613059
2025-02-08 13:00:00,6.086625
2025-02-08 14:00:00,5.557225
2025-02-08 15:00:00,5.1846957
2025-02-08 16:00:00,5.044809
2025-02-08 17:00:00,5.0749865
2025-02-08 18:00:00,4.990554
2025-02-08 19:00:00,5.630991
2025-02-08 20:00:00,6.577016
2025-02-08 21:00:00,7.271026
2025-02-08 22:00:00,7.7211423
2025-02-08 23:00:00,8.493961
2025-02-09 00:00:00,8.67939
2025-02-09 01:00:00,8.450321
2025-02-09 02:00:00,8.312478
2025-02-09 03:00:00,8.188398
2025-02-09 04:00:00,7.835848
2025-02-09 05:00:00,7.5505004
2025-02-09 06:00:00,7.664931
2025-02-09 07:00:00,6.903316
2025-02-09 08:00:00,8.476163
2025-02-09 09:00:00,7.9192553
2025-02-09 10:00:00,7.1871333
2025-02-09 11:00:00,6.7866383
2025-02-09 12:00:00,6.479172
2025-02-09 13:00:00,6.247414
2025-02-09 14:00:00,6.1733637
2025-02-09 15:00:00,5.9790916
2025-02-09 16:00:00,5.8536005
2025-02-09 17:00:00,5.420478
2025-02-09 18:00:00,5.1721144
2025-02-09 19:00:00,4.87448
2025-02-09 20:00:00,4.6792173
2025-02-09 21:00:00,4.8867865
2025-02-09 22:00:00,5.673617
2025-02-09 23:00:00,6.2301154
2025-02-10 00:00:00,6.4657254
2025-02-10 01:00:00,7.232643
2025-02-10 02:00:00,7.916951
2025-02-10 03:00:00,8.024499
2025-02-10 04:00:00,7.9797196
2025-02-10 05:00:00,7.8780904
2025-02-10 06:00:00,7.8187976
2025-02-10 07:00:00,6.574827
2025-02-10 08:00:00,7.4353704
2025-02-10 09:00:00,7.279509
2025-02-10 10:00:00,7.089413
2025-02-10 11:00:00,6.9023747
2025-02-10 12:00:00,6.463254
2025-02-10 13:00:00,5.88764
2025-02-10 14:00:00,5.442613
2025-02-10 15:00:00,5.322273
2025-02-10 16:00:00,5.5945773
2025-02-10 17:00:00,5.647115
2025-02-10 18:00:00,5.5091105
2025-02-10 19:00:00,5.219777
2025-02-10 20:00:00,5.4724555
2025-02-10 21:00:00,6.0008345
2025-02-10 22:00:00,6.8321557
2025-02-10 23:00:00,7.624512
2025-02-11 00:00:00,8.090398
2025-02-11 01:00:00,8.037524
2025-02-11 02:00:00,7.7338653
2025-02-11 03:00:00,7.520269
2025-02-11 04:00:00,7.588006
2025-02-11 05:00:00,7.5089645
2025-02-11 06:00:00,7.335712
2025-02-11 07:00:00,6.985279
2025-02-11 08:00:00,7.441221
2025-02-11 09:00:00,7.827792
2025-02-11 10:00:00,7.905351
2025-02-11 11:00:00,7.23014
2025-02-11 12:00:00,6.6875224
2025-02-11 13:00:00,6.162282
2025-02-11 14:00:00,5.7546043
2025-02-11 15:00:00,5.8483167
2025-02-11 16:00:00,5.886916
2025-02-11 17:00:00,5.6754847
2025-02-11 18:00:00,4.9367948
2025-02-11 19:00:00,5.453024
2025-02-11 20:00:00,5.4965487
2025-02-11 21:00:00,5.947231
2025-02-11 22:00:00,6.652057
2025-02-11 23:00:00,7.2243423
2025-02-12 00:00:00,7.402504
2025-02-12 01:00:00,7.4118567
2025-02-12 02:00:00,7.619016
2025-02-12 03:00:00,8.041289
2025-02-12 04:00:00,8.322849
2025-02-12 05:00:00,8.357403
2025-02-12 06:00:00,8.170347
2025-02-12 07:00:00,7.0968595
2025-02-12 08:00:00,7.385367
2025-02-12 09:00:00,6.869308
2025-02-12 10:00:00,7.086657
2025-02-12 11:00:00,6.6687107
2025-02-12 12:00:00,6.4323173
2025-02-12 13:00:00,6.230612
2025-02-12 14:00:00,5.9583387
2025-02-12 15:00:00,5.733345
2025-02-12 16:00:00,5.6451254
2025-02-12 17:00:00,5.375916
2025-02-12 18:00:00,4.8401027
2025-02-12 19:00:00,5.7658515
2025-02-12 20:00:00,6.420743
2025-02-12 21:00:00,7.6069713
2025-02-12 22:00:00,8.2168
2025-02-12 23:00:00,7.8557205
2025-02-13 00:00:00,7.382864
2025-02-13 01:00:00,7.259199
2025-02-13 02:00:00,7.3845844
2025-02-13 03:00:00,7.4307213
2025-02-13 04:00:00,7.5189953
2025-02-13 05:00:00,7.550823
2025-02-13 06:00:00,7.6060038
2025-02-13 07:00:00,6.765136
2025-02-13 08:00:00,6.5533466
2025-02-13 09:00:00,6.1225147
2025-02-13 10:00:00,5.586915
2025-02-13 11:00:00,4.9491425
2025-02-13 12:00:00,4.063379
2025-02-13 13:00:00,3.5592294
2025-02-13 14:00:00,3.6343546
2025-02-13 15:00:00,3.8309953
2025-02-13 16:00:00,4.0077705
2025-02-13 17:00:00,4.008089
2025-02-13 18:00:00,3.3764303
2025-02-13 19:00:00,2.9676578
2025-02-13 20:00:00,2.487132
2025-02-13 21:00:00,2.927182
2025-02-13 22:00:00,3.980979
2025-02-13 23:00:00,5.6148577
2025-02-14 00:00:00,6.7035747
2025-02-14 01:00:00,7.0244265
2025-02-14 02:00:00,7.2591434
2025-02-14 03:00:00,7.6022363
2025-02-14 04:00:00,7.901168
2025-02-14 05:00:00,7.9962854
2025-02-14 06:00:00,8.019964
2025-02-14 07:00:00,6.492145
2025-02-14 08:00:00,6.85871
2025-02-14 09:00:00,6.61766
2025-02-14 10:00:00,6.199012
2025-02-14 11:00:00,5.8638797
2025-02-14 12:00:00,5.3619723
2025-02-14 13:00:00,4.922248
2025-02-14 14:00:00,4.5395927
2025-02-14 15:00:00,4.248058
2025-02-14 16:00:00,4.1986656
2025-02-14 17:00:00,4.173395
2025-02-14 18:00:00,4.6845455
2025-02-14 19:00:00,5.729554
2025-02-14 20:00:00,6.1933703
2025-02-14 21:00:00,6.8286743
2025-02-14 22:00:00,7.100216
2025-02-14 23:00:00,7.1195226
2025-02-15 00:00:00,7.3246074
2025-02-15 01:00:00,7.045898
2025-02-15 02:00:00,6.673879
2025-02-15 03:00:00,6.914607
2025-02-15 04:00:00,7.37726
2025-02-15 05:00:00,7.8352895
2025-02-15 06:00:00,8.083916
2025-02-15 07:00:00,7.7832885
2025-02-15 08:00:00,7.976552
2025-02-15 09:00:00,7.494572
2025-02-15 10:00:00,6.8746085
2025-02-15 11:00:00,6.059999
2025-02-15 12:00:00,5.1941576
2025-02-15 13:00:00,4.881815
2025-02-15 14:00:00,4.579693
2025-02-15 15:00:00,4.5055313
2025-02-15 16:00:00,4.6715117
2025-02-15 17:00:00,4.833874
2025-02-15 18:00:00,4.2640376
2025-02-15 19:00:00,3.3464742
2025-02-15 20:00:00,3.0645287
2025-02-15 21:00:00,3.3091414
2025-02-15 22:00:00,4.3419676
2025-02-15 23:00:00,5.635268
2025-02-16 00:00:00,6.0057807
2025-02-16 01:00:00,6.5877495
2025-02-16 02:00:00,7.6820874
2025-02-16 03:00:00,8.502145
2025-02-16 04:00:00,8.647622
2025-02-16 05:00:00,8.512151
2025-02-16 06:00:00,8.371412
2025-02-16 07:00:00,8.048715
2025-02-16 08:00:00,8.286024
2025-02-16 09:00:00,8.032406
2025-02-16 10:00:00,7.8378
2025-02-16 11:00:00,7.474088
2025-02-16 12:00:00,6.978067
2025-02-16 13:00:00,6.7006845
2025-02-16 14:00:00,6.484293
2025-02-16 15:00:00,6.1981487
2025-02-16 16:00:00,5.9824953
2025-02-16 17:00:00,5.9735036
2025-02-16 18:00:00,7.512662
2025-02-16 19:00:00,9.597369
2025-02-16 20:00:00,10.603202
2025-02-16 21:00:00,10.001013
2025-02-16 22:00:00,9.848971
2025-02-16 23:00:00,8.950493
2025-02-17 00:00:00,8.709576
2025-02-17 01:00:00,8.44893
2025-02-17 02:00:00,8.275589
2025-02-17 03:00:00,8.283532
2025-02-17 04:00:00,8.393185
2025-02-17 05:00:00,8.337998
2025-02-17 06:00:00,8.0955715
2025-02-17 07:00:00,7.2247796
2025-02-17 08:00:00,7.198526
2025-02-17 09:00:00,7.1483
2025-02-17 10:00:00,6.9979415
2025-02-17 11:00:00,6.6106524
2025-02-17 12:00:00,6.222087
2025-02-17 13:00:00,6.260178
2025-02-17 14:00:00,6.6012607
2025-02-17 15:00:00,6.489149
2025-02-17 16:00:00,6.3115573
2025-02-17 17:00:00,6.0269556
2025-02-17 18:00:00,5.5983844
2025-02-17 19:00:00,5.963941
2025-02-17 20:00:00,6.618049
2025-02-17 21:00:00,7.8704348
2025-02-17 22:00:00,8.488067
2025-02-17 23:00:00,8.049053
2025-02-18 00:00:00,7.6137347
2025-02-18 01:00:00,7.228015
2025-02-18 02:00:00,7.0474973
2025-02-18 03:00:00,7.1270137
2025-02-18 04:00:00,7.239605
2025-02-18 05:00:00,7.029001
2025-02-18 06:00:00,6.618508
2025-02-18 07:00:00,5.9037232
2025-02-18 08:00:00,6.535658
2025-02-18 09:00:00,6.105649
2025-02-18 10:00:00,5.312798
2025-02-18 11:00:00,4.5660534
2025-02-18 12:00:00,3.9861257
2025-02-18 13:00:00,3.3787074
2025-02-18 14:00:00,3.041089
2025-02-18 15:00:00,3.0244594
2025-02-18 16:00:00,2.8383293
2025-02-18 17:00:00,2.7032397
2025-02-18 18:00:00,2.4329386
2025-02-18 19:00:00,3.5548942
2025-02-18 20:00:00,4.385624
2025-02-18 21:00:00,5.2069345
2025-02-18 22:00:00,6.28722
2025-02-18 23:00:00,7.0188518
2025-02-19 00:00:00,7.0612864
2025-02-19 01:00:00,7.0038543
2025-02-19 02:00:00,7.841563
2025-02-19 03:00:00,8.227885
2025-02-19 04:00:00,7.6279964
2025-02-19 05:00:00,7.103317
2025-02-19 06:00:00,6.9538946
2025-02-19 07:00:00,6.347148
2025-02-19 08:00:00,6.7056327
2025-02-19 09:00:00,6.4123745
2025-02-19 10:00:00,6.120635
2025-02-19 11:00:00,5.8999834
2025-02-19 12:00:00,5.2941256
2025-02-19 13:00:00,4.591055
2025-02-19 14:00:00,4.089774
2025-02-19 15:00:00,4.0358357
2025-02-19 16:00:00,4.2062173
2025-02-19 17:00:00,4.2932515
2025-02-19 18:00:00,3.8737967
2025-02-19 19:00:00,5.0755672
2025-02-19 20:00:00,5.514209
2025-02-19 21:00:00,5.779183
2025-02-19 22:00:00,5.86594
2025-02-19 23:00:00,5.6940827
2025-02-20 00:00:00,5.4771113
2025-02-20 01:00:00,5.6579413
2025-02-20 02:00:00,6.995556
2025-02-20 03:00:00,8.104428
2025-02-20 04:00:00,7.9757943
2025-02-20 05:00:00,7.472869
2025-02-20 06:00:00,7.083168
2025-02-20 07:00:00,6.2420306
2025-02-20 08:00:00,7.2115393
2025-02-20 09:00:00,6.4776726
2025-02-20 10:00:00,5.646712
2025-02-20 11:00:00,5.4191856
2025-02-20 12:00:00,5.055089
2025-02-20 13:00:00,4.452232
2025-02-20 14:00:00,4.151436
2025-02-20 15:00:00,4.2942
2025-02-20 16:00:00,4.5567875
2025-02-20 17:00:00,5.1429176
2025-02-20 18:00:00,4.7598257
2025-02-20 19:00:00,3.9792936
2025-02-20 20:00:00,4.801461
2025-02-20 21:00:00,6.00504
2025-02-20 22:00:00,6.585504
2025-02-20 23:00:00,6.7107844
2025-02-21 00:00:00,6.5467286
2025-02-21 01:00:00,7.209731
2025-02-21 02:00:00,8.339729
2025-02-21 03:00:00,8.415987
2025-02-21 04:00:00,8.059693
2025-02-21 05:00:00,7.8820577
2025-02-21 06:00:00,7.8381248
2025-02-21 07:00:00,7.6896753
2025-02-21 08:00:00,7.86857
2025-02-21 09:00:00,7.3965015
2025-02-21 10:00:00,6.727978
2025-02-21 11:00:00,6.0283303
2025-02-21 12:00:00,5.4949064
2025-02-21 13:00:00,4.990842
2025-02-21 14:00:00,4.522571
2025-02-21 15:00:00,4.3800063
2025-02-21 16:00:00,4.4691114
2025-02-21 17:00:00,4.824064
2025-02-21 18:00:00,4.407636
2025-02-21 19:00:00,4.1566577
2025-02-21 20:00:00,4.9102798
2025-02-21 21:00:00,5.787791
2025-02-21 22:00:00,6.772567
2025-02-21 23:00:00,7.575328
2025-02-22 00:00:00,7.569526
2025-02-22 01:00:00,7.5141096
2025-02-22 02:00:00,7.391646
2025-02-22 03:00:00,7.0685296
2025-02-22 04:00:00,6.834888
2025-02-22 05:00:00,6.672455
2025-02-22 06:00:00,6.4226847
2025-02-22 07:00:00,5.9302316
2025-02-22 08:00:00,6.8145227
2025-02-22 09:00:00,6.7780337
2025-02-22 10:00:00,6.4399533
2025-02-22 11:00:00,5.829305
2025-02-22 12:00:00,5.320349
2025-02-22 13:00:00,5.16817
2025-02-22 14:00:00,4.8902316
2025-02-22 15:00:00,4.5713215
2025-02-22 16:00:00,4.324776
2025-02-22 17:00:00,3.9447947
2025-02-22 18:00:00,3.926257
2025-02-22 19:00:00,4.1516423
2025-02-22 20:00:00,4.814533
2025-02-22 21:00:00,6.747403
2025-02-22 22:00:00,7.807392
2025-02-22 23:00:00,7.7885203
2025-02-23 00:00:00,7.1536574
2025-02-23 01:00:00,7.2111106
2025-02-23 02:00:00,7.9512854
2025-02-23 03:00:00,8.486479
2025-02-23 04:00:00,8.166271
2025-02-23 05:00:00,7.85626
2025-02-23 06:00:00,7.7325187
2025-02-23 07:00:00,6.573242
2025-02-23 08:00:00,6.882661
2025-02-23 09:00:00,6.892475
2025-02-23 10:00:00,6.630909
2025-02-23 11:00:00,6.3740726
2025-02-23 12:00:00,5.763869
2025-02-23 13:00:00,5.108613
2025-02-23 14:00:00,4.782521
2025-02-23 15:00:00,4.88498
2025-02-23 16:00:00,5.3494587
2025-02-23 17:00:00,6.1818657
2025-02-23 18:00:00,6.227584
2025-02-23 19:00:00,6.5901747
2025-02-23 20:00:00,7.092561
2025-02-23 21:00:00,6.9167433
2025-02-23 22:00:00,6.196841
2025-02-23 23:00:00,5.596654
2025-02-24 00:00:00,5.299861
2025-02-24 01:00:00,5.4440694
2025-02-24 02:00:00,6.067254
2025-02-24 03:00:00,7.0063205
2025-02-24 04:00:00,7.8799367
2025-02-24 05:00:00,8.098268
2025-02-24 06:00:00,8.063342
2025-02-24 07:00:00,7.136919
2025-02-24 08:00:00,7.7364316
2025-02-24 09:00:00,7.5482883
2025-02-24 10:00:00,7.2383227
2025-02-24 11:00:00,6.8493724
2025-02-24 12:00:00,6.324989
2025-02-24 13:00:00,5.496174
2025-02-24 14:00:00,5.044848
2025-02-24 15:00:00,4.823921
2025-02-24 16:00:00,4.8973627
2025-02-24 17:00:00,4.7233253
2025-02-24 18:00:00,4.0734015
2025-02-24 19:00:00,4.197535
2025-02-24 20:00:00,4.766796
2025-02-24 21:00:00,5.738424
2025-02-24 22:00:00,6.8009157
2025-02-24 23:00:00,7.459486
2025-02-25 00:00:00,7.716818
2025-02-25 01:00:00,7.825239
2025-02-25 02:00:00,8.027305
2025-02-25 03:00:00,8.172901
2025-02-25 04:00:00,8.046501
2025-02-25 05:00:00,7.9083047
2025-02-25 06:00:00,7.833885
2025-02-25 07:00:00,7.0886655
2025-02-25 08:00:00,7.834453
2025-02-25 09:00:00,7.6702056
2025-02-25 10:00:00,7.4259324
2025-02-25 11:00:00,6.9274716
2025-02-25 12:00:00,6.0759215
2025-02-25 13:00:00,5.589666
2025-02-25 14:00:00,5.4049616
2025-02-25 15:00:00,5.3775086
2025-02-25 16:00:00,5.6666894
2025-02-25 17:00:00,5.749836
2025-02-25 18:00:00,5.4965496
2025-02-25 19:00:00,5.96672
2025-02-25 20:00:00,6.6305895
2025-02-25 21:00:00,7.564018
2025-02-25 22:00:00,8.05849
2025-02-25 23:00:00,8.051372
2025-02-26 00:00:00,7.9587355
2025-02-26 01:00:00,7.911205
2025-02-26 02:00:00,7.7477508
2025-02-26 03:00:00,7.3780055
2025-02-26 04:00:00,7.2964873
2025-02-26 05:00:00,7.1548133
2025-02-26 06:00:00,7.022689
2025-02-26 07:00:00,6.460233
2025-02-26 08:00:00,6.87825
2025-02-26 09:00:00,6.4037776
2025-02-26 10:00:00,6.470912
2025-02-26 11:00:00,5.8642488
2025-02-26 12:00:00,4.898
2025-02-26 13:00:00,3.9907067
2025-02-26 14:00:00,3.4877098
2025-02-26 15:00:00,3.3480718
2025-02-26 16:00:00,3.3978696
2025-02-26 17:00:00,3.5355577
2025-02-26 18:00:00,3.235592
2025-02-26 19:00:00,4.9424806
2025-02-26 20:00:00,5.529184
2025-02-26 21:00:00,5.824509
2025-02-26 22:00:00,6.9612603
2025-02-26 23:00:00,8.139355
2025-02-27 00:00:00,8.863666
2025-02-27 01:00:00,8.980648
2025-02-27 02:00:00,8.865685
2025-02-27 03:00:00,8.536961
2025-02-27 04:00:00,8.06099
2025-02-27 05:00:00,7.723537
2025-02-27 06:00:00,7.4521866
2025-02-27 07:00:00,6.7832885
2025-02-27 08:00:00,7.692438
2025-02-27 09:00:00,7.3487372
2025-02-27 10:00:00,6.641612
2025-02-27 11:00:00,5.958882
2025-02-27 12:00:00,5.153797
2025-02-27 13:00:00,4.4298635
2025-02-27 14:00:00,4.2157736
2025-02-27 15:00:00,4.409058
2025-02-27 16:00:00,4.5125437
2025-02-27 17:00:00,4.1227508
2025-02-27 18:00:00,3.4661002
2025-02-27 19:00:00,4.7110386
2025-02-27 20:00:00,5.5241866
2025-02-27 21:00:00,6.263508
2025-02-27 22:00:00,6.9618235
2025-02-27 23:00:00,7.939143
2025-02-28 00:00:00,8.726812
2025-02-28 01:00:00,9.077759
2025-02-28 02:00:00,8.700475
2025-02-28 03:00:00,7.948961
2025-02-28 04:00:00,7.07549
2025-02-28 05:00:00,6.354933
2025-02-28 06:00:00,6.0276437
2025-02-28 07:00:00,6.589305
2025-02-28 08:00:00,8.150519
2025-02-28 09:00:00,7.597107
2025-02-28 10:00:00,6.8287888
2025-02-28 11:00:00,6.7276344
2025-02-28 12:00:00,6.1430717
2025-02-28 13:00:00,5.665218
2025-02-28 14:00:00,5.5147986
2025-02-28 15:00:00,5.8184505
2025-02-28 16:00:00,6.237067
2025-02-28 17:00:00,6.5888476
2025-02-28 18:00:00,5.966436
2025-02-28 19:00:00,6.3811936
2025-02-28 20:00:00,7.056643
2025-02-28 21:00:00,8.143676
2025-02-28 22:00:00,8.571371
2025-02-28 23:00:00,8.902462
2025-03-01 00:00:00,8.978977
2025-03-01 01:00:00,8.702714
2025-03-01 02:00:00,8.465073
2025-03-01 03:00:00,8.522088
2025-03-01 04:00:00,8.837792
2025-03-01 05:00:00,9.108348
2025-03-01 06:00:00,9.114004
2025-03-01 07:00:00,8.812084
2025-03-01 08:00:00,8.343772
2025-03-01 09:00:00,8.072262
2025-03-01 10:00:00,7.7633076
2025-03-01 11:00:00,7.405871
2025-03-01 12:00:00,7.265129
2025-03-01 13:00:00,7.0580354
2025-03-01 14:00:00,6.4991245
2025-03-01 15:00:00,6.046415
2025-03-01 16:00:00,6.314047
2025-03-01 17:00:00,6.675088
2025-03-01 18:00:00,7.315109
2025-03-01 19:00:00,8.992222
2025-03-01 20:00:00,9.890279
2025-03-01 21:00:00,10.441876
2025-03-01 22:00:00,9.637148
2025-03-01 23:00:00,8.830542
2025-03-02 00:00:00,8.351051
2025-03-02 01:00:00,7.892704
2025-03-02 02:00:00,8.075044
2025-03-02 03:00:00,8.013997
2025-03-02 04:00:00,7.938214
2025-03-02 05:00:00,7.906287
2025-03-02 06:00:00,7.942522
2025-03-02 07:00:00,7.53349
2025-03-02 08:00:00,8.136166
2025-03-02 09:00:00,8.053949
2025-03-02 10:00:00,7.5718527
2025-03-02 11:00:00,7.0608897
2025-03-02 12:00:00,6.4604917
2025-03-02 13:00:00,5.9150643
2025-03-02 14:00:00,5.5434794
2025-03-02 15:00:00,5.4531536
2025-03-02 16:00:00,5.549673
2025-03-02 17:00:00,5.8831253
2025-03-02 18:00:00,5.9237394
2025-03-02 19:00:00,6.5907874
2025-03-02 20:00:00,7.1505685
2025-03-02 21:00:00,7.9828763
2025-03-02 22:00:00,8.974769
2025-03-02 23:00:00,9.281354
2025-03-03 00:00:00,9.068523
2025-03-03 01:00:00,8.744765
2025-03-03 02:00:00,8.585431
2025-03-03 03:00:00,8.502154
2025-03-03 04:00:00,8.334891
2025-03-03 05:00:00,8.215435
2025-03-03 06:00:00,8.260393
2025-03-03 07:00:00,7.5812874
2025-03-03 08:00:00,8.45177
2025-03-03 09:00:00,8.907258
2025-03-03 10:00:00,8.711533
2025-03-03 11:00:00,8.325465
2025-03-03 12:00:00,7.6919084
2025-03-03 13:00:00,7.377212
2025-03-03 14:00:00,7.1851826
2025-03-03 15:00:00,7.201731
2025-03-03 16:00:00,7.261264
2025-03-03 17:00:00,7.344156
2025-03-03 18:00:00,7.526542
2025-03-03 19:00:00,8.332102
2025-03-03 20:00:00,8.634317
2025-03-03 21:00:00,9.013582
2025-03-03 22:00:00,9.323991
2025-03-03 23:00:00,9.483473
2025-03-04 00:00:00,9.410122
2025-03-04 01:00:00,9.287948
2025-03-04 02:00:00,9.1263485
2025-03-04 03:00:00,8.994285
2025-03-04 04:00:00,8.796687
2025-03-04 05:00:00,8.585167
2025-03-04 06:00:00,8.264471
2025-03-04 07:00:00,7.7138243
2025-03-04 08:00:00,8.234269
2025-03-04 09:00:00,9.172854
2025-03-04 10:00:00,9.209259
2025-03-04 11:00:00,8.783981
2025-03-04 12:00:00,8.459775
2025-03-04 13:00:00,8.035512
2025-03-04 14:00:00,7.523927
2025-03-04 15:00:00,7.1472077
2025-03-04 16:00:00,6.9895434
2025-03-04 17:00:00,6.6895137
2025-03-04 18:00:00,6.6364584
2025-03-04 19:00:00,7.6214876
2025-03-04 20:00:00,8.604745
2025-03-04 21:00:00,9.123625
2025-03-04 22:00:00,8.736
2025-03-04 23:00:00,8.707423
2025-03-05 00:00:00,8.846644
2025-03-05 01:00:00,8.739228
2025-03-05 02:00:00,8.485794
2025-03-05 03:00:00,8.531215
2025-03-05 04:00:00,8.59325
2025-03-05 05:00:00,8.406901
2025-03-05 06:00:00,8.156772
2025-03-05 07:00:00,7.60323
2025-03-05 08:00:00,8.418787
2025-03-05 09:00:00,8.847492
2025-03-05 10:00:00,8.743113
2025-03-05 11:00:00,8.56125
2025-03-05 12:00:00,7.866318
2025-03-05 13:00:00,7.1900806
2025-03-05 14:00:00,6.7831836
2025-03-05 15:00:00,6.819966
2025-03-05 16:00:00,7.194493
2025-03-05 17:00:00,7.0479455
2025-03-05 18:00:00,6.9645467
2025-03-05 19:00:00,7.41336
2025-03-05 20:00:00,8.258278
2025-03-05 21:00:00,8.941537
2025-03-05 22:00:00,9.161306
2025-03-05 23:00:00,9.702907
2025-03-06 00:00:00,10.205662
2025-03-06 01:00:00,10.211049
2025-03-06 02:00:00,9.997522
2025-03-06 03:00:00,9.603524
2025-03-06 04:00:00,9.287338
2025-03-06 05:00:00,9.1784115
2025-03-06 06:00:00,8.945434
2025-03-06 07:00:00,8.1378
2025-03-06 08:00:00,8.658246
2025-03-06 09:00:00,8.974809
2025-03-06 10:00:00,9.297996
2025-03-06 11:00:00,9.12974
2025-03-06 12:00:00,8.637197
2025-03-06 13:00:00,8.159104
2025-03-06 14:00:00,7.828289
2025-03-06 15:00:00,7.7128143
2025-03-06 16:00:00,7.6910105
2025-03-06 17:00:00,7.262899
2025-03-06 18:00:00,8.046559
2025-03-06 19:00:00,8.853806
2025-03-06 20:00:00,9.338592
2025-03-06 21:00:00,9.235793
2025-03-06 22:00:00,9.300518
2025-03-06 23:00:00,9.643855
2025-03-07 00:00:00,9.865094
2025-03-07 01:00:00,10.111511
2025-03-07 02:00:00,10.308496
2025-03-07 03:00:00,10.464897
2025-03-07 04:00:00,10.417922
2025-03-07 05:00:00,9.973773
2025-03-07 06:00:00,9.455211
2025-03-07 07:00:00,8.753666
2025-03-07 08:00:00,9.166374
2025-03-07 09:00:00,9.468251
2025-03-07 10:00:00,9.577854
2025-03-07 11:00:00,9.186519
2025-03-07 12:00:00,8.481658
2025-03-07 13:00:00,7.824959
2025-03-07 14:00:00,7.2920275
2025-03-07 15:00:00,6.900636
2025-03-07 16:00:00,6.520656
2025-03-07 17:00:00,5.844131
2025-03-07 18:00:00,6.0260425
2025-03-07 19:00:00,7.210753
2025-03-07 20:00:00,8.77665
2025-03-07 21:00:00,9.167874
2025-03-07 22:00:00,9.21076
2025-03-07 23:00:00,9.294665
2025-03-08 00:00:00,9.165478
2025-03-08 01:00:00,8.778604
2025-03-08 02:00:00,8.474504
2025-03-08 03:00:00,8.455606
2025-03-08 04:00:00,8.4933815
2025-03-08 05:00:00,8.51864
2025-03-08 06:00:00,8.488275
2025-03-08 07:00:00,7.930363
2025-03-08 08:00:00,8.432478
2025-03-08 09:00:00,8.65347
2025-03-08 10:00:00,8.480837
2025-03-08 11:00:00,8.159409
2025-03-08 12:00:00,7.501458
2025-03-08 13:00:00,6.7069316
2025-03-08 14:00:00,5.9509964
2025-03-08 15:00:00,5.651294
2025-03-08 16:00:00,5.584834
2025-03-08 17:00:00,5.602822
2025-03-08 18:00:00,5.516866
2025-03-08 19:00:00,6.564535
2025-03-08 20:00:00,7.3368616
2025-03-08 21:00:00,7.844785
2025-03-08 22:00:00,8.279791
2025-03-08 23:00:00,8.526968
2025-03-09 00:00:00,8.866687
2025-03-09 01:00:00,9.697182
2025-03-09 02:00:00,9.923931
2025-03-09 03:00:00,9.874349
2025-03-09 04:00:00,9.548613
2025-03-09 05:00:00,9.211257
2025-03-09 06:00:00,8.857657
2025-03-09 07:00:00,8.512532
2025-03-09 08:00:00,8.394642
2025-03-09 09:00:00,8.217184
2025-03-09 10:00:00,7.845252
2025-03-09 11:00:00,7.0803537
2025-03-09 12:00:00,6.202045
2025-03-09 13:00:00,5.5265045
2025-03-09 14:00:00,4.9408064
2025-03-09 15:00:00,4.6757245
2025-03-09 16:00:00,4.670121
2025-03-09 17:00:00,4.7500834
2025-03-09 18:00:00,5.0290976
2025-03-09 19:00:00,6.4099517
2025-03-09 20:00:00,6.928532
2025-03-09 21:00:00,7.7421365
2025-03-09 22:00:00,8.697659
2025-03-09 23:00:00,8.515824
2025-03-10 00:00:00,8.0180435
2025-03-10 01:00:00,7.8238745
2025-03-10 02:00:00,7.796054
2025-03-10 03:00:00,7.8444905
2025-03-10 04:00:00,8.138384
2025-03-10 05:00:00,7.988976
2025-03-10 06:00:00,7.592294
2025-03-10 07:00:00,6.2814684
2025-03-10 08:00:00,6.304185
2025-03-10 09:00:00,6.585432
2025-03-10 10:00:00,6.642289
2025-03-10 11:00:00,5.9704523
2025-03-10 12:00:00,5.5259557
2025-03-10 13:00:00,5.1138554
2025-03-10 14:00:00,4.6479287
2025-03-10 15:00:00,4.3107657
2025-03-10 16:00:00,4.3284717
2025-03-10 17:00:00,3.9836187
2025-03-10 18:00:00,4.8492103
2025-03-10 19:00:00,6.1298957
2025-03-10 20:00:00,6.67183
2025-03-10 21:00:00,7.5640874
2025-03-10 22:00:00,7.650881
2025-03-10 23:00:00,7.3333526
2025-03-11 00:00:00,7.038484
2025-03-11 01:00:00,6.6021276
2025-03-11 02:00:00,6.583702
2025-03-11 03:00:00,6.6538353
2025-03-11 04:00:00,6.743906
2025-03-11 05:00:00,6.696976
2025-03-11 06:00:00,6.6213627
2025-03-11 07:00:00,5.9937825
2025-03-11 08:00:00,6.0986447
2025-03-11 09:00:00,5.8080926
2025-03-11 10:00:00,6.0348988
2025-03-11 11:00:00,5.7104096
2025-03-11 12:00:00,5.707497
2025-03-11 13:00:00,5.6100206
2025-03-11 14:00:00,5.5611525
2025-03-11 15:00:00,5.4786243
2025-03-11 16:00:00,5.7816467
2025-03-11 17:00:00,5.9568367
2025-03-11 18:00:00,5.8337035
2025-03-11 19:00:00,6.599397
2025-03-11 20:00:00,7.21846
2025-03-11 21:00:00,7.4482694
2025-03-11 22:00:00,7.162078
2025-03-11 23:00:00,7.098246
2025-03-12 00:00:00,7.176964
2025-03-12 01:00:00,7.5615244
2025-03-12 02:00:00,8.306568
2025-03-12 03:00:00,8.669619
2025-03-12 04:00:00,8.388458
2025-03-12 05:00:00,7.9711437
2025-03-12 06:00:00,7.912951
2025-03-12 07:00:00,7.438896
2025-03-12 08:00:00,7.82452
2025-03-12 09:00:00,7.8035593
2025-03-12 10:00:00,7.5549526
2025-03-12 11:00:00,7.284389
2025-03-12 12:00:00,6.976499
2025-03-12 13:00:00,6.847703
2025-03-12 14:00:00,6.7324314
2025-03-12 15:00:00,6.897273
2025-03-12 16:00:00,7.10714
2025-03-12 17:00:00,6.933091
2025-03-12 18:00:00,6.148088
2025-03-12 19:00:00,6.678601
2025-03-12 20:00:00,6.231984
2025-03-12 21:00:00,6.557953
2025-03-12 22:00:00,7.4049315
2025-03-12 23:00:00,7.905921
2025-03-13 00:00:00,7.64899
2025-03-13 01:00:00,7.466412
2025-03-13 02:00:00,7.7314577
2025-03-13 03:00:00,8.150113
2025-03-13 04:00:00,8.1810055
2025-03-13 05:00:00,7.9873934
2025-03-13 06:00:00,7.938752
2025-03-13 07:00:00,7.5965824
2025-03-13 08:00:00,7.834446
2025-03-13 09:00:00,7.60702
2025-03-13 10:00:00,7.1050396
2025-03-13 11:00:00,6.43138
2025-03-13 12:00:00,5.851146
2025-03-13 13:00:00,5.4219737
2025-03-13 14:00:00,5.0901427
2025-03-13 15:00:00,5.0697536
2025-03-13 16:00:00,5.235193
2025-03-13 17:00:00,5.2910194
2025-03-13 18:00:00,5.477245
2025-03-13 19:00:00,6.8487225
2025-03-13 20:00:00,7.9637055
2025-03-13 21:00:00,8.011123
2025-03-13 22:00:00,7.503451
2025-03-13 23:00:00,7.2143087
2025-03-14 00:00:00,7.2271748
2025-03-14 01:00:00,7.3543577
2025-03-14 02:00:00,7.423893
2025-03-14 03:00:00,7.4203563
2025-03-14 04:00:00,7.1009336
2025-03-14 05:00:00,6.795981
2025-03-14 06:00:00,6.6128225
2025-03-14 07:00:00,5.584108
2025-03-14 08:00:00,6.080065
2025-03-14 09:00:00,5.8784337
2025-03-14 10:00:00,5.2591724
2025-03-14 11:00:00,4.345636
2025-03-14 12:00:00,3.554646
2025-03-14 13:00:00,3.0938141
2025-03-14 14:00:00,3.1803908
2025-03-14 15:00:00,3.6189158
2025-03-14 16:00:00,3.3795464
2025-03-14 17:00:00,3.171692
2025-03-14 18:00:00,3.7192671
2025-03-14 19:00:00,4.7906
2025-03-14 20:00:00,4.747911
2025-03-14 21:00:00,4.6664176
2025-03-14 22:00:00,5.172154
2025-03-14 23:00:00,5.8174987
2025-03-15 00:00:00,5.9485655
2025-03-15 01:00:00,5.745783
2025-03-15 02:00:00,6.4648004
2025-03-15 03:00:00,7.9993076
2025-03-15 04:00:00,8.006286
2025-03-15 05:00:00,7.4107995
2025-03-15 06:00:00,7.187811
2025-03-15 07:00:00,6.117513
2025-03-15 08:00:00,6.472247
2025-03-15 09:00:00,6.6431217
2025-03-15 10:00:00,6.1967096
2025-03-15 11:00:00,5.2589645
2025-03-15 12:00:00,4.4818606
2025-03-15 13:00:00,3.8947272
2025-03-15 14:00:00,3.5224001
2025-03-15 15:00:00,3.5878968
2025-03-15 16:00:00,3.8972466
2025-03-15 17:00:00,4.167851
2025-03-15 18:00:00,4.9192023
2025-03-15 19:00:00,7.3515296
2025-03-15 20:00:00,7.4716697
2025-03-15 21:00:00,6.7680864
2025-03-15 22:00:00,6.336502
2025-03-15 23:00:00,6.037323
2025-03-16 00:00:00,5.85905
2025-03-16 01:00:00,5.785024
2025-03-16 02:00:00,6.1574073
2025-03-16 03:00:00,6.8927593
2025-03-16 04:00:00,7.063122
2025-03-16 05:00:00,6.945547
2025-03-16 06:00:00,6.7638974
2025-03-16 07:00:00,6.4235315
2025-03-16 08:00:00,7.4598737
2025-03-16 09:00:00,7.2457356
2025-03-16 10:00:00,6.776109
2025-03-16 11:00:00,6.0186152
2025-03-16 12:00:00,5.0633626
2025-03-16 13:00:00,4.4020085
2025-03-16 14:00:00,4.073534
2025-03-16 15:00:00,3.7190082
2025-03-16 16:00:00,3.7605002
2025-03-16 17:00:00,3.9704077
2025-03-16 18:00:00,3.8632276
2025-03-16 19:00:00,4.7041326
2025-03-16 20:00:00,5.2878647
2025-03-16 21:00:00,5.479255
2025-03-16 22:00:00,5.3506994
2025-03-16 23:00:00,4.970535
2025-03-17 00:00:00,4.4311237
2025-03-17 01:00:00,4.114649
2025-03-17 02:00:00,4.115371
2025-03-17 03:00:00,4.3721566
2025-03-17 04:00:00,4.771545
2025-03-17 05:00:00,5.085925
2025-03-17 06:00:00,5.1875215
2025-03-17 07:00:00,5.291644
2025-03-17 08:00:00,6.4373116
2025-03-17 09:00:00,6.4084373
2025-03-17 10:00:00,5.8705273
2025-03-17 11:00:00,5.393184
2025-03-17 12:00:00,4.7654157
2025-03-17 13:00:00,4.216995
2025-03-17 14:00:00,3.8676374
2025-03-17 15:00:00,3.499346
2025-03-17 16:00:00,3.4104624
2025-03-17 17:00:00,2.955876
2025-03-17 18:00:00,1.7034546
2025-03-17 19:00:00,2.0138729
2025-03-17 20:00:00,2.8548295
2025-03-17 21:00:00,3.5848713
2025-03-17 22:00:00,4.7347407
2025-03-17 23:00:00,5.1873097
2025-03-18 00:00:00,4.747362
2025-03-18 01:00:00,4.351456
2025-03-18 02:00:00,4.3710446
2025-03-18 03:00:00,4.5479813
2025-03-18 04:00:00,4.053601
2025-03-18 05:00:00,3.0460918
2025-03-18 06:00:00,2.532816
2025-03-18 07:00:00,1.7310649
2025-03-18 08:00:00,2.9064763
2025-03-18 09:00:00,3.2235181
2025-03-18 10:00:00,3.3447938
2025-03-18 11:00:00,3.6469166
2025-03-18 12:00:00,3.7608395
2025-03-18 13:00:00,3.800724
2025-03-18 14:00:00,3.7424057
2025-03-18 15:00:00,3.594258
2025-03-18 16:00:00,3.55451
2025-03-18 17:00:00,3.38639
2025-03-18 18:00:00,3.7407858
2025-03-18 19:00:00,4.4122596
2025-03-18 20:00:00,4.998831
2025-03-18 21:00:00,5.083417
2025-03-18 22:00:00,5.347713
2025-03-18 23:00:00,5.5628285
2025-03-19 00:00:00,5.0604568
2025-03-19 01:00:00,4.017805
2025-03-19 02:00:00,3.2335896
2025-03-19 03:00:00,2.6088676
2025-03-19 04:00:00,2.4467347
2025-03-19 05:00:00,2.9323037
2025-03-19 06:00:00,3.289238
2025-03-19 07:00:00,2.8825421
2025-03-19 08:00:00,3.598491
2025-03-19 09:00:00,3.5784378
2025-03-19 10:00:00,3.3236935
2025-03-19 11:00:00,3.090631
2025-03-19 12:00:00,2.9215562
2025-03-19 13:00:00,2.6237295
2025-03-19 14:00:00,2.429948
2025-03-19 15:00:00,2.5068069
2025-03-19 16:00:00,2.799592
2025-03-19 17:00:00,2.9911323
2025-03-19 18:00:00,3.641596
2025-03-19 19:00:00,4.4751077
2025-03-19 20:00:00,4.8532405
2025-03-19 21:00:00,5.103603
2025-03-19 22:00:00,4.95575
2025-03-19 23:00:00,5.127592
2025-03-20 00:00:00,5.328268
2025-03-20 01:00:00,5.4271703
2025-03-20 02:00:00,5.3925276
2025-03-20 03:00:00,4.762561
2025-03-20 04:00:00,3.836569
2025-03-20 05:00:00,2.892057
2025-03-20 06:00:00,1.9208181
2025-03-20 07:00:00,2.0670805
2025-03-20 08:00:00,2.7853367
2025-03-20 09:00:00,4.955509
2025-03-20 10:00:00,4.6384854
2025-03-20 11:00:00,4.22239
2025-03-20 12:00:00,3.7110267
2025-03-20 13:00:00,2.86105
2025-03-20 14:00:00,2.667915
2025-03-20 15:00:00,2.8676276
2025-03-20 16:00:00,3.3307984
2025-03-20 17:00:00,3.8430943
2025-03-20 18:00:00,3.7452168
2025-03-20 19:00:00,3.6413496
2025-03-20 20:00:00,3.5448046
2025-03-20 21:00:00,4.4870625
2025-03-20 22:00:00,4.602686
2025-03-20 23:00:00,4.4284844
2025-03-21 00:00:00,4.096772
2025-03-21 01:00:00,3.6475883
2025-03-21 02:00:00,3.6079178
2025-03-21 03:00:00,3.5928652
2025-03-21 04:00:00,2.7166853
2025-03-21 05:00:00,1.7242576
2025-03-21 06:00:00,1.6504257
2025-03-21 07:00:00,1.2621833
2025-03-21 08:00:00,2.675402
2025-03-21 09:00:00,3.8518302
2025-03-21 10:00:00,4.332196
2025-03-21 11:00:00,4.265456
2025-03-21 12:00:00,4.0681033
2025-03-21 13:00:00,3.7244294
2025-03-21 14:00:00,3.5775328
2025-03-21 15:00:00,3.263399
2025-03-21 16:00:00,3.1767685
2025-03-21 17:00:00,3.0482962
2025-03-21 18:00:00,3.922192
2025-03-21 19:00:00,5.4710712
2025-03-21 20:00:00,5.2134614
2025-03-21 21:00:00,4.5906677
2025-03-21 22:00:00,4.1749187
2025-03-21 23:00:00,4.260785
2025-03-22 00:00:00,4.0704465
2025-03-22 01:00:00,3.4786427
2025-03-22 02:00:00,2.503966
2025-03-22 03:00:00,1.172554
2025-03-22 04:00:00,1.0568539
2025-03-22 05:00:00,3.0995283
2025-03-22 06:00:00,4.323329
2025-03-22 07:00:00,3.983783
2025-03-22 08:00:00,4.3593755
2025-03-22 09:00:00,4.5860605
2025-03-22 10:00:00,4.112479
2025-03-22 11:00:00,3.6790783
2025-03-22 12:00:00,3.4471593
2025-03-22 13:00:00,3.2386522
2025-03-22 14:00:00,3.1327116
2025-03-22 15:00:00,3.0415995
2025-03-22 16:00:00,2.923893
2025-03-22 17:00:00,2.9357743
2025-03-22 18:00:00,4.1586585
2025-03-22 19:00:00,6.2325044
2025-03-22 20:00:00,6.6947618
2025-03-22 21:00:00,6.277153
2025-03-22 22:00:00,5.6286974
2025-03-22 23:00:00,5.249307
2025-03-23 00:00:00,4.4413886
2025-03-23 01:00:00,4.251035
2025-03-23 02:00:00,4.101479
2025-03-23 03:00:00,4.7327685
2025-03-23 04:00:00,5.6673117
2025-03-23 05:00:00,6.069611
2025-03-23 06:00:00,6.1408424
2025-03-23 07:00:00,5.8666515
2025-03-23 08:00:00,5.447059
2025-03-23 09:00:00,4.6214533
2025-03-23 10:00:00,4.071029
2025-03-23 11:00:00,3.7500162
2025-03-23 12:00:00,3.578564
2025-03-23 13:00:00,3.359682
2025-03-23 14:00:00,3.3032408
2025-03-23 15:00:00,3.6134999
2025-03-23 16:00:00,3.8238308
2025-03-23 17:00:00,4.103581
2025-03-23 18:00:00,3.8816278
2025-03-23 19:00:00,3.6680613
2025-03-23 20:00:00,3.8840353
2025-03-23 21:00:00,4.010108
2025-03-23 22:00:00,4.139573
2025-03-23 23:00:00,3.8867095
2025-03-24 00:00:00,3.4379814
2025-03-24 01:00:00,2.651926
2025-03-24 02:00:00,2.334135
2025-03-24 03:00:00,3.8731642
2025-03-24 04:00:00,4.981002
2025-03-24 05:00:00,4.914045
2025-03-24 06:00:00,5.019538
2025-03-24 07:00:00,3.9922624
2025-03-24 08:00:00,4.771463
2025-03-24 09:00:00,4.7061887
2025-03-24 10:00:00,4.608467
2025-03-24 11:00:00,4.7045317
2025-03-24 12:00:00,4.4874425
2025-03-24 13:00:00,4.2066817
2025-03-24 14:00:00,4.0372095
2025-03-24 15:00:00,3.8501194
2025-03-24 16:00:00,3.831497
2025-03-24 17:00:00,3.8922496
2025-03-24 18:00:00,3.7329788
2025-03-24 19:00:00,3.8017526
2025-03-24 20:00:00,4.285539
2025-03-24 21:00:00,5.102908
2025-03-24 22:00:00,5.409707
2025-03-24 23:00:00,5.1796885
2025-03-25 00:00:00,4.585939
2025-03-25 01:00:00,4.257606
2025-03-25 02:00:00,4.8580775
2025-03-25 03:00:00,5.756844
2025-03-25 04:00:00,6.2786875
2025-03-25 05:00:00,6.4410152
2025-03-25 06:00:00,6.585451
2025-03-25 07:00:00,5.7945046
2025-03-25 08:00:00,6.07768
2025-03-25 09:00:00,5.6328664
2025-03-25 10:00:00,4.79884
2025-03-25 11:00:00,4.1313987
2025-03-25 12:00:00,3.6833413
2025-03-25 13:00:00,3.60417
2025-03-25 14:00:00,3.5557764
2025-03-25 15:00:00,3.5566144
2025-03-25 16:00:00,3.7831054
2025-03-25 17:00:00,4.177089
2025-03-25 18:00:00,4.565552
2025-03-25 19:00:00,5.0219593
2025-03-25 20:00:00,5.2676954
2025-03-25 21:00:00,5.7462144
2025-03-25 22:00:00,6.356415
2025-03-25 23:00:00,6.3383718
2025-03-26 00:00:00,5.7936244
2025-03-26 01:00:00,4.9528046
2025-03-26 02:00:00,4.5436497
2025-03-26 03:00:00,4.174962
2025-03-26 04:00:00,4.347573
2025-03-26 05:00:00,4.8191495
2025-03-26 06:00:00,5.3971
2025-03-26 07:00:00,5.4593525
2025-03-26 08:00:00,5.998161
2025-03-26 09:00:00,5.8224063
2025-03-26 10:00:00,5.3288207
2025-03-26 11:00:00,4.7972627
2025-03-26 12:00:00,4.2449846
2025-03-26 13:00:00,3.9922183
2025-03-26 14:00:00,3.811421
2025-03-26 15:00:00,3.7606103
2025-03-26 16:00:00,3.9519901
2025-03-26 17:00:00,4.396793
2025-03-26 18:00:00,4.7442393
2025-03-26 19:00:00,5.1956577
2025-03-26 20:00:00,5.3816004
2025-03-26 21:00:00,5.6432514
2025-03-26 22:00:00,6.0795884
2025-03-26 23:00:00,6.0556684
2025-03-27 00:00:00,5.501868
2025-03-27 01:00:00,4.630941
2025-03-27 02:00:00,4.0885277
2025-03-27 03:00:00,4.6392956
2025-03-27 04:00:00,5.2535515
2025-03-27 05:00:00,5.496683
2025-03-27 06:00:00,5.9486947
2025-03-27 07:00:00,5.423046
2025-03-27 08:00:00,6.0417075
2025-03-27 09:00:00,5.6796455
2025-03-27 10:00:00,5.598579
2025-03-27 11:00:00,5.312652
2025-03-27 12:00:00,4.5472393
2025-03-27 13:00:00,4.4174805
2025-03-27 14:00:00,4.362853
2025-03-27 15:00:00,4.1611476
2025-03-27 16:00:00,3.791566
2025-03-27 17:00:00,3.7444088
2025-03-27 18:00:00,4.052737
2025-03-27 19:00:00,3.9647212
2025-03-27 20:00:00,4.414909
2025-03-27 21:00:00,4.399808
2025-03-27 22:00:00,4.3834696
2025-03-27 23:00:00,4.9365644
2025-03-28 00:00:00,5.090674
2025-03-28 01:00:00,4.944089
2025-03-28 02:00:00,5.073532
2025-03-28 03:00:00,5.1333265
2025-03-28 04:00:00,5.3808293
2025-03-28 05:00:00,5.7006903
2025-03-28 06:00:00,5.832189
2025-03-28 07:00:00,5.3152995
2025-03-28 08:00:00,5.6873937
2025-03-28 09:00:00,5.735684
2025-03-28 10:00:00,5.817299
2025-03-28 11:00:00,5.0242877
2025-03-28 12:00:00,4.1301866
2025-03-28 13:00:00,3.58999
2025-03-28 14:00:00,3.481628
2025-03-28 15:00:00,3.324768
2025-03-28 16:00:00,3.4123533
2025-03-28 17:00:00,3.32214
2025-03-28 18:00:00,3.1400955
2025-03-28 19:00:00,4.011047
2025-03-28 20:00:00,3.3778718
2025-03-28 21:00:00,2.5108502
2025-03-28 22:00:00,2.5716522
2025-03-28 23:00:00,3.156684
2025-03-29 00:00:00,3.6208265
2025-03-29 01:00:00,3.7239587
2025-03-29 02:00:00,3.7658572
2025-03-29 03:00:00,4.0591207
2025-03-29 04:00:00,4.6479607
2025-03-29 05:00:00,5.1138787
2025-03-29 06:00:00,5.5285473
2025-03-29 07:00:00,4.9765654
2025-03-29 08:00:00,5.298363
2025-03-29 09:00:00,4.9994626
2025-03-29 10:00:00,4.2278547
2025-03-29 11:00:00,3.6821918
2025-03-29 12:00:00,3.4367733
2025-03-29 13:00:00,3.463431
2025-03-29 14:00:00,3.7050261
2025-03-29 15:00:00,3.536196
2025-03-29 16:00:00,3.4035656
2025-03-29 17:00:00,3.6387584
2025-03-29 18:00:00,4.1440907
2025-03-29 19:00:00,4.8788843
2025-03-29 20:00:00,5.093223
2025-03-29 21:00:00,5.0154552
2025-03-29 22:00:00,5.0593657
2025-03-29 23:00:00,5.388402
2025-03-30 00:00:00,5.6095634
2025-03-30 01:00:00,5.3123693
2025-03-30 02:00:00,5.1549387
2025-03-30 03:00:00,4.8041387
2025-03-30 04:00:00,4.9050574
2025-03-30 05:00:00,5.530629
2025-03-30 06:00:00,6.0645328
2025-03-30 07:00:00,6.18976
2025-03-30 08:00:00,6.9013042
2025-03-30 09:00:00,6.6424127
2025-03-30 10:00:00,6.1716623
2025-03-30 11:00:00,5.593422
2025-03-30 12:00:00,5.331573
2025-03-30 13:00:00,5.0951357
2025-03-30 14:00:00,4.741419
2025-03-30 15:00:00,4.3373766
2025-03-30 16:00:00,4.2385845
2025-03-30 17:00:00,4.215522
2025-03-30 18:00:00,4.5668135
2025-03-30 19:00:00,4.904926
2025-03-30 20:00:00,5.039499
2025-03-30 21:00:00,5.6076474
2025-03-30 22:00:00,6.439875
2025-03-30 23:00:00,6.4028163
2025-03-31 00:00:00,5.33785
2025-03-31 01:00:00,4.7263436
2025-03-31 02:00:00,5.7657294
2025-03-31 03:00:00,7.448261
2025-03-31 04:00:00,8.000458
2025-03-31 05:00:00,7.865245
2025-03-31 06:00:00,7.8769984
2025-03-31 07:00:00,7.852896
2025-03-31 08:00:00,8.369111
2025-03-31 09:00:00,7.8727226
2025-03-31 10:00:00,7.4411855
2025-03-31 11:00:00,7.104685
2025-03-31 12:00:00,6.846121
2025-03-31 13:00:00,6.580186
2025-03-31 14:00:00,6.443938
2025-03-31 15:00:00,6.2967114
2025-03-31 16:00:00,6.2971206
2025-03-31 17:00:00,5.7103825
2025-03-31 18:00:00,4.998107
2025-03-31 19:00:00,5.285623
2025-03-31 20:00:00,5.7113543
2025-03-31 21:00:00,7.1009517
2025-03-31 22:00:00,8.24707
2025-03-31 23:00:00,8.065528
2025-04-01 00:00:00,8.080561
2025-04-01 01:00:00,8.451995
2025-04-01 02:00:00,8.569443
2025-04-01 03:00:00,8.587195
2025-04-01 04:00:00,8.43798
2025-04-01 05:00:00,8.209304
2025-04-01 06:00:00,8.139519
2025-04-01 07:00:00,8.435417
2025-04-01 08:00:00,8.833022
2025-04-01 09:00:00,8.694668
2025-04-01 10:00:00,8.4782295
2025-04-01 11:00:00,8.18574
2025-04-01 12:00:00,7.6492867
2025-04-01 13:00:00,7.554105
2025-04-01 14:00:00,7.5745473
2025-04-01 15:00:00,7.421094
2025-04-01 16:00:00,7.476204
2025-04-01 17:00:00,6.7022295
2025-04-01 18:00:00,6.1552267
2025-04-01 19:00:00,6.4844966
2025-04-01 20:00:00,7.510746
2025-04-01 21:00:00,7.978491
2025-04-01 22:00:00,7.8328443
2025-04-01 23:00:00,7.597074
2025-04-02 00:00:00,7.702409
2025-04-02 01:00:00,8.253574
2025-04-02 02:00:00,8.568442
2025-04-02 03:00:00,8.454221
2025-04-02 04:00:00,8.189639
2025-04-02 05:00:00,8.115833
2025-04-02 06:00:00,8.152818
2025-04-02 07:00:00,8.010645
2025-04-02 08:00:00,8.635327
2025-04-02 09:00:00,8.762034
2025-04-02 10:00:00,8.789953
2025-04-02 11:00:00,8.328917
2025-04-02 12:00:00,7.398088
2025-04-02 13:00:00,6.464599
2025-04-02 14:00:00,5.92755
2025-04-02 15:00:00,5.7355185
2025-04-02 16:00:00,5.5557065
2025-04-02 17:00:00,5.032393
2025-04-02 18:00:00,4.573323
2025-04-02 19:00:00,4.8070326
2025-04-02 20:00:00,5.354037
2025-04-02 21:00:00,5.956829
2025-04-02 22:00:00,6.320473
2025-04-02 23:00:00,6.583437
2025-04-03 00:00:00,6.610236
2025-04-03 01:00:00,6.570975
2025-04-03 02:00:00,6.773226
2025-04-03 03:00:00,6.9565287
2025-04-03 04:00:00,7.135152
2025-04-03 05:00:00,7.4148383
2025-04-03 06:00:00,7.548469
2025-04-03 07:00:00,6.9114175
2025-04-03 08:00:00,7.341562
2025-04-03 09:00:00,7.1389403
2025-04-03 10:00:00,6.668745
2025-04-03 11:00:00,6.111131
2025-04-03 12:00:00,5.4379897
2025-04-03 13:00:00,4.9485464
2025-04-03 14:00:00,4.672163
2025-04-03 15:00:00,4.5660357
2025-04-03 16:00:00,4.628723
2025-04-03 17:00:00,4.322669
2025-04-03 18:00:00,4.3560033
2025-04-03 19:00:00,5.762956
2025-04-03 20:00:00,6.7657604
2025-04-03 21:00:00,8.071068
2025-04-03 22:00:00,9.101108
2025-04-03 23:00:00,8.884759
2025-04-04 00:00:00,8.422971
2025-04-04 01:00:00,8.1905365
2025-04-04 02:00:00,8.202388
2025-04-04 03:00:00,8.774068
2025-04-04 04:00:00,8.989063
2025-04-04 05:00:00,8.727961
2025-04-04 06:00:00,8.281419
2025-04-04 07:00:00,7.157921
2025-04-04 08:00:00,6.9793534
2025-04-04 09:00:00,6.6494446
2025-04-04 10:00:00,6.317414
2025-04-04 11:00:00,5.6693416
2025-04-04 12:00:00,4.969175
2025-04-04 13:00:00,4.2006273
2025-04-04 14:00:00,3.8031564
2025-04-04 15:00:00,3.7992613
2025-04-04 16:00:00,3.697612
2025-04-04 17:00:00,3.8675377
2025-04-04 18:00:00,4.7081876
2025-04-04 19:00:00,5.781459
2025-04-04 20:00:00,6.1013055
2025-04-04 21:00:00,7.003954
2025-04-04 22:00:00,8.021316
2025-04-04 23:00:00,7.6867256
2025-04-05 00:00:00,6.6747932
2025-04-05 01:00:00,6.0603886
2025-04-05 02:00:00,6.362503
2025-04-05 03:00:00,6.779424
2025-04-05 04:00:00,6.8131394
2025-04-05 05:00:00,7.007068
2025-04-05 06:00:00,7.2518644
2025-04-05 07:00:00,7.024729
2025-04-05 08:00:00,7.380697
2025-04-05 09:00:00,7.073923
2025-04-05 10:00:00,6.480522
2025-04-05 11:00:00,6.174955
2025-04-05 12:00:00,5.770693
2025-04-05 13:00:00,5.4498224
2025-04-05 14:00:00,5.2324476
2025-04-05 15:00:00,4.9719186
2025-04-05 16:00:00,4.8117204
2025-04-05 17:00:00,4.4094563
2025-04-05 18:00:00,3.8920732
2025-04-05 19:00:00,4.392545
2025-04-05 20:00:00,4.9525204
2025-04-05 21:00:00,6.0101066
2025-04-05 22:00:00,6.746505
2025-04-05 23:00:00,6.9480605
2025-04-06 00:00:00,7.095359
2025-04-06 01:00:00,7.509479
2025-04-06 02:00:00,8.1859865
2025-04-06 03:00:00,8.533191
2025-04-06 04:00:00,8.483162
2025-04-06 05:00:00,8.366564
2025-04-06 06:00:00,8.192772
2025-04-06 07:00:00,7.4256496
2025-04-06 08:00:00,7.656698
2025-04-06 09:00:00,7.8904295
2025-04-06 10:00:00,7.786614
2025-04-06 11:00:00,7.636264
2025-04-06 12:00:00,7.409772
2025-04-06 13:00:00,7.1665053
2025-04-06 14:00:00,6.8703527
2025-04-06 15:00:00,6.655123
2025-04-06 16:00:00,6.7826414
2025-04-06 17:00:00,6.139048
2025-04-06 18:00:00,5.654393
2025-04-06 19:00:00,6.551146
2025-04-06 20:00:00,7.4958816
2025-04-06 21:00:00,8.2670355
2025-04-06 22:00:00,8.830659
2025-04-06 23:00:00,9.022374
2025-04-07 00:00:00,9.024786
2025-04-07 01:00:00,9.226269
2025-04-07 02:00:00,9.53783
2025-04-07 03:00:00,9.810366
2025-04-07 04:00:00,9.61158
2025-04-07 05:00:00,9.290217
2025-04-07 06:00:00,8.960312
2025-04-07 07:00:00,8.419366
2025-04-07 08:00:00,8.27296
2025-04-07 09:00:00,8.132416
2025-04-07 10:00:00,7.9524403
2025-04-07 11:00:00,7.4033775
2025-04-07 12:00:00,6.902458
2025-04-07 13:00:00,6.473365
2025-04-07 14:00:00,6.068881
2025-04-07 15:00:00,5.7924128
2025-04-07 16:00:00,5.631905
2025-04-07 17:00:00,5.3017287
2025-04-07 18:00:00,4.872725
2025-04-07 19:00:00,4.9981027
2025-04-07 20:00:00,5.3609066
2025-04-07 21:00:00,6.083012
2025-04-07 22:00:00,6.675463
2025-04-07 23:00:00,6.886802
2025-04-08 00:00:00,6.6879525
2025-04-08 01:00:00,6.748235
2025-04-08 02:00:00,7.3772564
2025-04-08 03:00:00,8.196501
2025-04-08 04:00:00,8.478378
2025-04-08 05:00:00,8.507285
2025-04-08 06:00:00,8.412942
2025-04-08 07:00:00,8.07799
2025-04-08 08:00:00,8.83331
2025-04-08 09:00:00,8.489514
2025-04-08 10:00:00,8.171854
2025-04-08 11:00:00,7.6424656
2025-04-08 12:00:00,7.1109557
2025-04-08 13:00:00,6.536781
2025-04-08 14:00:00,6.091544
2025-04-08 15:00:00,5.823886
2025-04-08 16:00:00,5.660325
2025-04-08 17:00:00,5.2016077
2025-04-08 18:00:00,4.7133164
2025-04-08 19:00:00,4.758525
2025-04-08 20:00:00,5.613846
2025-04-08 21:00:00,7.06328
2025-04-08 22:00:00,7.7720947
2025-04-08 23:00:00,7.4223256
2025-04-09 00:00:00,7.0055385
2025-04-09 01:00:00,6.945061
2025-04-09 02:00:00,7.2540584
2025-04-09 03:00:00,7.6276755
2025-04-09 04:00:00,7.9532256
2025-04-09 05:00:00,8.037872
2025-04-09 06:00:00,7.879643
2025-04-09 07:00:00,7.3753886
2025-04-09 08:00:00,7.8102684
2025-04-09 09:00:00,7.381
2025-04-09 10:00:00,6.874511
2025-04-09 11:00:00,6.1957755
2025-04-09 12:00:00,5.4276505
2025-04-09 13:00:00,4.948269
2025-04-09 14:00:00,4.648801
2025-04-09 15:00:00,4.5284085
2025-04-09 16:00:00,4.661331
2025-04-09 17:00:00,4.728376
2025-04-09 18:00:00,4.8965063
2025-04-09 19:00:00,5.328543
2025-04-09 20:00:00,5.762529
2025-04-09 21:00:00,6.2832727
2025-04-09 22:00:00,6.5491304
2025-04-09 23:00:00,6.5196424
2025-04-10 00:00:00,6.223539
2025-04-10 01:00:00,6.1822243
2025-04-10 02:00:00,6.238761
2025-04-10 03:00:00,6.6593537
2025-04-10 04:00:00,7.125664
2025-04-10 05:00:00,7.285734
2025-04-10 06:00:00,7.1380887
2025-04-10 07:00:00,6.718446
2025-04-10 08:00:00,6.8202376
2025-04-10 09:00:00,6.195035
2025-04-10 10:00:00,5.395074
2025-04-10 11:00:00,4.5298243
2025-04-10 12:00:00,3.5622206
2025-04-10 13:00:00,2.676071
2025-04-10 14:00:00,2.211399
2025-04-10 15:00:00,2.1289399
2025-04-10 16:00:00,2.2125037
2025-04-10 17:00:00,2.4165618
2025-04-10 18:00:00,2.6812372
2025-04-10 19:00:00,3.8604257
2025-04-10 20:00:00,4.223255
2025-04-10 21:00:00,4.2348714
2025-04-10 22:00:00,4.0308757
2025-04-10 23:00:00,4.3024387
2025-04-11 00:00:00,4.6093535
2025-04-11 01:00:00,4.5956955
2025-04-11 02:00:00,4.3212132
2025-04-11 03:00:00,3.9158094
2025-04-11 04:00:00,3.195451
2025-04-11 05:00:00,2.189413
2025-04-11 06:00:00,2.0686214
2025-04-11 07:00:00,2.5088327
2025-04-11 08:00:00,2.611798
2025-04-11 09:00:00,3.2765658
2025-04-11 10:00:00,2.6927817
2025-04-11 11:00:00,2.2675488
2025-04-11 12:00:00,2.096218
2025-04-11 13:00:00,2.0428777
2025-04-11 14:00:00,2.2356744
2025-04-11 15:00:00,2.0611093
2025-04-11 16:00:00,1.9336846
2025-04-11 17:00:00,2.5339382
2025-04-11 18:00:00,3.597865
2025-04-11 19:00:00,3.193043
2025-04-11 20:00:00,3.037722
2025-04-11 21:00:00,1.1307135
2025-04-11 22:00:00,1.7230277
2025-04-11 23:00:00,2.2827787
2025-04-12 00:00:00,3.0739071
2025-04-12 01:00:00,2.817148
2025-04-12 02:00:00,2.0120554
2025-04-12 03:00:00,0.9318482
2025-04-12 04:00:00,0.6080193
2025-04-12 05:00:00,0.98759913
2025-04-12 06:00:00,0.846701
2025-04-12 07:00:00,0.45602003
2025-04-12 08:00:00,1.2234704
2025-04-12 09:00:00,1.8691875
2025-04-12 10:00:00,1.2799162
2025-04-12 11:00:00,1.7442416
2025-04-12 12:00:00,2.295299
2025-04-12 13:00:00,2.8515584
2025-04-12 14:00:00,3.642269
2025-04-12 15:00:00,4.555664
2025-04-12 16:00:00,4.332948
2025-04-12 17:00:00,3.994448
2025-04-12 18:00:00,4.323679
2025-04-12 19:00:00,4.781701
2025-04-12 20:00:00,4.35343
2025-04-12 21:00:00,4.87306
2025-04-12 22:00:00,4.142198
2025-04-12 23:00:00,4.648187
2025-04-13 00:00:00,4.6843863
2025-04-13 01:00:00,4.5383005
2025-04-13 02:00:00,4.8418956
2025-04-13 03:00:00,5.0620785
2025-04-13 04:00:00,5.3551035
2025-04-13 05:00:00,5.6419377
2025-04-13 06:00:00,5.772183
2025-04-13 07:00:00,5.1939673
2025-04-13 08:00:00,5.618797
2025-04-13 09:00:00,6.2262144
2025-04-13 10:00:00,6.1893406
2025-04-13 11:00:00,5.88928
2025-04-13 12:00:00,5.3764243
2025-04-13 13:00:00,5.0653925
2025-04-13 14:00:00,4.986586
2025-04-13 15:00:00,4.90502
2025-04-13 16:00:00,4.7541013
2025-04-13 17:00:00,4.701673
2025-04-13 18:00:00,5.0137877
2025-04-13 19:00:00,5.4237013
2025-04-13 20:00:00,5.5548096
2025-04-13 21:00:00,5.7909145
2025-04-13 22:00:00,5.998091
2025-04-13 23:00:00,6.329363
2025-04-14 00:00:00,6.572209
2025-04-14 01:00:00,6.6915226
2025-04-14 02:00:00,6.376587
2025-04-14 03:00:00,6.5859885
2025-04-14 04:00:00,6.837938
2025-04-14 05:00:00,6.8339067
2025-04-14 06:00:00,6.7575946
2025-04-14 07:00:00,6.5596232
2025-04-14 08:00:00,7.1107607
2025-04-14 09:00:00,6.647783
2025-04-14 10:00:00,6.1306286
2025-04-14 11:00:00,5.5195055
2025-04-14 12:00:00,4.8962665
2025-04-14 13:00:00,4.439133
2025-04-14 14:00:00,4.213768
2025-04-14 15:00:00,4.132199
2025-04-14 16:00:00,4.3663025
2025-04-14 17:00:00,4.6359076
2025-04-14 18:00:00,5.5191875
2025-04-14 19:00:00,6.1520805
2025-04-14 20:00:00,6.094542
2025-04-14 21:00:00,5.846321
2025-04-14 22:00:00,5.5512576
2025-04-14 23:00:00,5.270277
2025-04-15 00:00:00,5.088
2025-04-15 01:00:00,5.458379
2025-04-15 02:00:00,5.7192287
2025-04-15 03:00:00,5.978987
2025-04-15 04:00:00,6.3121095
2025-04-15 05:00:00,6.1873007
2025-04-15 06:00:00,6.0794826
2025-04-15 07:00:00,5.9266553
2025-04-15 08:00:00,5.9331784
2025-04-15 09:00:00,5.640356
2025-04-15 10:00:00,5.059458
2025-04-15 11:00:00,4.4417806
2025-04-15 12:00:00,3.7788248
2025-04-15 13:00:00,3.4617987
2025-04-15 14:00:00,3.109533
2025-04-15 15:00:00,2.9456818
2025-04-15 16:00:00,3.235669
2025-04-15 17:00:00,3.4073544
2025-04-15 18:00:00,3.6862721
2025-04-15 19:00:00,4.936945
2025-04-15 20:00:00,4.964365
2025-04-15 21:00:00,5.165787
2025-04-15 22:00:00,5.482901
2025-04-15 23:00:00,5.3143725
2025-04-16 00:00:00,4.5058484
2025-04-16 01:00:00,3.970659
2025-04-16 02:00:00,3.9496706
2025-04-16 03:00:00,3.9742393
2025-04-16 04:00:00,4.209961
2025-04-16 05:00:00,4.5840416
2025-04-16 06:00:00,5.2126
2025-04-16 07:00:00,5.1055937
2025-04-16 08:00:00,5.7005854
2025-04-16 09:00:00,5.844539
2025-04-16 10:00:00,5.3345337
2025-04-16 11:00:00,5.130129
2025-04-16 12:00:00,4.9346604
2025-04-16 13:00:00,4.7122207
2025-04-16 14:00:00,4.530745
2025-04-16 15:00:00,4.4869614
2025-04-16 16:00:00,4.4877253
2025-04-16 17:00:00,4.2447987
2025-04-16 18:00:00,4.4099755
2025-04-16 19:00:00,4.617722
2025-04-16 20:00:00,4.971221
2025-04-16 21:00:00,5.266827
2025-04-16 22:00:00,5.71282
2025-04-16 23:00:00,5.881167
2025-04-17 00:00:00,5.689491
2025-04-17 01:00:00,5.565593
2025-04-17 02:00:00,5.516041
2025-04-17 03:00:00,5.550314
2025-04-17 04:00:00,6.0743017
2025-04-17 05:00:00,6.8530927
2025-04-17 06:00:00,7.183542
2025-04-17 07:00:00,6.1389804
2025-04-17 08:00:00,5.975996
2025-04-17 09:00:00,5.881316
2025-04-17 10:00:00,5.618618
2025-04-17 11:00:00,5.3434744
2025-04-17 12:00:00,4.825898
2025-04-17 13:00:00,4.5228667
2025-04-17 14:00:00,4.3282146
2025-04-17 15:00:00,4.30977
2025-04-17 16:00:00,4.369438
2025-04-17 17:00:00,4.2809806
2025-04-17 18:00:00,4.797325
2025-04-17 19:00:00,5.183222
2025-04-17 20:00:00,5.6118937
2025-04-17 21:00:00,5.845842
2025-04-17 22:00:00,6.009446
2025-04-17 23:00:00,6.2558427
2025-04-18 00:00:00,6.4403768
2025-04-18 01:00:00,6.6458035
2025-04-18 02:00:00,6.7010846
2025-04-18 03:00:00,7.1335692
2025-04-18 04:00:00,7.6655
2025-04-18 05:00:00,7.9535785
2025-04-18 06:00:00,8.005758
2025-04-18 07:00:00,8.086917
2025-04-18 08:00:00,7.5040684
2025-04-18 09:00:00,7.293397
2025-04-18 10:00:00,7.0261707
2025-04-18 11:00:00,6.7286577
2025-04-18 12:00:00,6.4318104
2025-04-18 13:00:00,6.103935
2025-04-18 14:00:00,5.791161
2025-04-18 15:00:00,5.4057245
2025-04-18 16:00:00,4.9664483
2025-04-18 17:00:00,4.4494166
2025-04-18 18:00:00,4.8460197
2025-04-18 19:00:00,5.2265043
2025-04-18 20:00:00,5.5497756
2025-04-18 21:00:00,5.832625
2025-04-18 22:00:00,6.0450726
2025-04-18 23:00:00,6.0560513
2025-04-19 00:00:00,5.993858
2025-04-19 01:00:00,6.2204375
2025-04-19 02:00:00,6.8749957
2025-04-19 03:00:00,7.6748366
2025-04-19 04:00:00,8.156495
2025-04-19 05:00:00,8.269041
2025-04-19 06:00:00,8.195027
2025-04-19 07:00:00,7.9786735
2025-04-19 08:00:00,7.098327
2025-04-19 09:00:00,6.7582755
2025-04-19 10:00:00,6.378811
2025-04-19 11:00:00,5.688936
2025-04-19 12:00:00,4.9612255
2025-04-19 13:00:00,4.3763404
2025-04-19 14:00:00,4.1683607
2025-04-19 15:00:00,4.239992
2025-04-19 16:00:00,4.557809
2025-04-19 17:00:00,4.756525
2025-04-19 18:00:00,5.573219
2025-04-19 19:00:00,4.9087105
2025-04-19 20:00:00,5.4322066
2025-04-19 21:00:00,5.4249845
2025-04-19 22:00:00,4.966851
2025-04-19 23:00:00,4.8379827
2025-04-20 00:00:00,4.8925962
2025-04-20 01:00:00,4.4515343
2025-04-20 02:00:00,4.386105
2025-04-20 03:00:00,5.03579
2025-04-20 04:00:00,5.801724
2025-04-20 05:00:00,6.4079547
2025-04-20 06:00:00,6.889582
2025-04-20 07:00:00,6.774007
2025-04-20 08:00:00,5.6139297
2025-04-20 09:00:00,4.988076
2025-04-20 10:00:00,4.3869615
2025-04-20 11:00:00,3.902023
2025-04-20 12:00:00,3.6419723
2025-04-20 13:00:00,3.5748165
2025-04-20 14:00:00,3.5852704
2025-04-20 15:00:00,3.5589747
2025-04-20 16:00:00,3.6988044
2025-04-20 17:00:00,4.0678616
2025-04-20 18:00:00,5.054826
2025-04-20 19:00:00,5.6518292
2025-04-20 20:00:00,5.828359
2025-04-20 21:00:00,5.4478307
2025-04-20 22:00:00,5.103293
2025-04-20 23:00:00,4.88286
2025-04-21 00:00:00,4.349777
2025-04-21 01:00:00,3.852398
2025-04-21 02:00:00,3.7570117
2025-04-21 03:00:00,4.0161734
2025-04-21 04:00:00,4.540592
2025-04-21 05:00:00,4.721161
2025-04-21 06:00:00,4.9552345
2025-04-21 07:00:00,4.712997
2025-04-21 08:00:00,3.9162936
2025-04-21 09:00:00,4.413817
2025-04-21 10:00:00,3.893731
2025-04-21 11:00:00,3.3199706
2025-04-21 12:00:00,2.9187338
2025-04-21 13:00:00,2.392666
2025-04-21 14:00:00,1.9007066
2025-04-21 15:00:00,1.889341
2025-04-21 16:00:00,2.295367
2025-04-21 17:00:00,3.2253282
2025-04-21 18:00:00,4.7640033
2025-04-21 19:00:00,5.1764607
2025-04-21 20:00:00,5.7181125
2025-04-21 21:00:00,5.6751995
2025-04-21 22:00:00,4.8953495
2025-04-21 23:00:00,4.4375196
2025-04-22 00:00:00,4.3730464
2025-04-22 01:00:00,3.923582
2025-04-22 02:00:00,4.3799677
2025-04-22 03:00:00,4.306743
2025-04-22 04:00:00,4.4280396
2025-04-22 05:00:00,5.273956
2025-04-22 06:00:00,5.894734
2025-04-22 07:00:00,5.9552007
2025-04-22 08:00:00,6.6812234
2025-04-22 09:00:00,7.09814
2025-04-22 10:00:00,7.1182656
2025-04-22 11:00:00,6.45489
2025-04-22 12:00:00,5.8952293
2025-04-22 13:00:00,5.4139585
2025-04-22 14:00:00,5.0455856
2025-04-22 15:00:00,4.6537046
2025-04-22 16:00:00,4.3067126
2025-04-22 17:00:00,3.9910228
2025-04-22 18:00:00,4.3547277
2025-04-22 19:00:00,4.1188564
2025-04-22 20:00:00,3.7552311
2025-04-22 21:00:00,3.651079
2025-04-22 22:00:00,3.9652095
2025-04-22 23:00:00,4.9524055
2025-04-23 00:00:00,5.5137763
2025-04-23 01:00:00,5.754146
2025-04-23 02:00:00,6.1808634
2025-04-23 03:00:00,6.690014
2025-04-23 04:00:00,6.8395963
2025-04-23 05:00:00,7.0187
2025-04-23 06:00:00,7.179889
2025-04-23 07:00:00,6.7196946
2025-04-23 08:00:00,7.1536045
2025-04-23 09:00:00,7.068563
2025-04-23 10:00:00,6.906314
2025-04-23 11:00:00,6.679863
2025-04-23 12:00:00,6.401123
2025-04-23 13:00:00,5.9306664
2025-04-23 14:00:00,5.3906264
2025-04-23 15:00:00,5.150436
2025-04-23 16:00:00,5.1193223
2025-04-23 17:00:00,4.858275
2025-04-23 18:00:00,5.007708
2025-04-23 19:00:00,4.6073804
2025-04-23 20:00:00,4.3782315
2025-04-23 21:00:00,4.159198
2025-04-23 22:00:00,4.2758784
2025-04-23 23:00:00,5.375363
2025-04-24 00:00:00,6.0845184
2025-04-24 01:00:00,6.5500684
2025-04-24 02:00:00,7.1625257
2025-04-24 03:00:00,7.6868763
2025-04-24 04:00:00,7.8378177
2025-04-24 05:00:00,7.858567
2025-04-24 06:00:00,7.890276
2025-04-24 07:00:00,6.781876
2025-04-24 08:00:00,8.120134
2025-04-24 09:00:00,8.174699
2025-04-24 10:00:00,7.709166
2025-04-24 11:00:00,6.9646297
2025-04-24 12:00:00,6.177599
2025-04-24 13:00:00,5.7443805
2025-04-24 14:00:00,5.5310187
2025-04-24 15:00:00,5.2721643
2025-04-24 16:00:00,4.9182496
2025-04-24 17:00:00,4.366883
2025-04-24 18:00:00,4.6579776
2025-04-24 19:00:00,4.9104204
2025-04-24 20:00:00,4.769846
2025-04-24 21:00:00,5.0918827
2025-04-24 22:00:00,6.821027
2025-04-24 23:00:00,7.6534257
2025-04-25 00:00:00,7.7339697
2025-04-25 01:00:00,7.5517616
2025-04-25 02:00:00,7.449933
2025-04-25 03:00:00,7.5081844
2025-04-25 04:00:00,7.7489867
2025-04-25 05:00:00,7.884935
2025-04-25 06:00:00,7.649627
2025-04-25 07:00:00,7.7823925
2025-04-25 08:00:00,7.50736
2025-04-25 09:00:00,7.1012025
2025-04-25 10:00:00,6.9149666
2025-04-25 11:00:00,6.597273
2025-04-25 12:00:00,6.1179953
2025-04-25 13:00:00,5.708741
2025-04-25 14:00:00,5.3893723
2025-04-25 15:00:00,5.2032223
2025-04-25 16:00:00,5.0816364
2025-04-25 17:00:00,4.63631
2025-04-25 18:00:00,4.6842003
2025-04-25 19:00:00,4.351837
2025-04-25 20:00:00,4.861695
2025-04-25 21:00:00,5.2839227
2025-04-25 22:00:00,5.3817267
2025-04-25 23:00:00,5.4234347
2025-04-26 00:00:00,4.9470325
2025-04-26 01:00:00,4.9019237
2025-04-26 02:00:00,5.283859
2025-04-26 03:00:00,5.73297
2025-04-26 04:00:00,6.0969257
2025-04-26 05:00:00,6.469702
2025-04-26 06:00:00,6.637266
2025-04-26 07:00:00,6.564049
2025-04-26 08:00:00,6.1252847
2025-04-26 09:00:00,6.1464624
2025-04-26 10:00:00,5.8951044
2025-04-26 11:00:00,5.439375
2025-04-26 12:00:00,4.852955
2025-04-26 13:00:00,4.452192
2025-04-26 14:00:00,4.2395196
2025-04-26 15:00:00,4.0929947
2025-04-26 16:00:00,4.0852566
2025-04-26 17:00:00,3.9696884
2025-04-26 18:00:00,4.3438883
2025-04-26 19:00:00,4.760991
2025-04-26 20:00:00,5.133017
2025-04-26 21:00:00,6.144345
2025-04-26 22:00:00,6.4329877
2025-04-26 23:00:00,5.5710106
2025-04-27 00:00:00,4.559109
2025-04-27 01:00:00,4.509195
2025-04-27 02:00:00,5.0539393
2025-04-27 03:00:00,5.6294656
2025-04-27 04:00:00,6.103816
2025-04-27 05:00:00,6.2791543
2025-04-27 06:00:00,6.39067
2025-04-27 07:00:00,6.3096867
2025-04-27 08:00:00,5.8453712
2025-04-27 09:00:00,6.037767
2025-04-27 10:00:00,5.5018134
2025-04-27 11:00:00,4.803406
2025-04-27 12:00:00,4.3684688
2025-04-27 13:00:00,4.2169585
2025-04-27 14:00:00,4.0080757
2025-04-27 15:00:00,3.5677717
2025-04-27 16:00:00,3.3980684
2025-04-27 17:00:00,3.3077447
2025-04-27 18:00:00,3.3843455
2025-04-27 19:00:00,3.8142855
2025-04-27 20:00:00,3.6327033
2025-04-27 21:00:00,3.65546
2025-04-27 22:00:00,4.2598133
2025-04-27 23:00:00,4.0732913
2025-04-28 00:00:00,3.583285
2025-04-28 01:00:00,3.5644886
2025-04-28 02:00:00,4.0338864
2025-04-28 03:00:00,4.912646
2025-04-28 04:00:00,5.7401085
2025-04-28 05:00:00,6.1012897
2025-04-28 06:00:00,6.2445116
2025-04-28 07:00:00,5.902024
2025-04-28 08:00:00,5.6827626
2025-04-28 09:00:00,5.1062193
2025-04-28 10:00:00,4.4830275
2025-04-28 11:00:00,3.811603
2025-04-28 12:00:00,3.031414
2025-04-28 13:00:00,2.4370377
2025-04-28 14:00:00,2.0713701
2025-04-28 15:00:00,1.8875941
2025-04-28 16:00:00,2.2112885
2025-04-28 17:00:00,2.586199
2025-04-28 18:00:00,2.8903592
2025-04-28 19:00:00,3.9080253
2025-04-28 20:00:00,4.532867
2025-04-28 21:00:00,4.255451
2025-04-28 22:00:00,4.0450025
2025-04-28 23:00:00,4.1105633
2025-04-29 00:00:00,3.9438975
2025-04-29 01:00:00,4.0193176
2025-04-29 02:00:00,4.386271
2025-04-29 03:00:00,4.963484
2025-04-29 04:00:00,5.135924
2025-04-29 05:00:00,5.055542
2025-04-29 06:00:00,4.547286
2025-04-29 07:00:00,3.526423
2025-04-29 08:00:00,3.149752
2025-04-29 09:00:00,3.2666883
2025-04-29 10:00:00,2.8771715
2025-04-29 11:00:00,2.7375636
2025-04-29 12:00:00,2.2441192
2025-04-29 13:00:00,1.5777845
2025-04-29 14:00:00,0.699513
2025-04-29 15:00:00,0.6851218
2025-04-29 16:00:00,0.88440454
2025-04-29 17:00:00,1.1927471
2025-04-29 18:00:00,2.1713967
2025-04-29 19:00:00,3.8597193
2025-04-29 20:00:00,4.8859844
2025-04-29 21:00:00,5.284173
2025-04-29 22:00:00,4.9140573
2025-04-29 23:00:00,3.9092305
2025-04-30 00:00:00,3.339041
2025-04-30 01:00:00,3.6694992
2025-04-30 02:00:00,4.287601
2025-04-30 03:00:00,4.3653517
2025-04-30 04:00:00,4.2067637
2025-04-30 05:00:00,4.3182735
2025-04-30 06:00:00,4.246353
2025-04-30 07:00:00,3.062137
2025-04-30 08:00:00,2.512012
2025-04-30 09:00:00,2.1318924
2025-04-30 10:00:00,1.6873362
2025-04-30 11:00:00,2.6785011
2025-04-30 12:00:00,3.0600162
2025-04-30 13:00:00,3.1952286
2025-04-30 14:00:00,3.3119278
2025-04-30 15:00:00,3.434068
2025-04-30 16:00:00,3.3491437
2025-04-30 17:00:00,3.1754575
2025-04-30 18:00:00,3.2615097
2025-04-30 19:00:00,4.05197
2025-04-30 20:00:00,4.0001316
2025-04-30 21:00:00,4.243099
2025-04-30 22:00:00,5.0259857
2025-04-30 23:00:00,5.475966
2025-05-01 00:00:00,5.557388
2025-05-01 01:00:00,5.45028
2025-05-01 02:00:00,5.7205505
2025-05-01 03:00:00,6.2343454
2025-05-01 04:00:00,6.713255
2025-05-01 05:00:00,6.9807615
2025-05-01 06:00:00,7.0613847
2025-05-01 07:00:00,6.7344832
2025-05-01 08:00:00,8.444107
2025-05-01 09:00:00,8.08636
2025-05-01 10:00:00,7.4942093
2025-05-01 11:00:00,6.8679757
2025-05-01 12:00:00,6.4494143
2025-05-01 13:00:00,5.7740836
2025-05-01 14:00:00,5.1065493
2025-05-01 15:00:00,4.7044706
2025-05-01 16:00:00,4.6065826
2025-05-01 17:00:00,4.5700917
2025-05-01 18:00:00,5.243445
2025-05-01 19:00:00,5.1032166
2025-05-01 20:00:00,4.968819
2025-05-01 21:00:00,5.1270866
2025-05-01 22:00:00,5.9347835
2025-05-01 23:00:00,6.5268393
2025-05-02 00:00:00,6.8271313
2025-05-02 01:00:00,7.2007194
2025-05-02 02:00:00,7.541066
2025-05-02 03:00:00,7.4703794
2025-05-02 04:00:00,7.305461
2025-05-02 05:00:00,7.045974
2025-05-02 06:00:00,7.014969
2025-05-02 07:00:00,7.024284
2025-05-02 08:00:00,7.502863
2025-05-02 09:00:00,7.5040336
2025-05-02 10:00:00,7.225632
2025-05-02 11:00:00,6.9146566
2025-05-02 12:00:00,6.518651
2025-05-02 13:00:00,6.2635765
2025-05-02 14:00:00,6.22087
2025-05-02 15:00:00,5.908353
2025-05-02 16:00:00,5.8104215
2025-05-02 17:00:00,5.5885205
2025-05-02 18:00:00,6.422476
2025-05-02 19:00:00,7.938046
2025-05-02 20:00:00,9.660161
2025-05-02 21:00:00,9.535589
2025-05-02 22:00:00,9.020411
2025-05-02 23:00:00,8.93999
2025-05-03 00:00:00,8.264088
2025-05-03 01:00:00,8.347663
2025-05-03 02:00:00,8.569143
2025-05-03 03:00:00,8.199704
2025-05-03 04:00:00,8.372339
2025-05-03 05:00:00,8.198701
2025-05-03 06:00:00,8.136649
2025-05-03 07:00:00,8.717966
2025-05-03 08:00:00,9.786478
2025-05-03 09:00:00,9.273455
2025-05-03 10:00:00,8.6873455
2025-05-03 11:00:00,8.290188
2025-05-03 12:00:00,8.22606
2025-05-03 13:00:00,8.345426
2025-05-03 14:00:00,8.334998
2025-05-03 15:00:00,8.43317
2025-05-03 16:00:00,8.356604
2025-05-03 17:00:00,8.179843
2025-05-03 18:00:00,8.2948475
2025-05-03 19:00:00,7.583956
2025-05-03 20:00:00,7.5482974
2025-05-03 21:00:00,7.8268123
2025-05-03 22:00:00,8.325946
2025-05-03 23:00:00,8.558143
2025-05-04 00:00:00,9.078495
2025-05-04 01:00:00,9.541542
2025-05-04 02:00:00,9.620658
2025-05-04 03:00:00,9.358731
2025-05-04 04:00:00,8.943608
2025-05-04 05:00:00,8.7350445
2025-05-04 06:00:00,8.635336
2025-05-04 07:00:00,7.6066055
2025-05-04 08:00:00,8.153103
2025-05-04 09:00:00,8.241869
2025-05-04 10:00:00,8.55063
2025-05-04 11:00:00,8.186951
2025-05-04 12:00:00,7.3521357
2025-05-04 13:00:00,7.1379128
2025-05-04 14:00:00,7.4428916
2025-05-04 15:00:00,7.536783
2025-05-04 16:00:00,7.5529976
2025-05-04 17:00:00,7.8229475
2025-05-04 18:00:00,8.200936
2025-05-04 19:00:00,7.8053603
2025-05-04 20:00:00,7.5118537
2025-05-04 21:00:00,7.6437135
2025-05-04 22:00:00,7.572344
2025-05-04 23:00:00,7.8135786
2025-05-05 00:00:00,8.242585
2025-05-05 01:00:00,8.504524
2025-05-05 02:00:00,8.619
2025-05-05 03:00:00,8.62354
2025-05-05 04:00:00,8.495149
2025-05-05 05:00:00,8.292039
2025-05-05 06:00:00,8.127539
2025-05-05 07:00:00,8.861548
2025-05-05 08:00:00,10.537193
2025-05-05 09:00:00,9.970337
2025-05-05 10:00:00,9.23975
2025-05-05 11:00:00,8.481134
2025-05-05 12:00:00,7.7318535
2025-05-05 13:00:00,6.9703593
2025-05-05 14:00:00,6.255713
2025-05-05 15:00:00,5.6321144
2025-05-05 16:00:00,5.5531425
2025-05-05 17:00:00,5.742029
2025-05-05 18:00:00,6.291973
2025-05-05 19:00:00,7.090376
2025-05-05 20:00:00,8.088225
2025-05-05 21:00:00,8.523343
2025-05-05 22:00:00,8.62127
2025-05-05 23:00:00,8.517433
2025-05-06 00:00:00,8.304321
2025-05-06 01:00:00,8.325958
2025-05-06 02:00:00,8.613995
2025-05-06 03:00:00,8.609143
2025-05-06 04:00:00,8.486926
2025-05-06 05:00:00,8.188592
2025-05-06 06:00:00,7.701217
2025-05-06 07:00:00,7.3401794
2025-05-06 08:00:00,8.799536
2025-05-06 09:00:00,9.290344
2025-05-06 10:00:00,8.681129
2025-05-06 11:00:00,7.967915
2025-05-06 12:00:00,7.0803623
2025-05-06 13:00:00,6.5966015
2025-05-06 14:00:00,6.404598
2025-05-06 15:00:00,6.376433
2025-05-06 16:00:00,6.475921
2025-05-06 17:00:00,6.432394
2025-05-06 18:00:00,6.9840455
2025-05-06 19:00:00,7.9249697
2025-05-06 20:00:00,8.219286
2025-05-06 21:00:00,8.530211
2025-05-06 22:00:00,8.704886
2025-05-06 23:00:00,8.576421
2025-05-07 00:00:00,8.480147
2025-05-07 01:00:00,8.566937
2025-05-07 02:00:00,8.602143
2025-05-07 03:00:00,8.5231905
2025-05-07 04:00:00,8.919384
2025-05-07 05:00:00,9.033437
2025-05-07 06:00:00,8.794133
2025-05-07 07:00:00,8.089046
2025-05-07 08:00:00,8.512653
2025-05-07 09:00:00,8.456757
2025-05-07 10:00:00,8.590731
2025-05-07 11:00:00,7.862928
2025-05-07 12:00:00,6.9036098
2025-05-07 13:00:00,6.4404454
2025-05-07 14:00:00,6.3438005
2025-05-07 15:00:00,6.353809
2025-05-07 16:00:00,6.563236
2025-05-07 17:00:00,6.6534357
2025-05-07 18:00:00,6.664625
2025-05-07 19:00:00,6.594435
2025-05-07 20:00:00,7.299262
2025-05-07 21:00:00,7.767582
2025-05-07 22:00:00,7.724266
2025-05-07 23:00:00,7.4197745
2025-05-08 00:00:00,7.337564
2025-05-08 01:00:00,7.5045166
2025-05-08 02:00:00,7.5417423
2025-05-08 03:00:00,7.67131
2025-05-08 04:00:00,7.5669627
2025-05-08 05:00:00,7.565902
2025-05-08 06:00:00,7.6202145
2025-05-08 07:00:00,7.728654
2025-05-08 08:00:00,8.910207
2025-05-08 09:00:00,8.625398
2025-05-08 10:00:00,7.971617
2025-05-08 11:00:00,7.453289
2025-05-08 12:00:00,7.1714916
2025-05-08 13:00:00,7.2477565
2025-05-08 14:00:00,7.424228
2025-05-08 15:00:00,7.457694
2025-05-08 16:00:00,7.60922
2025-05-08 17:00:00,6.7858367
2025-05-08 18:00:00,6.629096
2025-05-08 19:00:00,7.8596606
2025-05-08 20:00:00,9.22384
2025-05-08 21:00:00,9.753615
2025-05-08 22:00:00,9.745606
2025-05-08 23:00:00,9.550164
2025-05-09 00:00:00,9.171637
2025-05-09 01:00:00,8.845331
2025-05-09 02:00:00,8.538755
2025-05-09 03:00:00,8.268828
2025-05-09 04:00:00,8.194919
2025-05-09 05:00:00,8.234536
2025-05-09 06:00:00,8.3819275
2025-05-09 07:00:00,8.850401
2025-05-09 08:00:00,8.847185
2025-05-09 09:00:00,8.963908
2025-05-09 10:00:00,8.644714
2025-05-09 11:00:00,8.064952
2025-05-09 12:00:00,7.742914
2025-05-09 13:00:00,7.170563
2025-05-09 14:00:00,6.6644588
2025-05-09 15:00:00,6.3948736
2025-05-09 16:00:00,6.394167
2025-05-09 17:00:00,6.0412927
2025-05-09 18:00:00,5.528338
2025-05-09 19:00:00,6.283216
2025-05-09 20:00:00,6.893492
2025-05-09 21:00:00,8.049885
2025-05-09 22:00:00,8.897523
2025-05-09 23:00:00,8.868064
2025-05-10 00:00:00,8.476712
2025-05-10 01:00:00,8.412122
2025-05-10 02:00:00,8.610516
2025-05-10 03:00:00,9.055521
2025-05-10 04:00:00,9.302212
2025-05-10 05:00:00,9.111591
2025-05-10 06:00:00,8.576751
2025-05-10 07:00:00,7.62171
2025-05-10 08:00:00,7.7345724
2025-05-10 09:00:00,7.7175584
2025-05-10 10:00:00,7.7491384
2025-05-10 11:00:00,7.5986166
2025-05-10 12:00:00,7.187105
2025-05-10 13:00:00,6.898709
2025-05-10 14:00:00,6.6979923
2025-05-10 15:00:00,6.992758
2025-05-10 16:00:00,7.5316963
2025-05-10 17:00:00,7.811565
2025-05-10 18:00:00,7.9835887
2025-05-10 19:00:00,8.483776
2025-05-10 20:00:00,8.821832
2025-05-10 21:00:00,8.944647
2025-05-10 22:00:00,9.162947
2025-05-10 23:00:00,8.640932
2025-05-11 00:00:00,8.427116
2025-05-11 01:00:00,8.422502
2025-05-11 02:00:00,8.545433
2025-05-11 03:00:00,8.731403
2025-05-11 04:00:00,8.59751
2025-05-11 05:00:00,8.325402
2025-05-11 06:00:00,8.116062
2025-05-11 07:00:00,7.641327
2025-05-11 08:00:00,8.209158
2025-05-11 09:00:00,8.33027
2025-05-11 10:00:00,8.092163
2025-05-11 11:00:00,7.363111
2025-05-11 12:00:00,6.736481
2025-05-11 13:00:00,6.2965007
2025-05-11 14:00:00,6.1661406
2025-05-11 15:00:00,6.24871
2025-05-11 16:00:00,6.371401
2025-05-11 17:00:00,6.129238
2025-05-11 18:00:00,6.4060354
2025-05-11 19:00:00,6.9706464
2025-05-11 20:00:00,8.121117
2025-05-11 21:00:00,8.987289
2025-05-11 22:00:00,8.995675
2025-05-11 23:00:00,8.520634
2025-05-12 00:00:00,8.289914
2025-05-12 01:00:00,8.210763
2025-05-12 02:00:00,8.130405
2025-05-12 03:00:00,7.573379
2025-05-12 04:00:00,7.905038
2025-05-12 05:00:00,7.816745
2025-05-12 06:00:00,7.880438
2025-05-12 07:00:00,8.084076
2025-05-12 08:00:00,9.445479
2025-05-12 09:00:00,9.244087
2025-05-12 10:00:00,8.581289
2025-05-12 11:00:00,8.012417
2025-05-12 12:00:00,7.541467
2025-05-12 13:00:00,7.523398
2025-05-12 14:00:00,7.4479036
2025-05-12 15:00:00,7.293551
2025-05-12 16:00:00,7.269367
2025-05-12 17:00:00,7.4995036
2025-05-12 18:00:00,7.3848195
2025-05-12 19:00:00,7.794123
2025-05-12 20:00:00,8.733721
2025-05-12 21:00:00,9.573978
2025-05-12 22:00:00,9.467977
2025-05-12 23:00:00,9.059885
2025-05-13 00:00:00,8.308324
2025-05-13 01:00:00,8.6811
2025-05-13 02:00:00,8.906697
2025-05-13 03:00:00,8.562467
2025-05-13 04:00:00,8.355118
2025-05-13 05:00:00,8.21307
2025-05-13 06:00:00,8.371173
2025-05-13 07:00:00,8.287917
2025-05-13 08:00:00,8.920419
2025-05-13 09:00:00,9.102553
2025-05-13 10:00:00,9.289191
2025-05-13 11:00:00,9.1319475
2025-05-13 12:00:00,8.893549
2025-05-13 13:00:00,8.713071
2025-05-13 14:00:00,8.445269
2025-05-13 15:00:00,7.9692693
2025-05-13 16:00:00,7.584275
2025-05-13 17:00:00,7.2816324
2025-05-13 18:00:00,6.9195223
2025-05-13 19:00:00,7.11065
2025-05-13 20:00:00,7.653019
2025-05-13 21:00:00,8.397863
2025-05-13 22:00:00,8.383553
2025-05-13 23:00:00,8.2368765
2025-05-14 00:00:00,8.220558
2025-05-14 01:00:00,8.233246
2025-05-14 02:00:00,8.04948
2025-05-14 03:00:00,7.8860025
2025-05-14 04:00:00,7.8604493
2025-05-14 05:00:00,8.071802
2025-05-14 06:00:00,7.926073
2025-05-14 07:00:00,7.50503
2025-05-14 08:00:00,9.482123
2025-05-14 09:00:00,9.925542
2025-05-14 10:00:00,10.004283
2025-05-14 11:00:00,9.696702
2025-05-14 12:00:00,9.424901
2025-05-14 13:00:00,9.399585
2025-05-14 14:00:00,8.816214
2025-05-14 15:00:00,8.578565
2025-05-14 16:00:00,8.302449
2025-05-14 17:00:00,8.099609
2025-05-14 18:00:00,7.9120426
2025-05-14 19:00:00,9.065468
2025-05-14 20:00:00,9.058707
2025-05-14 21:00:00,8.867676
2025-05-14 22:00:00,8.732787
2025-05-14 23:00:00,8.481754
2025-05-15 00:00:00,8.214452
2025-05-15 01:00:00,8.125661
2025-05-15 02:00:00,8.147429
2025-05-15 03:00:00,8.099878
2025-05-15 04:00:00,8.028772
2025-05-15 05:00:00,7.978329
2025-05-15 06:00:00,8.026633
2025-05-15 07:00:00,7.818793
2025-05-15 08:00:00,9.332317
2025-05-15 09:00:00,9.695822
2025-05-15 10:00:00,9.4542675
2025-05-15 11:00:00,9.008927
2025-05-15 12:00:00,8.942095
2025-05-15 13:00:00,8.79061
2025-05-15 14:00:00,8.416094
2025-05-15 15:00:00,8.045583
2025-05-15 16:00:00,8.1053915
2025-05-15 17:00:00,8.059504
2025-05-15 18:00:00,8.203747
2025-05-15 19:00:00,8.546125
2025-05-15 20:00:00,8.760593
2025-05-15 21:00:00,9.1284895
2025-05-15 22:00:00,9.152991
2025-05-15 23:00:00,8.612905
2025-05-16 00:00:00,8.160585
2025-05-16 01:00:00,7.97022
2025-05-16 02:00:00,7.7900286
2025-05-16 03:00:00,7.8734484
2025-05-16 04:00:00,7.968917
2025-05-16 05:00:00,8.108431
2025-05-16 06:00:00,7.93254
2025-05-16 07:00:00,7.896295
2025-05-16 08:00:00,8.639778
2025-05-16 09:00:00,10.054738
2025-05-16 10:00:00,10.102495
2025-05-16 11:00:00,9.998008
2025-05-16 12:00:00,9.612588
2025-05-16 13:00:00,9.167622
2025-05-16 14:00:00,8.619595
2025-05-16 15:00:00,8.188289
2025-05-16 16:00:00,8.1685295
2025-05-16 17:00:00,7.5446277
2025-05-16 18:00:00,7.122441
2025-05-16 19:00:00,7.7329173
2025-05-16 20:00:00,8.39468
2025-05-16 21:00:00,8.967068
2025-05-16 22:00:00,8.951981
2025-05-16 23:00:00,8.5995455
2025-05-17 00:00:00,8.472046
2025-05-17 01:00:00,8.6274605
2025-05-17 02:00:00,8.663272
2025-05-17 03:00:00,8.506466
2025-05-17 04:00:00,8.397099
2025-05-17 05:00:00,8.253525
2025-05-17 06:00:00,8.262366
2025-05-17 07:00:00,9.473389
2025-05-17 08:00:00,10.493911
2025-05-17 09:00:00,10.689374
2025-05-17 10:00:00,10.202683
2025-05-17 11:00:00,10.322674
2025-05-17 12:00:00,9.634786
2025-05-17 13:00:00,9.332593
2025-05-17 14:00:00,8.930598
2025-05-17 15:00:00,9.239676
2025-05-17 16:00:00,8.755023
2025-05-17 17:00:00,8.724032
2025-05-17 18:00:00,8.941984
2025-05-17 19:00:00,9.230949
2025-05-17 20:00:00,9.851761
2025-05-17 21:00:00,10.098998
2025-05-17 22:00:00,9.789136
2025-05-17 23:00:00,9.246616
2025-05-18 00:00:00,8.932127
2025-05-18 01:00:00,8.723031
2025-05-18 02:00:00,8.484701
2025-05-18 03:00:00,8.719433
2025-05-18 04:00:00,9.050498
2025-05-18 05:00:00,9.332171
2025-05-18 06:00:00,9.496749
2025-05-18 07:00:00,9.437704
2025-05-18 08:00:00,10.91696
2025-05-18 09:00:00,11.052751
2025-05-18 10:00:00,11.039631
2025-05-18 11:00:00,10.568592
2025-05-18 12:00:00,10.026029
2025-05-18 13:00:00,9.565795
2025-05-18 14:00:00,8.850613
2025-05-18 15:00:00,8.829183
2025-05-18 16:00:00,8.703374
2025-05-18 17:00:00,7.754898
2025-05-18 18:00:00,7.318974
2025-05-18 19:00:00,7.7475452
2025-05-18 20:00:00,8.051842
2025-05-18 21:00:00,8.792782
2025-05-18 22:00:00,9.347347
2025-05-18 23:00:00,9.528253
2025-05-19 00:00:00,9.283958
2025-05-19 01:00:00,9.154088
2025-05-19 02:00:00,8.958745
2025-05-19 03:00:00,8.857316
2025-05-19 04:00:00,8.869334
2025-05-19 05:00:00,8.951362
2025-05-19 06:00:00,9.262751
2025-05-19 07:00:00,10.417691
2025-05-19 08:00:00,11.572701
2025-05-19 09:00:00,11.630009
2025-05-19 10:00:00,11.159338
2025-05-19 11:00:00,10.409359
2025-05-19 12:00:00,9.798796
2025-05-19 13:00:00,9.427404
2025-05-19 14:00:00,8.613841
2025-05-19 15:00:00,8.279587
2025-05-19 16:00:00,8.254636
2025-05-19 17:00:00,8.085003
2025-05-19 18:00:00,7.615255
2025-05-19 19:00:00,8.4395075
2025-05-19 20:00:00,8.650834
2025-05-19 21:00:00,8.569764
2025-05-19 22:00:00,8.415809
2025-05-19 23:00:00,8.173177
2025-05-20 00:00:00,7.9992094
2025-05-20 01:00:00,7.9504395
2025-05-20 02:00:00,8.0473175
2025-05-20 03:00:00,8.179724
2025-05-20 04:00:00,8.063766
2025-05-20 05:00:00,8.243586
2025-05-20 06:00:00,8.06306
2025-05-20 07:00:00,8.143248
2025-05-20 08:00:00,9.556829
2025-05-20 09:00:00,9.996166
2025-05-20 10:00:00,9.730504
2025-05-20 11:00:00,9.18878
2025-05-20 12:00:00,8.617051
2025-05-20 13:00:00,8.215434
2025-05-20 14:00:00,7.746875
2025-05-20 15:00:00,7.139859
2025-05-20 16:00:00,7.17066
2025-05-20 17:00:00,6.2305274
2025-05-20 18:00:00,6.221061
2025-05-20 19:00:00,6.636831
2025-05-20 20:00:00,7.1905985
2025-05-20 21:00:00,7.8452196
2025-05-20 22:00:00,8.453251
2025-05-20 23:00:00,8.835004
2025-05-21 00:00:00,8.610826
2025-05-21 01:00:00,8.590454
2025-05-21 02:00:00,8.665689
2025-05-21 03:00:00,8.241883
2025-05-21 04:00:00,8.314006
2025-05-21 05:00:00,7.991301
2025-05-21 06:00:00,7.725777
2025-05-21 07:00:00,8.557748
2025-05-21 08:00:00,8.883863
2025-05-21 09:00:00,9.285112
2025-05-21 10:00:00,9.49649
2025-05-21 11:00:00,9.742759
2025-05-21 12:00:00,9.177409
2025-05-21 13:00:00,8.676303
2025-05-21 14:00:00,8.370112
2025-05-21 15:00:00,7.9326878
2025-05-21 16:00:00,7.768161
2025-05-21 17:00:00,7.5924783
2025-05-21 18:00:00,7.500721
2025-05-21 19:00:00,7.330872
2025-05-21 20:00:00,7.5437613
2025-05-21 21:00:00,7.7108245
2025-05-21 22:00:00,7.6664057
2025-05-21 23:00:00,7.7243166
2025-05-22 00:00:00,7.688252
2025-05-22 01:00:00,7.701396
2025-05-22 02:00:00,7.7589345
2025-05-22 03:00:00,7.8129616
2025-05-22 04:00:00,7.9974017
2025-05-22 05:00:00,7.9447813
2025-05-22 06:00:00,7.605739
2025-05-22 07:00:00,7.0564213
2025-05-22 08:00:00,7.3354445
2025-05-22 09:00:00,7.580446
2025-05-22 10:00:00,7.5699553
2025-05-22 11:00:00,7.5443583
2025-05-22 12:00:00,7.724659
2025-05-22 13:00:00,7.7955427
2025-05-22 14:00:00,7.291171
2025-05-22 15:00:00,6.911228
2025-05-22 16:00:00,7.1122127
2025-05-22 17:00:00,7.2763453
2025-05-22 18:00:00,7.564962
2025-05-22 19:00:00,7.6450205
2025-05-22 20:00:00,7.825182
2025-05-22 21:00:00,7.963442
2025-05-22 22:00:00,7.9317484
2025-05-22 23:00:00,7.882804
2025-05-23 00:00:00,7.8725038
2025-05-23 01:00:00,7.907389
2025-05-23 02:00:00,7.97171
2025-05-23 03:00:00,8.08325
2025-05-23 04:00:00,8.137905
2025-05-23 05:00:00,7.9882455
2025-05-23 06:00:00,7.831616
2025-05-23 07:00:00,7.761334
2025-05-23 08:00:00,7.688567
2025-05-23 09:00:00,7.569449
2025-05-23 10:00:00,7.304981
2025-05-23 11:00:00,6.828914
2025-05-23 12:00:00,6.391358
2025-05-23 13:00:00,5.9916983
2025-05-23 14:00:00,5.7356205
2025-05-23 15:00:00,5.7685223
2025-05-23 16:00:00,5.905549
2025-05-23 17:00:00,6.107197
2025-05-23 18:00:00,6.189948
2025-05-23 19:00:00,6.5651765
2025-05-23 20:00:00,7.507726
2025-05-23 21:00:00,8.4275055
2025-05-23 22:00:00,8.286931
2025-05-23 23:00:00,7.7848754
2025-05-24 00:00:00,7.4198947
2025-05-24 01:00:00,7.1693625
2025-05-24 02:00:00,7.141845
2025-05-24 03:00:00,7.266386
2025-05-24 04:00:00,7.4840117
2025-05-24 05:00:00,7.763294
2025-05-24 06:00:00,7.988427
2025-05-24 07:00:00,7.5386767
2025-05-24 08:00:00,8.82595
2025-05-24 09:00:00,8.855753
2025-05-24 10:00:00,8.4901285
2025-05-24 11:00:00,8.1499
2025-05-24 12:00:00,7.938199
2025-05-24 13:00:00,7.716485
2025-05-24 14:00:00,7.6831536
2025-05-24 15:00:00,7.944956
2025-05-24 16:00:00,8.55195
2025-05-24 17:00:00,8.221196
2025-05-24 18:00:00,7.797833
2025-05-24 19:00:00,7.532381
2025-05-24 20:00:00,7.5550623
2025-05-24 21:00:00,8.020739
2025-05-24 22:00:00,8.48709
2025-05-24 23:00:00,9.0577545
2025-05-25 00:00:00,9.2148695
2025-05-25 01:00:00,8.873586
2025-05-25 02:00:00,8.270132
2025-05-25 03:00:00,8.014536
2025-05-25 04:00:00,8.179201
2025-05-25 05:00:00,8.477673
2025-05-25 06:00:00,8.596901
2025-05-25 07:00:00,8.522089
2025-05-25 08:00:00,9.229793
2025-05-25 09:00:00,9.442176
2025-05-25 10:00:00,10.20597
2025-05-25 11:00:00,10.092176
2025-05-25 12:00:00,9.432529
2025-05-25 13:00:00,8.937045
2025-05-25 14:00:00,8.64076
2025-05-25 15:00:00,8.615089
2025-05-25 16:00:00,8.89574
2025-05-25 17:00:00,9.042515
2025-05-25 18:00:00,8.995706
2025-05-25 19:00:00,8.615323
2025-05-25 20:00:00,8.564718
2025-05-25 21:00:00,8.719225
2025-05-25 22:00:00,8.66718
2025-05-25 23:00:00,8.434281
2025-05-26 00:00:00,8.31194
2025-05-26 01:00:00,8.388804
2025-05-26 02:00:00,8.518508
2025-05-26 03:00:00,8.556519
2025-05-26 04:00:00,8.707347
2025-05-26 05:00:00,8.7089815
2025-05-26 06:00:00,8.665777
2025-05-26 07:00:00,8.738853
2025-05-26 08:00:00,9.432846
2025-05-26 09:00:00,9.670301
2025-05-26 10:00:00,9.323316
2025-05-26 11:00:00,8.877696
2025-05-26 12:00:00,8.52416
2025-05-26 13:00:00,8.389362
2025-05-26 14:00:00,8.397213
2025-05-26 15:00:00,8.342907
2025-05-26 16:00:00,8.399794
2025-05-26 17:00:00,8.459888
2025-05-26 18:00:00,8.492992
2025-05-26 19:00:00,9.334956
2025-05-26 20:00:00,9.718437
2025-05-26 21:00:00,9.397201
2025-05-26 22:00:00,8.993509
2025-05-26 23:00:00,8.73313
2025-05-27 00:00:00,8.500351
2025-05-27 01:00:00,8.422514
2025-05-27 02:00:00,8.595582
2025-05-27 03:00:00,8.709437
2025-05-27 04:00:00,8.780392
2025-05-27 05:00:00,8.819536
2025-05-27 06:00:00,8.862316
2025-05-27 07:00:00,8.928879
2025-05-27 08:00:00,9.7973995
2025-05-27 09:00:00,9.924879
2025-05-27 10:00:00,9.665425
2025-05-27 11:00:00,9.349229
2025-05-27 12:00:00,9.01382
2025-05-27 13:00:00,8.69219
2025-05-27 14:00:00,8.429437
2025-05-27 15:00:00,8.443405
2025-05-27 16:00:00,8.842666
2025-05-27 17:00:00,8.913691
2025-05-27 18:00:00,9.611411
2025-05-27 19:00:00,9.745413
2025-05-27 20:00:00,9.1916065
2025-05-27 21:00:00,8.60204
2025-05-27 22:00:00,8.214679
2025-05-27 23:00:00,8.344751
2025-05-28 00:00:00,8.323717
2025-05-28 01:00:00,8.240334
2025-05-28 02:00:00,8.202691
2025-05-28 03:00:00,8.223558
2025-05-28 04:00:00,8.213831
2025-05-28 05:00:00,8.32215
2025-05-28 06:00:00,8.349359
2025-05-28 07:00:00,8.512994
2025-05-28 08:00:00,9.105378
2025-05-28 09:00:00,8.131413
2025-05-28 10:00:00,7.6044054
2025-05-28 11:00:00,7.340548
2025-05-28 12:00:00,7.2471566
2025-05-28 13:00:00,7.0561533
2025-05-28 14:00:00,6.980292
2025-05-28 15:00:00,6.8889613
2025-05-28 16:00:00,6.868329
2025-05-28 17:00:00,6.8136663
2025-05-28 18:00:00,6.835458
2025-05-28 19:00:00,7.175588
2025-05-28 20:00:00,7.867272
2025-05-28 21:00:00,8.359455
2025-05-28 22:00:00,8.387149
2025-05-28 23:00:00,8.333784
2025-05-29 00:00:00,8.286647
2025-05-29 01:00:00,8.321182
2025-05-29 02:00:00,8.167183
2025-05-29 03:00:00,7.8458424
2025-05-29 04:00:00,7.429191
2025-05-29 05:00:00,7.0134315
2025-05-29 06:00:00,6.8249755
2025-05-29 07:00:00,6.3944526
2025-05-29 08:00:00,7.041166
2025-05-29 09:00:00,6.361557
2025-05-29 10:00:00,5.9949994
2025-05-29 11:00:00,5.774678
2025-05-29 12:00:00,5.511221
2025-05-29 13:00:00,5.334764
2025-05-29 14:00:00,5.339096
2025-05-29 15:00:00,5.329243
2025-05-29 16:00:00,5.381473
2025-05-29 17:00:00,5.2716784
2025-05-29 18:00:00,4.8337326
2025-05-29 19:00:00,4.844273
2025-05-29 20:00:00,5.2465115
2025-05-29 21:00:00,6.1426086
2025-05-29 22:00:00,7.166531
2025-05-29 23:00:00,7.573999
2025-05-30 00:00:00,7.540976
2025-05-30 01:00:00,7.410173
2025-05-30 02:00:00,7.248333
2025-05-30 03:00:00,7.03556
2025-05-30 04:00:00,6.861517
2025-05-30 05:00:00,6.7720366
2025-05-30 06:00:00,6.6242323
2025-05-30 07:00:00,6.225817
2025-05-30 08:00:00,6.5908103
2025-05-30 09:00:00,6.6022344
2025-05-30 10:00:00,6.1712317
2025-05-30 11:00:00,5.6931276
2025-05-30 12:00:00,5.463274
2025-05-30 13:00:00,5.459909
2025-05-30 14:00:00,5.3860674
2025-05-30 15:00:00,5.266427
2025-05-30 16:00:00,5.315913
2025-05-30 17:00:00,5.419268
2025-05-30 18:00:00,5.426875
2025-05-30 19:00:00,6.072195
2025-05-30 20:00:00,6.127245
2025-05-30 21:00:00,6.907879
2025-05-30 22:00:00,8.276777
2025-05-30 23:00:00,8.991006
2025-05-31 00:00:00,8.717267
2025-05-31 01:00:00,8.379161
2025-05-31 02:00:00,8.120182
2025-05-31 03:00:00,7.9530587
2025-05-31 04:00:00,7.7455735
2025-05-31 05:00:00,7.5774984
2025-05-31 06:00:00,7.5434103
2025-05-31 07:00:00,7.542956
2025-05-31 08:00:00,7.724206
2025-05-31 09:00:00,7.805815
2025-05-31 10:00:00,7.657893
2025-05-31 11:00:00,7.453012
2025-05-31 12:00:00,6.8268595
2025-05-31 13:00:00,6.133098
2025-05-31 14:00:00,6.1733427
2025-05-31 15:00:00,6.7156987
2025-05-31 16:00:00,7.161616
2025-05-31 17:00:00,7.463291
2025-05-31 18:00:00,7.0647144
2025-05-31 19:00:00,7.371731
2025-05-31 20:00:00,7.53844
2025-05-31 21:00:00,8.14053
2025-05-31 22:00:00,8.657914
2025-05-31 23:00:00,8.825287
2025-06-01 00:00:00,8.841671
2025-06-01 01:00:00,8.775385
2025-06-01 02:00:00,8.644827
2025-06-01 03:00:00,8.501324
2025-06-01 04:00:00,8.453921
2025-06-01 05:00:00,8.357424
2025-06-01 06:00:00,8.276304
2025-06-01 07:00:00,7.8001313
2025-06-01 08:00:00,8.035759
2025-06-01 09:00:00,7.8823066
2025-06-01 10:00:00,7.970456
2025-06-01 11:00:00,8.111726
2025-06-01 12:00:00,7.8999104
2025-06-01 13:00:00,7.563193
2025-06-01 14:00:00,7.5137677
2025-06-01 15:00:00,7.400163
2025-06-01 16:00:00,7.309031
2025-06-01 17:00:00,7.003121
2025-06-01 18:00:00,6.2983646
2025-06-01 19:00:00,6.520039
2025-06-01 20:00:00,7.2385178
2025-06-01 21:00:00,8.149336
2025-06-01 22:00:00,8.413847
2025-06-01 23:00:00,8.189971
2025-06-02 00:00:00,7.9294505
2025-06-02 01:00:00,7.7791705
2025-06-02 02:00:00,7.7417903
2025-06-02 03:00:00,7.7197475
2025-06-02 04:00:00,7.779864
2025-06-02 05:00:00,7.7686625
2025-06-02 06:00:00,7.7710805
2025-06-02 07:00:00,7.93905
2025-06-02 08:00:00,8.722361
2025-06-02 09:00:00,8.898192
2025-06-02 10:00:00,8.772569
2025-06-02 11:00:00,8.519401
2025-06-02 12:00:00,8.363219
2025-06-02 13:00:00,8.1555395
2025-06-02 14:00:00,8.104346
2025-06-02 15:00:00,8.186042
2025-06-02 16:00:00,8.10343
2025-06-02 17:00:00,7.991818
2025-06-02 18:00:00,7.9522214
2025-06-02 19:00:00,8.248718
2025-06-02 20:00:00,8.977007
2025-06-02 21:00:00,9.362416
2025-06-02 22:00:00,9.440559
2025-06-02 23:00:00,8.565652
2025-06-03 00:00:00,8.436094
2025-06-03 01:00:00,8.506726
2025-06-03 02:00:00,8.42119
2025-06-03 03:00:00,8.133137
2025-06-03 04:00:00,7.9795904
2025-06-03 05:00:00,7.8751206
2025-06-03 06:00:00,7.933226
2025-06-03 07:00:00,7.8813596
2025-06-03 08:00:00,8.167815
2025-06-03 09:00:00,9.530784
2025-06-03 10:00:00,9.259475
2025-06-03 11:00:00,8.779308
2025-06-03 12:00:00,8.175696
2025-06-03 13:00:00,7.9138155
2025-06-03 14:00:00,7.776297
2025-06-03 15:00:00,7.7383156
2025-06-03 16:00:00,7.8013296
2025-06-03 17:00:00,7.552448
2025-06-03 18:00:00,6.7066855
2025-06-03 19:00:00,7.084212
2025-06-03 20:00:00,7.814715
2025-06-03 21:00:00,8.3847275
2025-06-03 22:00:00,8.506567
2025-06-03 23:00:00,8.433435
2025-06-04 00:00:00,8.342046
2025-06-04 01:00:00,8.285854
2025-06-04 02:00:00,8.315205
2025-06-04 03:00:00,8.20447
2025-06-04 04:00:00,8.057775
2025-06-04 05:00:00,7.917483
2025-06-04 06:00:00,8.004147
2025-06-04 07:00:00,7.738811
2025-06-04 08:00:00,9.251495
2025-06-04 09:00:00,9.257625
2025-06-04 10:00:00,9.20832
2025-06-04 11:00:00,8.954812
2025-06-04 12:00:00,8.707327
2025-06-04 13:00:00,8.105783
2025-06-04 14:00:00,7.6556478
2025-06-04 15:00:00,7.110371
2025-06-04 16:00:00,6.6616426
2025-06-04 17:00:00,6.0183196
2025-06-04 18:00:00,5.3604674
2025-06-04 19:00:00,5.4961686
2025-06-04 20:00:00,6.355322
2025-06-04 21:00:00,7.4688163
2025-06-04 22:00:00,8.177343
2025-06-04 23:00:00,8.413665
2025-06-05 00:00:00,8.642011
2025-06-05 01:00:00,8.682384
2025-06-05 02:00:00,8.555069
2025-06-05 03:00:00,8.297706
2025-06-05 04:00:00,8.171512
2025-06-05 05:00:00,8.052938
2025-06-05 06:00:00,7.8616624
2025-06-05 07:00:00,7.3345695
2025-06-05 08:00:00,8.026983
2025-06-05 09:00:00,8.570643
2025-06-05 10:00:00,8.641717
2025-06-05 11:00:00,8.651655
2025-06-05 12:00:00,8.078009
2025-06-05 13:00:00,7.448148
2025-06-05 14:00:00,7.4515986
2025-06-05 15:00:00,7.2882676
2025-06-05 16:00:00,7.444329
2025-06-05 17:00:00,7.5353546
2025-06-05 18:00:00,7.6192694
2025-06-05 19:00:00,8.112949
2025-06-05 20:00:00,8.374911
2025-06-05 21:00:00,8.354981
2025-06-05 22:00:00,8.074466
2025-06-05 23:00:00,7.9712667
2025-06-06 00:00:00,7.744637
2025-06-06 01:00:00,7.6641507
2025-06-06 02:00:00,7.7690644
2025-06-06 03:00:00,7.9616003
2025-06-06 04:00:00,8.177105
2025-06-06 05:00:00,8.407704
2025-06-06 06:00:00,8.373372
2025-06-06 07:00:00,8.806627
2025-06-06 08:00:00,8.439389
2025-06-06 09:00:00,8.110204
2025-06-06 10:00:00,7.8904524
2025-06-06 11:00:00,7.5413637
2025-06-06 12:00:00,7.207451
2025-06-06 13:00:00,6.9703546
2025-06-06 14:00:00,6.8254037
2025-06-06 15:00:00,6.6941204
2025-06-06 16:00:00,6.717747
2025-06-06 17:00:00,6.549197
2025-06-06 18:00:00,6.327733
2025-06-06 19:00:00,7.896683
2025-06-06 20:00:00,8.710486
2025-06-06 21:00:00,8.689834
2025-06-06 22:00:00,8.546173
2025-06-06 23:00:00,8.514676
2025-06-07 00:00:00,8.362379
2025-06-07 01:00:00,8.080035
2025-06-07 02:00:00,7.8439393
2025-06-07 03:00:00,7.705964
2025-06-07 04:00:00,7.658193
2025-06-07 05:00:00,7.656738
2025-06-07 06:00:00,7.724995
2025-06-07 07:00:00,7.3951187
2025-06-07 08:00:00,7.6894603
2025-06-07 09:00:00,7.722388
2025-06-07 10:00:00,7.8597136
2025-06-07 11:00:00,7.7008753
2025-06-07 12:00:00,7.431932
2025-06-07 13:00:00,7.236328
2025-06-07 14:00:00,7.148318
2025-06-07 15:00:00,7.115417
2025-06-07 16:00:00,7.2041993
2025-06-07 17:00:00,7.1882157
2025-06-07 18:00:00,6.8571815
2025-06-07 19:00:00,7.708516
2025-06-07 20:00:00,8.854014
2025-06-07 21:00:00,9.689345
2025-06-07 22:00:00,9.363311
2025-06-07 23:00:00,8.916772
2025-06-08 00:00:00,8.697574
2025-06-08 01:00:00,8.523462
2025-06-08 02:00:00,8.420054
2025-06-08 03:00:00,8.54891
2025-06-08 04:00:00,8.663896
2025-06-08 05:00:00,8.604188
2025-06-08 06:00:00,8.453437
2025-06-08 07:00:00,7.9201035
2025-06-08 08:00:00,8.539475
2025-06-08 09:00:00,8.762321
2025-06-08 10:00:00,8.948142
2025-06-08 11:00:00,8.598724
2025-06-08 12:00:00,8.110635
2025-06-08 13:00:00,7.5216537
2025-06-08 14:00:00,7.0827675
2025-06-08 15:00:00,6.838803
2025-06-08 16:00:00,6.6096716
2025-06-08 17:00:00,6.5324273
2025-06-08 18:00:00,6.1593833
2025-06-08 19:00:00,6.7829328
2025-06-08 20:00:00,7.6267867
2025-06-08 21:00:00,8.0867605
2025-06-08 22:00:00,8.048396
2025-06-08 23:00:00,7.849564
2025-06-09 00:00:00,7.807512
2025-06-09 01:00:00,7.927276
2025-06-09 02:00:00,7.883925
2025-06-09 03:00:00,7.768432
2025-06-09 04:00:00,7.527644
2025-06-09 05:00:00,7.2786274
2025-06-09 06:00:00,6.9735093
2025-06-09 07:00:00,6.4867034
2025-06-09 08:00:00,6.367851
2025-06-09 09:00:00,5.7623835
2025-06-09 10:00:00,4.8069572
2025-06-09 11:00:00,3.4355822
2025-06-09 12:00:00,2.3492856
2025-06-09 13:00:00,2.3071008
2025-06-09 14:00:00,2.4359667
2025-06-09 15:00:00,2.6103022
2025-06-09 16:00:00,3.0186472
2025-06-09 17:00:00,3.9385273
2025-06-09 18:00:00,5.3111672
2025-06-09 19:00:00,5.795015
2025-06-09 20:00:00,5.7353787
2025-06-09 21:00:00,6.5276566
2025-06-09 22:00:00,7.825863
2025-06-09 23:00:00,8.287966
2025-06-10 00:00:00,7.9829364
2025-06-10 01:00:00,7.770147
2025-06-10 02:00:00,7.752811
2025-06-10 03:00:00,7.662997
2025-06-10 04:00:00,7.538753
2025-06-10 05:00:00,7.5102267
2025-06-10 06:00:00,7.5137677
2025-06-10 07:00:00,6.851116
2025-06-10 08:00:00,6.6867905
2025-06-10 09:00:00,6.557371
2025-06-10 10:00:00,6.1043954
2025-06-10 11:00:00,5.593293
2025-06-10 12:00:00,5.0908146
2025-06-10 13:00:00,4.680221
2025-06-10 14:00:00,4.660175
2025-06-10 15:00:00,4.6790795
2025-06-10 16:00:00,4.9853387
2025-06-10 17:00:00,5.3881707
2025-06-10 18:00:00,5.9133005
2025-06-10 19:00:00,6.5944223
2025-06-10 20:00:00,7.2956505
2025-06-10 21:00:00,8.048309
2025-06-10 22:00:00,8.34242
2025-06-10 23:00:00,8.242713
2025-06-11 00:00:00,8.156567
2025-06-11 01:00:00,8.001272
2025-06-11 02:00:00,7.7473316
2025-06-11 03:00:00,7.593664
2025-06-11 04:00:00,7.6196227
2025-06-11 05:00:00,7.7953825
2025-06-11 06:00:00,7.83752
2025-06-11 07:00:00,7.157984
2025-06-11 08:00:00,7.09248
2025-06-11 09:00:00,6.8128877
2025-06-11 10:00:00,6.377073
2025-06-11 11:00:00,5.8011374
2025-06-11 12:00:00,5.2659917
2025-06-11 13:00:00,4.846572
2025-06-11 14:00:00,4.844803
2025-06-11 15:00:00,4.882813
2025-06-11 16:00:00,5.105355
2025-06-11 17:00:00,5.2479267
2025-06-11 18:00:00,5.378074
2025-06-11 19:00:00,6.3152933
2025-06-11 20:00:00,7.0595846
2025-06-11 21:00:00,8.176296
2025-06-11 22:00:00,8.669009
2025-06-11 23:00:00,8.334756
2025-06-12 00:00:00,8.020089
2025-06-12 01:00:00,7.7698717
2025-06-12 02:00:00,7.706058
2025-06-12 03:00:00,7.7392
2025-06-12 04:00:00,7.9123616
2025-06-12 05:00:00,7.8619676
2025-06-12 06:00:00,7.775643
2025-06-12 07:00:00,7.328977
2025-06-12 08:00:00,7.846382
2025-06-12 09:00:00,8.127147
2025-06-12 10:00:00,7.7963285
2025-06-12 11:00:00,7.3224244
2025-06-12 12:00:00,6.924804
2025-06-12 13:00:00,6.562221
2025-06-12 14:00:00,6.322354
2025-06-12 15:00:00,6.1831827
2025-06-12 16:00:00,6.348444
2025-06-12 17:00:00,6.639389
2025-06-12 18:00:00,6.731831
2025-06-12 19:00:00,8.28437
2025-06-12 20:00:00,9.541868
2025-06-12 21:00:00,9.910988
2025-06-12 22:00:00,9.895252
2025-06-12 23:00:00,10.006511
2025-06-13 00:00:00,10.037141
2025-06-13 01:00:00,10.036216
2025-06-13 02:00:00,9.774766
2025-06-13 03:00:00,9.886097
2025-06-13 04:00:00,10.032751
2025-06-13 05:00:00,9.752985
2025-06-13 06:00:00,9.80192
2025-06-13 07:00:00,10.786472
2025-06-13 08:00:00,12.435709
2025-06-13 09:00:00,12.120306
2025-06-13 10:00:00,11.743554
2025-06-13 11:00:00,11.14393
2025-06-13 12:00:00,10.667601
2025-06-13 13:00:00,10.544158
2025-06-13 14:00:00,10.869016
2025-06-13 15:00:00,10.948752
2025-06-13 16:00:00,10.966273
2025-06-13 17:00:00,10.946038
2025-06-13 18:00:00,10.682989
2025-06-13 19:00:00,10.387148
2025-06-13 20:00:00,10.705713
2025-06-13 21:00:00,10.909108
2025-06-13 22:00:00,11.098108
2025-06-13 23:00:00,11.061199
2025-06-14 00:00:00,11.323875
2025-06-14 01:00:00,11.390991
2025-06-14 02:00:00,11.1788225
2025-06-14 03:00:00,11.178544
2025-06-14 04:00:00,11.076353
2025-06-14 05:00:00,10.901263
2025-06-14 06:00:00,10.8358755
2025-06-14 07:00:00,10.7411995
2025-06-14 08:00:00,12.390482
2025-06-14 09:00:00,12.355521
2025-06-14 10:00:00,12.366902
2025-06-14 11:00:00,12.815358
2025-06-14 12:00:00,11.576639
2025-06-14 13:00:00,10.682336
2025-06-14 14:00:00,10.869721
2025-06-14 15:00:00,11.146849
2025-06-14 16:00:00,10.867912
2025-06-14 17:00:00,10.696022
2025-06-14 18:00:00,10.284424
2025-06-14 19:00:00,9.586967
2025-06-14 20:00:00,9.37308
2025-06-14 21:00:00,9.197976
2025-06-14 22:00:00,9.297628
2025-06-14 23:00:00,9.56634
2025-06-15 00:00:00,9.558133
2025-06-15 01:00:00,9.58013
2025-06-15 02:00:00,9.525548
2025-06-15 03:00:00,9.381609
2025-06-15 04:00:00,9.171136
2025-06-15 05:00:00,9.152569
2025-06-15 06:00:00,8.868218
2025-06-15 07:00:00,8.576746
2025-06-15 08:00:00,10.989368
2025-06-15 09:00:00,11.344287
2025-06-15 10:00:00,11.09922
2025-06-15 11:00:00,10.635306
2025-06-15 12:00:00,9.956685
2025-06-15 13:00:00,9.324301
2025-06-15 14:00:00,8.954612
2025-06-15 15:00:00,8.236936
2025-06-15 16:00:00,8.116171
2025-06-15 17:00:00,7.5245104
2025-06-15 18:00:00,7.0612097
2025-06-15 19:00:00,6.857174
2025-06-15 20:00:00,6.6848745
2025-06-15 21:00:00,5.857134
2025-06-15 22:00:00,5.3016844
2025-06-15 23:00:00,5.2992926
2025-06-16 00:00:00,4.996149
2025-06-16 01:00:00,4.998902
2025-06-16 02:00:00,5.108949
2025-06-16 03:00:00,5.396071
2025-06-16 04:00:00,5.697873
2025-06-16 05:00:00,6.020023
2025-06-16 06:00:00,6.215231
2025-06-16 07:00:00,5.2343483
2025-06-16 08:00:00,6.9216266
2025-06-16 09:00:00,8.785268
2025-06-16 10:00:00,9.370462
2025-06-16 11:00:00,9.411176
2025-06-16 12:00:00,9.401834
2025-06-16 13:00:00,9.409344
2025-06-16 14:00:00,9.406148
2025-06-16 15:00:00,9.0286875
2025-06-16 16:00:00,8.786936
2025-06-16 17:00:00,8.110935
2025-06-16 18:00:00,7.705995
2025-06-16 19:00:00,7.6921573
2025-06-16 20:00:00,7.7509513
2025-06-16 21:00:00,7.8211985
2025-06-16 22:00:00,7.632729
2025-06-16 23:00:00,7.62485
2025-06-17 00:00:00,7.960633
2025-06-17 01:00:00,7.996109
2025-06-17 02:00:00,8.136719
2025-06-17 03:00:00,7.8906827
2025-06-17 04:00:00,7.908419
2025-06-17 05:00:00,7.793328
2025-06-17 06:00:00,7.8318834
2025-06-17 07:00:00,8.898498
2025-06-17 08:00:00,10.494038
2025-06-17 09:00:00,10.846952
2025-06-17 10:00:00,10.785209
2025-06-17 11:00:00,10.437774
2025-06-17 12:00:00,10.522353
2025-06-17 13:00:00,10.150328
2025-06-17 14:00:00,9.692282
2025-06-17 15:00:00,9.117088
2025-06-17 16:00:00,8.510968
2025-06-17 17:00:00,7.874551
2025-06-17 18:00:00,7.166771
2025-06-17 19:00:00,7.012133
2025-06-17 20:00:00,7.453716
2025-06-17 21:00:00,8.01223
2025-06-17 22:00:00,7.85276
2025-06-17 23:00:00,7.402435
2025-06-18 00:00:00,7.150619
2025-06-18 01:00:00,7.685074
2025-06-18 02:00:00,8.095033
2025-06-18 03:00:00,7.7615457
2025-06-18 04:00:00,7.5019655
2025-06-18 05:00:00,8.474284
2025-06-18 06:00:00,8.702754
2025-06-18 07:00:00,9.05627
2025-06-18 08:00:00,9.987297
2025-06-18 09:00:00,9.765016
2025-06-18 10:00:00,9.976927
2025-06-18 11:00:00,9.755009
2025-06-18 12:00:00,9.435765
2025-06-18 13:00:00,9.640364
2025-06-18 14:00:00,9.730287
2025-06-18 15:00:00,10.319382
2025-06-18 16:00:00,10.169076
2025-06-18 17:00:00,9.754987
2025-06-18 18:00:00,8.893593
2025-06-18 19:00:00,8.888391
2025-06-18 20:00:00,9.091355
2025-06-18 21:00:00,9.223423
2025-06-18 22:00:00,9.224811
2025-06-18 23:00:00,9.168148
2025-06-19 00:00:00,8.986966
2025-06-19 01:00:00,8.830038
2025-06-19 02:00:00,8.854301
2025-06-19 03:00:00,8.895491
2025-06-19 04:00:00,8.860856
2025-06-19 05:00:00,8.908608
2025-06-19 06:00:00,8.969264
2025-06-19 07:00:00,8.888646
2025-06-19 08:00:00,9.239434
2025-06-19 09:00:00,9.376469
2025-06-19 10:00:00,9.219399
2025-06-19 11:00:00,9.019307
2025-06-19 12:00:00,8.69795
2025-06-19 13:00:00,8.484893
2025-06-19 14:00:00,8.364574
2025-06-19 15:00:00,8.470259
2025-06-19 16:00:00,8.736194
2025-06-19 17:00:00,8.981621
2025-06-19 18:00:00,8.95247
2025-06-19 19:00:00,8.835378
2025-06-19 20:00:00,8.468912
2025-06-19 21:00:00,8.282802
2025-06-19 22:00:00,8.160584
2025-06-19 23:00:00,8.23349
2025-06-20 00:00:00,8.497424
2025-06-20 01:00:00,8.187882
2025-06-20 02:00:00,8.264991
2025-06-20 03:00:00,7.878302
2025-06-20 04:00:00,7.759485
2025-06-20 05:00:00,7.484617
2025-06-20 06:00:00,7.475833
2025-06-20 07:00:00,9.119026
2025-06-20 08:00:00,11.126196
2025-06-20 09:00:00,11.120714
2025-06-20 10:00:00,10.643771
2025-06-20 11:00:00,10.266767
2025-06-20 12:00:00,9.444705
2025-06-20 13:00:00,9.032598
2025-06-20 14:00:00,8.561154
2025-06-20 15:00:00,8.062886
2025-06-20 16:00:00,8.131637
2025-06-20 17:00:00,7.756808
2025-06-20 18:00:00,7.1325107
2025-06-20 19:00:00,7.4014874
2025-06-20 20:00:00,7.7292876
2025-06-20 21:00:00,8.241899
2025-06-20 22:00:00,8.536694
2025-06-20 23:00:00,8.475219
2025-06-21 00:00:00,8.129135
2025-06-21 01:00:00,7.866227
2025-06-21 02:00:00,7.6753635
2025-06-21 03:00:00,7.544247
2025-06-21 04:00:00,7.5013204
2025-06-21 05:00:00,7.647939
2025-06-21 06:00:00,7.870233
2025-06-21 07:00:00,7.760059
2025-06-21 08:00:00,8.161022
2025-06-21 09:00:00,7.9810944
2025-06-21 10:00:00,7.7140913
2025-06-21 11:00:00,7.453387
2025-06-21 12:00:00,7.1689186
2025-06-21 13:00:00,6.9010644
2025-06-21 14:00:00,6.7114553
2025-06-21 15:00:00,6.50883
2025-06-21 16:00:00,6.274665
2025-06-21 17:00:00,6.0221524
2025-06-21 18:00:00,5.346936
2025-06-21 19:00:00,5.408716
2025-06-21 20:00:00,6.7080927
2025-06-21 21:00:00,8.147008
2025-06-21 22:00:00,8.633799
2025-06-21 23:00:00,8.521035
2025-06-22 00:00:00,8.433449
2025-06-22 01:00:00,8.344611
2025-06-22 02:00:00,8.451525
2025-06-22 03:00:00,8.582197
2025-06-22 04:00:00,8.664768
2025-06-22 05:00:00,8.596276
2025-06-22 06:00:00,8.375664
2025-06-22 07:00:00,7.923721
2025-06-22 08:00:00,7.940596
2025-06-22 09:00:00,8.314642
2025-06-22 10:00:00,8.232385
2025-06-22 11:00:00,7.5797114
2025-06-22 12:00:00,6.988662
2025-06-22 13:00:00,6.56178
2025-06-22 14:00:00,6.2679095
2025-06-22 15:00:00,6.1534758
2025-06-22 16:00:00,6.0608826
2025-06-22 17:00:00,6.083701
2025-06-22 18:00:00,6.038774
2025-06-22 19:00:00,6.122273
2025-06-22 20:00:00,7.0067945
2025-06-22 21:00:00,8.243697
2025-06-22 22:00:00,8.977452
2025-06-22 23:00:00,8.94139
2025-06-23 00:00:00,8.773837
2025-06-23 01:00:00,8.526264
2025-06-23 02:00:00,8.3588
2025-06-23 03:00:00,8.261989
2025-06-23 04:00:00,8.167537
2025-06-23 05:00:00,8.2188425
2025-06-23 06:00:00,8.133021
2025-06-23 07:00:00,8.206191
2025-06-23 08:00:00,8.093421
2025-06-23 09:00:00,8.564222
2025-06-23 10:00:00,8.616483
2025-06-23 11:00:00,8.502452
2025-06-23 12:00:00,8.225876
2025-06-23 13:00:00,7.812958
2025-06-23 14:00:00,7.4871044
2025-06-23 15:00:00,7.3926044
2025-06-23 16:00:00,7.4613605
2025-06-23 17:00:00,7.3409886
2025-06-23 18:00:00,7.3006563
2025-06-23 19:00:00,8.135128
2025-06-23 20:00:00,8.701229
2025-06-23 21:00:00,8.883989
2025-06-23 22:00:00,8.539599
2025-06-23 23:00:00,8.192288
2025-06-24 00:00:00,7.7749915
2025-06-24 01:00:00,7.387007
2025-06-24 02:00:00,7.361631
2025-06-24 03:00:00,7.2745333
2025-06-24 04:00:00,7.239299
2025-06-24 05:00:00,7.240816
2025-06-24 06:00:00,7.2509995
2025-06-24 07:00:00,6.9734845
2025-06-24 08:00:00,6.8525147
2025-06-24 09:00:00,6.838673
2025-06-24 10:00:00,6.432623
2025-06-24 11:00:00,5.8201823
2025-06-24 12:00:00,5.1620226
2025-06-24 13:00:00,4.608421
2025-06-24 14:00:00,4.4257984
2025-06-24 15:00:00,4.318429
2025-06-24 16:00:00,4.6287904
2025-06-24 17:00:00,4.787548
2025-06-24 18:00:00,4.8372703
2025-06-24 19:00:00,4.902329
2025-06-24 20:00:00,6.0351415
2025-06-24 21:00:00,7.179022
2025-06-24 22:00:00,7.5829244
2025-06-24 23:00:00,7.874928
2025-06-25 00:00:00,8.17842
2025-06-25 01:00:00,8.483103
2025-06-25 02:00:00,8.78186
2025-06-25 03:00:00,9.010392
2025-06-25 04:00:00,8.875853
2025-06-25 05:00:00,8.712125
2025-06-25 06:00:00,8.647634
2025-06-25 07:00:00,9.559378
2025-06-25 08:00:00,9.28475
2025-06-25 09:00:00,8.660547
2025-06-25 10:00:00,8.191252
2025-06-25 11:00:00,7.931028
2025-06-25 12:00:00,7.810449
2025-06-25 13:00:00,7.5270267
2025-06-25 14:00:00,7.4383283
2025-06-25 15:00:00,7.3657875
2025-06-25 16:00:00,7.5382032
2025-06-25 17:00:00,7.7836375
2025-06-25 18:00:00,7.7418466
2025-06-25 19:00:00,8.039789
2025-06-25 20:00:00,8.464022
2025-06-25 21:00:00,9.254737
2025-06-25 22:00:00,9.541943
2025-06-25 23:00:00,9.571855
2025-06-26 00:00:00,9.47768
2025-06-26 01:00:00,9.970726
2025-06-26 02:00:00,8.949481
2025-06-26 03:00:00,9.091829
2025-06-26 04:00:00,9.118051
2025-06-26 05:00:00,8.756469
2025-06-26 06:00:00,8.244591
2025-06-26 07:00:00,9.237792
2025-06-26 08:00:00,10.497951
2025-06-26 09:00:00,10.50577
2025-06-26 10:00:00,10.758672
2025-06-26 11:00:00,10.739689
2025-06-26 12:00:00,10.380364
2025-06-26 13:00:00,10.18984
2025-06-26 14:00:00,10.118008
2025-06-26 15:00:00,9.918126
2025-06-26 16:00:00,10.344494
2025-06-26 17:00:00,10.074971
2025-06-26 18:00:00,9.103621
2025-06-26 19:00:00,8.023651
2025-06-26 20:00:00,8.330944
2025-06-26 21:00:00,9.038541
2025-06-26 22:00:00,9.073066
2025-06-26 23:00:00,8.86328
2025-06-27 00:00:00,8.613009
2025-06-27 01:00:00,8.433529
2025-06-27 02:00:00,8.232121
2025-06-27 03:00:00,7.9565253
2025-06-27 04:00:00,7.7058883
2025-06-27 05:00:00,7.43828
2025-06-27 06:00:00,7.122135
2025-06-27 07:00:00,7.393953
2025-06-27 08:00:00,8.05162
2025-06-27 09:00:00,8.666338
2025-06-27 10:00:00,8.70461
2025-06-27 11:00:00,8.540189
2025-06-27 12:00:00,8.355437
2025-06-27 13:00:00,8.287568
2025-06-27 14:00:00,8.06543
2025-06-27 15:00:00,8.015029
2025-06-27 16:00:00,7.19424
2025-06-27 17:00:00,6.442446
2025-06-27 18:00:00,5.663871
2025-06-27 19:00:00,6.5184093
2025-06-27 20:00:00,7.8201604
2025-06-27 21:00:00,9.434615
2025-06-27 22:00:00,9.899817
2025-06-27 23:00:00,9.074858
2025-06-28 00:00:00,8.746805
2025-06-28 01:00:00,8.561536
2025-06-28 02:00:00,8.189194
2025-06-28 03:00:00,7.6953874
2025-06-28 04:00:00,8.09951
2025-06-28 05:00:00,8.034251
2025-06-28 06:00:00,7.952214
2025-06-28 07:00:00,8.245685
2025-06-28 08:00:00,9.453454
2025-06-28 09:00:00,10.173068
2025-06-28 10:00:00,10.000667
2025-06-28 11:00:00,9.578015
2025-06-28 12:00:00,9.258472
2025-06-28 13:00:00,8.852131
2025-06-28 14:00:00,8.642458
2025-06-28 15:00:00,8.581591
2025-06-28 16:00:00,8.08354
2025-06-28 17:00:00,7.9838634
2025-06-28 18:00:00,7.949674
2025-06-28 19:00:00,7.303185
2025-06-28 20:00:00,7.525998
2025-06-28 21:00:00,7.81123
2025-06-28 22:00:00,8.258765
2025-06-28 23:00:00,8.476318
2025-06-29 00:00:00,8.610454
2025-06-29 01:00:00,8.413205
2025-06-29 02:00:00,8.511455
2025-06-29 03:00:00,8.638834
2025-06-29 04:00:00,8.738391
2025-06-29 05:00:00,8.788502
2025-06-29 06:00:00,8.923993
2025-06-29 07:00:00,8.745941
2025-06-29 08:00:00,9.160431
2025-06-29 09:00:00,9.054395
2025-06-29 10:00:00,8.602228
2025-06-29 11:00:00,8.130452
2025-06-29 12:00:00,7.442933
2025-06-29 13:00:00,7.0247498
2025-06-29 14:00:00,6.725292
2025-06-29 15:00:00,6.6862717
2025-06-29 16:00:00,6.895699
2025-06-29 17:00:00,7.298061
2025-06-29 18:00:00,7.461853
2025-06-29 19:00:00,7.9336677
2025-06-29 20:00:00,7.9081445
2025-06-29 21:00:00,8.044331
2025-06-29 22:00:00,8.007299
2025-06-29 23:00:00,7.8801923
2025-06-30 00:00:00,7.772608
2025-06-30 01:00:00,7.784098
2025-06-30 02:00:00,8.242266
2025-06-30 03:00:00,8.504008
2025-06-30 04:00:00,8.351066
2025-06-30 05:00:00,8.2217865
2025-06-30 06:00:00,8.150543
2025-06-30 07:00:00,7.8991356
2025-06-30 08:00:00,8.153372
2025-06-30 09:00:00,8.213643
2025-06-30 10:00:00,8.264272
2025-06-30 11:00:00,7.9636736
2025-06-30 12:00:00,7.7524943
2025-06-30 13:00:00,8.272849
2025-06-30 14:00:00,7.3056774
2025-06-30 15:00:00,6.2462597
2025-06-30 16:00:00,6.098934
2025-06-30 17:00:00,5.6052337
2025-06-30 18:00:00,5.2672205
2025-06-30 19:00:00,5.9420166
2025-06-30 20:00:00,6.724827
2025-06-30 21:00:00,7.323211
2025-06-30 22:00:00,7.6771817
2025-06-30 23:00:00,7.9572296
2025-07-01 00:00:00,8.213612
2025-07-01 01:00:00,8.176319
2025-07-01 02:00:00,8.019643
2025-07-01 03:00:00,7.8678007
2025-07-01 04:00:00,7.7277737
2025-07-01 05:00:00,7.705315
2025-07-01 06:00:00,7.727961
2025-07-01 07:00:00,7.3482556
2025-07-01 08:00:00,9.007094
2025-07-01 09:00:00,8.900474
2025-07-01 10:00:00,8.521468
2025-07-01 11:00:00,8.369062
2025-07-01 12:00:00,7.788931
2025-07-01 13:00:00,7.507144
2025-07-01 14:00:00,7.13937
2025-07-01 15:00:00,7.060574
2025-07-01 16:00:00,7.2993083
2025-07-01 17:00:00,7.7048593
2025-07-01 18:00:00,7.865185
2025-07-01 19:00:00,8.062296
2025-07-01 20:00:00,8.365762
2025-07-01 21:00:00,8.625293
2025-07-01 22:00:00,8.7613735
2025-07-01 23:00:00,9.118657
2025-07-02 00:00:00,9.21433
2025-07-02 01:00:00,9.129859
2025-07-02 02:00:00,9.221528
2025-07-02 03:00:00,9.354149
2025-07-02 04:00:00,9.262775
2025-07-02 05:00:00,9.025769
2025-07-02 06:00:00,8.803391
2025-07-02 07:00:00,8.740177
2025-07-02 08:00:00,10.315769
2025-07-02 09:00:00,9.950862
2025-07-02 10:00:00,9.37264
2025-07-02 11:00:00,8.574084
2025-07-02 12:00:00,8.037332
2025-07-02 13:00:00,7.6261225
2025-07-02 14:00:00,7.4344473
2025-07-02 15:00:00,7.553735
2025-07-02 16:00:00,7.906332
2025-07-02 17:00:00,8.683447
2025-07-02 18:00:00,9.690066
2025-07-02 19:00:00,9.912035
2025-07-02 20:00:00,9.513159
2025-07-02 21:00:00,9.279805
2025-07-02 22:00:00,9.382597
2025-07-02 23:00:00,9.399013
2025-07-03 00:00:00,9.280586
2025-07-03 01:00:00,9.025178
2025-07-03 02:00:00,8.727958
2025-07-03 03:00:00,8.656654
2025-07-03 04:00:00,8.555623
2025-07-03 05:00:00,8.36313
2025-07-03 06:00:00,8.222567
2025-07-03 07:00:00,8.670945
2025-07-03 08:00:00,10.041656
2025-07-03 09:00:00,10.312293
2025-07-03 10:00:00,10.315983
2025-07-03 11:00:00,10.196528
2025-07-03 12:00:00,9.970439
2025-07-03 13:00:00,9.496412
2025-07-03 14:00:00,9.260623
2025-07-03 15:00:00,9.336386
2025-07-03 16:00:00,9.821406
2025-07-03 17:00:00,9.932314
2025-07-03 18:00:00,9.275796
2025-07-03 19:00:00,8.503701
2025-07-03 20:00:00,8.468622
2025-07-03 21:00:00,8.853285
2025-07-03 22:00:00,8.911433
2025-07-03 23:00:00,8.585942
2025-07-04 00:00:00,8.352628
2025-07-04 01:00:00,8.080485
2025-07-04 02:00:00,7.735696
2025-07-04 03:00:00,7.6355
2025-07-04 04:00:00,7.7310796
2025-07-04 05:00:00,7.8158445
2025-07-04 06:00:00,7.821232
2025-07-04 07:00:00,7.5202847
2025-07-04 08:00:00,9.403304
2025-07-04 09:00:00,9.673446
2025-07-04 10:00:00,9.675631
2025-07-04 11:00:00,9.494748
2025-07-04 12:00:00,9.050578
2025-07-04 13:00:00,8.627995
2025-07-04 14:00:00,8.449865
2025-07-04 15:00:00,8.342521
2025-07-04 16:00:00,8.283434
2025-07-04 17:00:00,7.735021
2025-07-04 18:00:00,6.8508945
2025-07-04 19:00:00,7.874626
2025-07-04 20:00:00,8.253623
2025-07-04 21:00:00,8.000045
2025-07-04 22:00:00,7.600129
2025-07-04 23:00:00,7.2343535
2025-07-05 00:00:00,6.8668613
2025-07-05 01:00:00,6.671596
2025-07-05 02:00:00,6.7337646
2025-07-05 03:00:00,7.127599
2025-07-05 04:00:00,7.316979
2025-07-05 05:00:00,7.4332843
2025-07-05 06:00:00,7.493504
2025-07-05 07:00:00,7.543491
2025-07-05 08:00:00,7.993875
2025-07-05 09:00:00,8.45908
2025-07-05 10:00:00,8.520104
2025-07-05 11:00:00,8.510755
2025-07-05 12:00:00,8.464968
2025-07-05 13:00:00,8.010674
2025-07-05 14:00:00,7.7569947
2025-07-05 15:00:00,7.6755757
2025-07-05 16:00:00,7.7910123
2025-07-05 17:00:00,7.904126
2025-07-05 18:00:00,7.4810762
2025-07-05 19:00:00,7.677653
2025-07-05 20:00:00,7.982759
2025-07-05 21:00:00,8.651935
2025-07-05 22:00:00,8.955699
2025-07-05 23:00:00,8.733655
2025-07-06 00:00:00,8.36326
2025-07-06 01:00:00,8.023011
2025-07-06 02:00:00,7.907042
2025-07-06 03:00:00,7.9217424
2025-07-06 04:00:00,7.9931912
2025-07-06 05:00:00,8.069462
2025-07-06 06:00:00,8.118343
2025-07-06 07:00:00,7.516968
2025-07-06 08:00:00,7.961515
2025-07-06 09:00:00,8.444775
2025-07-06 10:00:00,8.527378
2025-07-06 11:00:00,8.076136
2025-07-06 12:00:00,7.4898524
2025-07-06 13:00:00,6.993962
2025-07-06 14:00:00,6.7152433
2025-07-06 15:00:00,6.8451357
2025-07-06 16:00:00,7.3984017
2025-07-06 17:00:00,7.966572
2025-07-06 18:00:00,8.407632
2025-07-06 19:00:00,8.802873
2025-07-06 20:00:00,8.967993
2025-07-06 21:00:00,8.903448
2025-07-06 22:00:00,8.666524
2025-07-06 23:00:00,8.723089
2025-07-07 00:00:00,8.670587
2025-07-07 01:00:00,8.67916
2025-07-07 02:00:00,8.688659
2025-07-07 03:00:00,8.643536
2025-07-07 04:00:00,8.761935
2025-07-07 05:00:00,8.915598
2025-07-07 06:00:00,8.955347
2025-07-07 07:00:00,8.330064
2025-07-07 08:00:00,9.818836
2025-07-07 09:00:00,9.643843
2025-07-07 10:00:00,9.274146
2025-07-07 11:00:00,9.034297
2025-07-07 12:00:00,8.883244
2025-07-07 13:00:00,8.772909
2025-07-07 14:00:00,8.573404
2025-07-07 15:00:00,8.656977
2025-07-07 16:00:00,8.98665
2025-07-07 17:00:00,9.185493
2025-07-07 18:00:00,9.165326
2025-07-07 19:00:00,9.569372
2025-07-07 20:00:00,9.991744
2025-07-07 21:00:00,9.877849
2025-07-07 22:00:00,9.654282
2025-07-07 23:00:00,9.204317
2025-07-08 00:00:00,9.00287
2025-07-08 01:00:00,8.95056
2025-07-08 02:00:00,9.349386
2025-07-08 03:00:00,9.506497
2025-07-08 04:00:00,9.734139
2025-07-08 05:00:00,9.905396
2025-07-08 06:00:00,9.9788685
2025-07-08 07:00:00,9.532008
2025-07-08 08:00:00,11.116214
2025-07-08 09:00:00,11.131385
2025-07-08 10:00:00,10.100785
2025-07-08 11:00:00,9.282029
2025-07-08 12:00:00,8.528323
2025-07-08 13:00:00,8.181094
2025-07-08 14:00:00,8.161509
2025-07-08 15:00:00,7.9934874
2025-07-08 16:00:00,7.7260227
2025-07-08 17:00:00,7.4365215
2025-07-08 18:00:00,6.6721883
2025-07-08 19:00:00,7.1049066
2025-07-08 20:00:00,7.7132425
2025-07-08 21:00:00,8.156754
2025-07-08 22:00:00,8.356814
2025-07-08 23:00:00,8.35705
2025-07-09 00:00:00,8.297269
2025-07-09 01:00:00,8.133555
2025-07-09 02:00:00,8.2592745
2025-07-09 03:00:00,8.479538
2025-07-09 04:00:00,8.635498
2025-07-09 05:00:00,8.727578
2025-07-09 06:00:00,8.579286
2025-07-09 07:00:00,8.480034
2025-07-09 08:00:00,8.904942
2025-07-09 09:00:00,8.891412
2025-07-09 10:00:00,8.516681
2025-07-09 11:00:00,8.029345
2025-07-09 12:00:00,7.585826
2025-07-09 13:00:00,7.1444745
2025-07-09 14:00:00,6.909113
2025-07-09 15:00:00,6.6856685
2025-07-09 16:00:00,6.447098
2025-07-09 17:00:00,6.3219705
2025-07-09 18:00:00,6.078465
2025-07-09 19:00:00,7.047296
2025-07-09 20:00:00,8.283695
2025-07-09 21:00:00,9.169021
2025-07-09 22:00:00,9.3307
2025-07-09 23:00:00,9.383305
2025-07-10 00:00:00,9.384537
2025-07-10 01:00:00,9.310462
2025-07-10 02:00:00,9.748169
2025-07-10 03:00:00,10.187438
2025-07-10 04:00:00,10.216874
2025-07-10 05:00:00,9.988835
2025-07-10 06:00:00,9.896333
2025-07-10 07:00:00,9.680786
2025-07-10 08:00:00,9.788033
2025-07-10 09:00:00,9.584544
2025-07-10 10:00:00,9.490256
2025-07-10 11:00:00,9.046783
2025-07-10 12:00:00,8.401104
2025-07-10 13:00:00,7.8699417
2025-07-10 14:00:00,7.525279
2025-07-10 15:00:00,7.3554087
2025-07-10 16:00:00,7.5210614
2025-07-10 17:00:00,8.09819
2025-07-10 18:00:00,8.823055
2025-07-10 19:00:00,10.00192
2025-07-10 20:00:00,10.372441
2025-07-10 21:00:00,9.792739
2025-07-10 22:00:00,9.314987
2025-07-10 23:00:00,9.3111315
2025-07-11 00:00:00,9.692632
2025-07-11 01:00:00,10.067694
2025-07-11 02:00:00,10.214546
2025-07-11 03:00:00,9.943843
2025-07-11 04:00:00,9.598696
2025-07-11 05:00:00,9.290166
2025-07-11 06:00:00,9.151798
2025-07-11 07:00:00,9.902397
2025-07-11 08:00:00,10.347642
2025-07-11 09:00:00,10.711931
2025-07-11 10:00:00,10.696075
2025-07-11 11:00:00,10.307118
2025-07-11 12:00:00,9.387867
2025-07-11 13:00:00,8.732142
2025-07-11 14:00:00,8.515528
2025-07-11 15:00:00,8.76073
2025-07-11 16:00:00,9.314347
2025-07-11 17:00:00,9.483676
2025-07-11 18:00:00,8.803558
2025-07-11 19:00:00,7.8950896
2025-07-11 20:00:00,8.2541065
2025-07-11 21:00:00,9.0968685
2025-07-11 22:00:00,9.66117
2025-07-11 23:00:00,9.667331
2025-07-12 00:00:00,9.604632
2025-07-12 01:00:00,9.426247
2025-07-12 02:00:00,9.157908
2025-07-12 03:00:00,8.912176
2025-07-12 04:00:00,8.933714
2025-07-12 05:00:00,8.846786
2025-07-12 06:00:00,8.803634
2025-07-12 07:00:00,8.702133
2025-07-12 08:00:00,9.9198065
2025-07-12 09:00:00,10.990816
2025-07-12 10:00:00,10.905034
2025-07-12 11:00:00,10.464396
2025-07-12 12:00:00,10.141772
2025-07-12 13:00:00,9.612105
2025-07-12 14:00:00,9.296702
2025-07-12 15:00:00,9.164553
2025-07-12 16:00:00,9.072863
2025-07-12 17:00:00,9.126338
2025-07-12 18:00:00,9.0269
2025-07-12 19:00:00,10.066333
2025-07-12 20:00:00,10.23425
2025-07-12 21:00:00,9.716822
2025-07-12 22:00:00,9.1057005
2025-07-12 23:00:00,8.8188095
2025-07-13 00:00:00,8.515943
2025-07-13 01:00:00,8.203187
2025-07-13 02:00:00,7.907688
2025-07-13 03:00:00,7.650649
2025-07-13 04:00:00,7.4898763
2025-07-13 05:00:00,7.377166
2025-07-13 06:00:00,7.377601
2025-07-13 07:00:00,7.391204
2025-07-13 08:00:00,9.876958
2025-07-13 09:00:00,9.697878
2025-07-13 10:00:00,9.549449
2025-07-13 11:00:00,9.766406
2025-07-13 12:00:00,9.456417
2025-07-13 13:00:00,9.161871
2025-07-13 14:00:00,9.079535
2025-07-13 15:00:00,9.171631
2025-07-13 16:00:00,9.284957
2025-07-13 17:00:00,9.181484
2025-07-13 18:00:00,8.465964
2025-07-13 19:00:00,8.424921
2025-07-13 20:00:00,8.508757
2025-07-13 21:00:00,8.746798
2025-07-13 22:00:00,8.840604
2025-07-13 23:00:00,8.757504
2025-07-14 00:00:00,8.6635685
2025-07-14 01:00:00,8.52117
2025-07-14 02:00:00,8.347412
2025-07-14 03:00:00,8.180752
2025-07-14 04:00:00,8.022918
2025-07-14 05:00:00,7.9575863
2025-07-14 06:00:00,7.9900184
2025-07-14 07:00:00,8.569525
2025-07-14 08:00:00,9.860736
2025-07-14 09:00:00,10.084577
2025-07-14 10:00:00,9.806351
2025-07-14 11:00:00,9.346756
2025-07-14 12:00:00,8.85445
2025-07-14 13:00:00,8.125842
2025-07-14 14:00:00,7.523421
2025-07-14 15:00:00,7.2745786
2025-07-14 16:00:00,7.3070416
2025-07-14 17:00:00,7.767585
2025-07-14 18:00:00,8.048661
2025-07-14 19:00:00,9.142052
2025-07-14 20:00:00,9.46147
2025-07-14 21:00:00,9.323496
2025-07-14 22:00:00,9.345151
2025-07-14 23:00:00,9.285148
2025-07-15 00:00:00,9.104883
2025-07-15 01:00:00,8.835292
2025-07-15 02:00:00,8.8496
2025-07-15 03:00:00,8.816493
2025-07-15 04:00:00,8.881198
2025-07-15 05:00:00,8.862086
2025-07-15 06:00:00,8.798191
2025-07-15 07:00:00,8.339975
2025-07-15 08:00:00,9.017078
2025-07-15 09:00:00,9.522307
2025-07-15 10:00:00,9.384527
2025-07-15 11:00:00,8.805358
2025-07-15 12:00:00,8.260148
2025-07-15 13:00:00,7.799709
2025-07-15 14:00:00,7.5256577
2025-07-15 15:00:00,7.3311367
2025-07-15 16:00:00,7.528407
2025-07-15 17:00:00,7.893146
2025-07-15 18:00:00,8.144318
2025-07-15 19:00:00,8.700697
2025-07-15 20:00:00,9.266134
2025-07-15 21:00:00,9.215657
2025-07-15 22:00:00,9.068964
2025-07-15 23:00:00,9.018167
2025-07-16 00:00:00,9.076511
2025-07-16 01:00:00,9.000885
2025-07-16 02:00:00,8.945488
2025-07-16 03:00:00,8.915901
2025-07-16 04:00:00,8.778012
2025-07-16 05:00:00,8.670172
2025-07-16 06:00:00,8.615885
2025-07-16 07:00:00,8.569434
2025-07-16 08:00:00,9.175691
2025-07-16 09:00:00,9.043791
2025-07-16 10:00:00,8.756762
2025-07-16 11:00:00,8.335961
2025-07-16 12:00:00,7.8506455
2025-07-16 13:00:00,7.407232
2025-07-16 14:00:00,7.179795
2025-07-16 15:00:00,6.985489
2025-07-16 16:00:00,7.0837135
2025-07-16 17:00:00,7.5247917
2025-07-16 18:00:00,7.869715
2025-07-16 19:00:00,8.909899
2025-07-16 20:00:00,9.833426
2025-07-16 21:00:00,9.684215
2025-07-16 22:00:00,9.511219
2025-07-16 23:00:00,9.617926
2025-07-17 00:00:00,9.604323
2025-07-17 01:00:00,9.385943
2025-07-17 02:00:00,9.345231
2025-07-17 03:00:00,9.257753
2025-07-17 04:00:00,9.249525
2025-07-17 05:00:00,9.104542
2025-07-17 06:00:00,9.01993
2025-07-17 07:00:00,9.178761
2025-07-17 08:00:00,8.955204
2025-07-17 09:00:00,8.68633
2025-07-17 10:00:00,8.485658
2025-07-17 11:00:00,8.399928
2025-07-17 12:00:00,8.15737
2025-07-17 13:00:00,7.725251
2025-07-17 14:00:00,7.4072556
2025-07-17 15:00:00,7.1561747
2025-07-17 16:00:00,7.186366
2025-07-17 17:00:00,7.33318
2025-07-17 18:00:00,7.0086656
2025-07-17 19:00:00,7.8296127
2025-07-17 20:00:00,8.330233
2025-07-17 21:00:00,8.377127
2025-07-17 22:00:00,8.060413
2025-07-17 23:00:00,7.872455
2025-07-18 00:00:00,7.8533883
2025-07-18 01:00:00,7.9982033
2025-07-18 02:00:00,8.176631
2025-07-18 03:00:00,8.40047
2025-07-18 04:00:00,8.454896
2025-07-18 05:00:00,8.529972
2025-07-18 06:00:00,8.533994
2025-07-18 07:00:00,8.769836
2025-07-18 08:00:00,8.891627
2025-07-18 09:00:00,8.545841
2025-07-18 10:00:00,8.381844
2025-07-18 11:00:00,7.9424505
2025-07-18 12:00:00,7.383619
2025-07-18 13:00:00,6.7804055
2025-07-18 14:00:00,6.4076624
2025-07-18 15:00:00,6.211498
2025-07-18 16:00:00,6.2699847
2025-07-18 17:00:00,6.4862647
2025-07-18 18:00:00,6.409954
2025-07-18 19:00:00,7.000498
2025-07-18 20:00:00,7.6391716
2025-07-18 21:00:00,8.144098
2025-07-18 22:00:00,8.288117
2025-07-18 23:00:00,8.587841
2025-07-19 00:00:00,8.66805
2025-07-19 01:00:00,8.522296
2025-07-19 02:00:00,8.352058
2025-07-19 03:00:00,8.504422
2025-07-19 04:00:00,8.550851
2025-07-19 05:00:00,8.6205435
2025-07-19 06:00:00,8.65429
2025-07-19 07:00:00,7.9657397
2025-07-19 08:00:00,8.944832
2025-07-19 09:00:00,9.64271
2025-07-19 10:00:00,9.2671585
2025-07-19 11:00:00,8.691417
2025-07-19 12:00:00,7.960522
2025-07-19 13:00:00,7.4765096
2025-07-19 14:00:00,7.32953
2025-07-19 15:00:00,7.2874165
2025-07-19 16:00:00,7.5127134
2025-07-19 17:00:00,7.70816
2025-07-19 18:00:00,7.575257
2025-07-19 19:00:00,8.051315
2025-07-19 20:00:00,8.465225
2025-07-19 21:00:00,8.73624
2025-07-19 22:00:00,8.897485
2025-07-19 23:00:00,9.016142
2025-07-20 00:00:00,9.057411
2025-07-20 01:00:00,8.990298
2025-07-20 02:00:00,8.919486
2025-07-20 03:00:00,8.795512
2025-07-20 04:00:00,8.605897
2025-07-20 05:00:00,8.530301
2025-07-20 06:00:00,8.424158
2025-07-20 07:00:00,8.203406
2025-07-20 08:00:00,8.593541
2025-07-20 09:00:00,8.745899
2025-07-20 10:00:00,8.732851
2025-07-20 11:00:00,8.326025
2025-07-20 12:00:00,7.6447425
2025-07-20 13:00:00,6.9429054
2025-07-20 14:00:00,6.4773993
2025-07-20 15:00:00,6.2223845
2025-07-20 16:00:00,6.2658706
2025-07-20 17:00:00,6.470233
2025-07-20 18:00:00,6.51169
2025-07-20 19:00:00,7.5338416
2025-07-20 20:00:00,8.795348
2025-07-20 21:00:00,9.733847
2025-07-20 22:00:00,9.604572
2025-07-20 23:00:00,9.348937
2025-07-21 00:00:00,9.289457
2025-07-21 01:00:00,9.249716
2025-07-21 02:00:00,9.128137
2025-07-21 03:00:00,9.054199
2025-07-21 04:00:00,9.014764
2025-07-21 05:00:00,8.980476
2025-07-21 06:00:00,8.991514
2025-07-21 07:00:00,8.783613
2025-07-21 08:00:00,8.819023
2025-07-21 09:00:00,8.76677
2025-07-21 10:00:00,8.656034
2025-07-21 11:00:00,8.098446
2025-07-21 12:00:00,7.3453016
2025-07-21 13:00:00,6.7324886
2025-07-21 14:00:00,6.28184
2025-07-21 15:00:00,5.943306
2025-07-21 16:00:00,5.9952474
2025-07-21 17:00:00,6.353523
2025-07-21 18:00:00,6.6127143
2025-07-21 19:00:00,7.4151053
2025-07-21 20:00:00,8.390782
2025-07-21 21:00:00,8.884517
2025-07-21 22:00:00,8.755598
2025-07-21 23:00:00,8.811232
2025-07-22 00:00:00,8.987865
2025-07-22 01:00:00,9.163774
2025-07-22 02:00:00,9.302037
2025-07-22 03:00:00,9.455602
2025-07-22 04:00:00,9.52525
2025-07-22 05:00:00,9.496318
2025-07-22 06:00:00,9.386656
2025-07-22 07:00:00,9.6271
2025-07-22 08:00:00,9.786855
2025-07-22 09:00:00,9.027431
2025-07-22 10:00:00,8.396272
2025-07-22 11:00:00,7.8191857
2025-07-22 12:00:00,6.998608
2025-07-22 13:00:00,6.2084665
2025-07-22 14:00:00,5.590589
2025-07-22 15:00:00,5.4230204
2025-07-22 16:00:00,5.5903883
2025-07-22 17:00:00,6.2012444
2025-07-22 18:00:00,6.724112
2025-07-22 19:00:00,7.9730997
2025-07-22 20:00:00,9.120231
2025-07-22 21:00:00,9.525097
2025-07-22 22:00:00,9.146109
2025-07-22 23:00:00,9.056582
2025-07-23 00:00:00,9.026024
2025-07-23 01:00:00,9.168996
2025-07-23 02:00:00,9.456297
2025-07-23 03:00:00,9.6925
2025-07-23 04:00:00,9.654877
2025-07-23 05:00:00,9.574117
2025-07-23 06:00:00,9.436377
2025-07-23 07:00:00,9.572199
2025-07-23 08:00:00,9.505909
2025-07-23 09:00:00,9.581006
2025-07-23 10:00:00,9.365898
2025-07-23 11:00:00,8.635403
2025-07-23 12:00:00,7.812197
2025-07-23 13:00:00,7.1112676
2025-07-23 14:00:00,6.565954
2025-07-23 15:00:00,6.3161697
2025-07-23 16:00:00,6.4324064
2025-07-23 17:00:00,6.6949944
2025-07-23 18:00:00,6.549803
2025-07-23 19:00:00,7.115392
2025-07-23 20:00:00,8.034839
2025-07-23 21:00:00,8.837927
2025-07-23 22:00:00,8.938084
2025-07-23 23:00:00,8.915797
2025-07-24 00:00:00,8.961125
2025-07-24 01:00:00,9.043099
2025-07-24 02:00:00,8.896244
2025-07-24 03:00:00,8.749361
2025-07-24 04:00:00,8.790899
2025-07-24 05:00:00,8.786674
2025-07-24 06:00:00,8.825413
2025-07-24 07:00:00,9.249959
2025-07-24 08:00:00,10.057492
2025-07-24 09:00:00,9.801577
2025-07-24 10:00:00,9.448727
2025-07-24 11:00:00,8.607531
2025-07-24 12:00:00,7.84261
2025-07-24 13:00:00,7.290191
2025-07-24 14:00:00,7.035479
2025-07-24 15:00:00,6.9654493
2025-07-24 16:00:00,6.8762383
2025-07-24 17:00:00,7.019475
2025-07-24 18:00:00,6.8060274
2025-07-24 19:00:00,7.9943094
2025-07-24 20:00:00,9.234821
2025-07-24 21:00:00,9.510171
2025-07-24 22:00:00,9.394983
2025-07-24 23:00:00,9.502747
2025-07-25 00:00:00,9.68622
2025-07-25 01:00:00,9.749194
2025-07-25 02:00:00,9.676781
2025-07-25 03:00:00,9.562415
2025-07-25 04:00:00,9.511366
2025-07-25 05:00:00,9.528061
2025-07-25 06:00:00,9.561544
2025-07-25 07:00:00,9.383257
2025-07-25 08:00:00,9.767327
2025-07-25 09:00:00,10.007007
2025-07-25 10:00:00,10.108196
2025-07-25 11:00:00,9.756357
2025-07-25 12:00:00,9.026528
2025-07-25 13:00:00,8.40578
2025-07-25 14:00:00,8.017574
2025-07-25 15:00:00,7.914381
2025-07-25 16:00:00,8.053052
2025-07-25 17:00:00,8.257008
2025-07-25 18:00:00,7.8200974
2025-07-25 19:00:00,8.269681
2025-07-25 20:00:00,8.861191
2025-07-25 21:00:00,9.247526
2025-07-25 22:00:00,9.1139145
2025-07-25 23:00:00,9.142941
2025-07-26 00:00:00,9.233203
2025-07-26 01:00:00,9.329725
2025-07-26 02:00:00,9.415485
2025-07-26 03:00:00,9.441754
2025-07-26 04:00:00,9.343522
2025-07-26 05:00:00,9.199486
2025-07-26 06:00:00,9.078348
2025-07-26 07:00:00,8.746097
2025-07-26 08:00:00,9.35248
2025-07-26 09:00:00,9.722802
2025-07-26 10:00:00,9.4862
2025-07-26 11:00:00,9.138134
2025-07-26 12:00:00,8.611858
2025-07-26 13:00:00,8.109636
2025-07-26 14:00:00,7.809994
2025-07-26 15:00:00,7.6897426
2025-07-26 16:00:00,7.7701287
2025-07-26 17:00:00,7.8810983
2025-07-26 18:00:00,7.531459
2025-07-26 19:00:00,8.090433
2025-07-26 20:00:00,8.663924
2025-07-26 21:00:00,9.148738
2025-07-26 22:00:00,9.246908
2025-07-26 23:00:00,9.258348
2025-07-27 00:00:00,9.254189
2025-07-27 01:00:00,9.190599
2025-07-27 02:00:00,9.09246
2025-07-27 03:00:00,9.215588
2025-07-27 04:00:00,9.393185
2025-07-27 05:00:00,9.42185
2025-07-27 06:00:00,9.497381
2025-07-27 07:00:00,8.866252
2025-07-27 08:00:00,9.334624
2025-07-27 09:00:00,9.524549
2025-07-27 10:00:00,9.394585
2025-07-27 11:00:00,9.148274
2025-07-27 12:00:00,8.876148
2025-07-27 13:00:00,8.536327
2025-07-27 14:00:00,8.260922
2025-07-27 15:00:00,7.9792423
2025-07-27 16:00:00,7.9277377
2025-07-27 17:00:00,7.842256
2025-07-27 18:00:00,7.298566
2025-07-27 19:00:00,7.678045
2025-07-27 20:00:00,8.368136
2025-07-27 21:00:00,8.875725
2025-07-27 22:00:00,8.7819395
2025-07-27 23:00:00,8.556027
2025-07-28 00:00:00,8.384321
2025-07-28 01:00:00,8.286407
2025-07-28 02:00:00,8.485409
2025-07-28 03:00:00,8.900919
2025-07-28 04:00:00,9.052129
2025-07-28 05:00:00,9.113776
2025-07-28 06:00:00,9.186461
2025-07-28 07:00:00,8.968935
2025-07-28 08:00:00,9.796555
2025-07-28 09:00:00,9.707387
2025-07-28 10:00:00,9.078127
2025-07-28 11:00:00,8.144291
2025-07-28 12:00:00,7.05053
2025-07-28 13:00:00,5.9038625
2025-07-28 14:00:00,5.5741663
2025-07-28 15:00:00,5.5325055
2025-07-28 16:00:00,5.6607265
2025-07-28 17:00:00,5.9120436
2025-07-28 18:00:00,6.132082
2025-07-28 19:00:00,6.3214965
2025-07-28 20:00:00,6.2779284
2025-07-28 21:00:00,6.3259597
2025-07-28 22:00:00,6.717731
2025-07-28 23:00:00,7.109091
2025-07-29 00:00:00,7.22516
2025-07-29 01:00:00,7.301152
2025-07-29 02:00:00,7.6471505
2025-07-29 03:00:00,8.208406
2025-07-29 04:00:00,8.625579
2025-07-29 05:00:00,8.484166
2025-07-29 06:00:00,8.217935
2025-07-29 07:00:00,7.703862
2025-07-29 08:00:00,7.527802
2025-07-29 09:00:00,7.10839
2025-07-29 10:00:00,6.521788
2025-07-29 11:00:00,5.804582
2025-07-29 12:00:00,4.8573666
2025-07-29 13:00:00,4.128232
2025-07-29 14:00:00,3.9745865
2025-07-29 15:00:00,4.018916
2025-07-29 16:00:00,4.1184664
2025-07-29 17:00:00,4.3514996
2025-07-29 18:00:00,4.861133
2025-07-29 19:00:00,5.3337383
2025-07-29 20:00:00,5.5504737
2025-07-29 21:00:00,6.1730947
2025-07-29 22:00:00,6.8004184
2025-07-29 23:00:00,7.1782346
2025-07-30 00:00:00,7.397572
2025-07-30 01:00:00,7.6296005
2025-07-30 02:00:00,7.770991
2025-07-30 03:00:00,7.6551447
2025-07-30 04:00:00,7.4191155
2025-07-30 05:00:00,7.292935
2025-07-30 06:00:00,7.3648434
2025-07-30 07:00:00,7.3290534
2025-07-30 08:00:00,6.624496
2025-07-30 09:00:00,6.333045
2025-07-30 10:00:00,5.6929097
2025-07-30 11:00:00,4.834389
2025-07-30 12:00:00,4.3345823
2025-07-30 13:00:00,4.677588
2025-07-30 14:00:00,5.064689
2025-07-30 15:00:00,5.3787937
2025-07-30 16:00:00,5.77232
2025-07-30 17:00:00,6.027254
2025-07-30 18:00:00,5.7260747
2025-07-30 19:00:00,6.7851243
2025-07-30 20:00:00,7.85031
2025-07-30 21:00:00,9.314748
2025-07-30 22:00:00,9.828702
2025-07-30 23:00:00,9.908075
2025-07-31 00:00:00,9.860357
2025-07-31 01:00:00,9.626605
2025-07-31 02:00:00,9.575962
2025-07-31 03:00:00,9.90999
2025-07-31 04:00:00,10.186702
2025-07-31 05:00:00,10.321371
2025-07-31 06:00:00,10.390247
2025-07-31 07:00:00,10.095697
2025-07-31 08:00:00,10.23502
2025-07-31 09:00:00,10.348758
2025-07-31 10:00:00,10.542302
2025-07-31 11:00:00,10.575282
2025-07-31 12:00:00,10.230447
2025-07-31 13:00:00,10.049958
2025-07-31 14:00:00,9.61387
2025-07-31 15:00:00,9.261362
2025-07-31 16:00:00,9.417244
2025-07-31 17:00:00,9.903468
2025-07-31 18:00:00,9.865218
2025-07-31 19:00:00,9.569275
2025-07-31 20:00:00,9.267472
2025-07-31 21:00:00,9.540406
2025-07-31 22:00:00,9.815749
2025-07-31 23:00:00,10.009276
2025-08-01 00:00:00,10.069754
2025-08-01 01:00:00,10.064871
2025-08-01 02:00:00,10.067578
2025-08-01 03:00:00,10.106735
2025-08-01 04:00:00,10.071286
2025-08-01 05:00:00,9.72667
2025-08-01 06:00:00,9.110446
2025-08-01 07:00:00,10.74859
2025-08-01 08:00:00,11.841804
2025-08-01 09:00:00,11.645298
2025-08-01 10:00:00,11.473631
2025-08-01 11:00:00,11.037538
2025-08-01 12:00:00,10.5773535
2025-08-01 13:00:00,10.096482
2025-08-01 14:00:00,9.272889
2025-08-01 15:00:00,8.1096
2025-08-01 16:00:00,8.00179
2025-08-01 17:00:00,7.8334074
2025-08-01 18:00:00,7.7250237
2025-08-01 19:00:00,9.657719
2025-08-01 20:00:00,10.219554
2025-08-01 21:00:00,9.705606
2025-08-01 22:00:00,9.760762
2025-08-01 23:00:00,9.531975
2025-08-02 00:00:00,9.140585
2025-08-02 01:00:00,8.9728565
2025-08-02 02:00:00,8.915515
2025-08-02 03:00:00,9.169402
2025-08-02 04:00:00,9.1245165
2025-08-02 05:00:00,9.142441
2025-08-02 06:00:00,8.814216
2025-08-02 07:00:00,8.887951
2025-08-02 08:00:00,9.758637
2025-08-02 09:00:00,9.959895
2025-08-02 10:00:00,9.803516
2025-08-02 11:00:00,9.988785
2025-08-02 12:00:00,10.371602
2025-08-02 13:00:00,10.027711
2025-08-02 14:00:00,9.66457
2025-08-02 15:00:00,9.873797
2025-08-02 16:00:00,9.921526
2025-08-02 17:00:00,9.596363
2025-08-02 18:00:00,9.286637
2025-08-02 19:00:00,9.319256
2025-08-02 20:00:00,8.990247
2025-08-02 21:00:00,8.751875
2025-08-02 22:00:00,8.58671
2025-08-02 23:00:00,8.660516
2025-08-03 00:00:00,8.5163355
2025-08-03 01:00:00,8.405805
2025-08-03 02:00:00,8.615144
2025-08-03 03:00:00,8.91984
2025-08-03 04:00:00,8.968346
2025-08-03 05:00:00,8.952962
2025-08-03 06:00:00,8.797787
2025-08-03 07:00:00,8.412206
2025-08-03 08:00:00,9.964159
2025-08-03 09:00:00,10.7523365
2025-08-03 10:00:00,10.5211315
2025-08-03 11:00:00,9.96011
2025-08-03 12:00:00,9.7366295
2025-08-03 13:00:00,9.508886
2025-08-03 14:00:00,9.32066
2025-08-03 15:00:00,8.995255
2025-08-03 16:00:00,8.778553
2025-08-03 17:00:00,8.612396
2025-08-03 18:00:00,8.398571
2025-08-03 19:00:00,8.268892
2025-08-03 20:00:00,7.9723296
2025-08-03 21:00:00,8.136008
2025-08-03 22:00:00,8.210081
2025-08-03 23:00:00,8.391582
2025-08-04 00:00:00,8.497368
2025-08-04 01:00:00,8.851312
2025-08-04 02:00:00,9.143203
2025-08-04 03:00:00,9.2803955
2025-08-04 04:00:00,9.160601
2025-08-04 05:00:00,8.96741
2025-08-04 06:00:00,9.026218
2025-08-04 07:00:00,8.514742
2025-08-04 08:00:00,10.318016
2025-08-04 09:00:00,11.240553
2025-08-04 10:00:00,10.6642475
2025-08-04 11:00:00,9.914279
2025-08-04 12:00:00,9.21963
2025-08-04 13:00:00,8.7197275
2025-08-04 14:00:00,8.7964945
2025-08-04 15:00:00,9.0816965
2025-08-04 16:00:00,9.0010195
2025-08-04 17:00:00,8.879879
2025-08-04 18:00:00,8.2756
2025-08-04 19:00:00,8.092271
2025-08-04 20:00:00,8.14161
2025-08-04 21:00:00,8.054006
2025-08-04 22:00:00,8.055206
2025-08-04 23:00:00,8.217507
2025-08-05 00:00:00,8.468674
2025-08-05 01:00:00,8.616419
2025-08-05 02:00:00,8.646848
2025-08-05 03:00:00,8.623547
2025-08-05 04:00:00,8.643672
2025-08-05 05:00:00,8.693576
2025-08-05 06:00:00,8.675861
2025-08-05 07:00:00,8.336245
2025-08-05 08:00:00,8.981693
2025-08-05 09:00:00,9.232258
2025-08-05 10:00:00,8.833137
2025-08-05 11:00:00,8.411009
2025-08-05 12:00:00,8.164626
2025-08-05 13:00:00,7.7743926
2025-08-05 14:00:00,7.242845
2025-08-05 15:00:00,7.0666366
2025-08-05 16:00:00,7.4315357
2025-08-05 17:00:00,7.895187
2025-08-05 18:00:00,8.42981
2025-08-05 19:00:00,9.461969
2025-08-05 20:00:00,10.02599
2025-08-05 21:00:00,9.871266
2025-08-05 22:00:00,9.544935
2025-08-05 23:00:00,9.512398
2025-08-06 00:00:00,9.628998
2025-08-06 01:00:00,9.686729
2025-08-06 02:00:00,9.713325
2025-08-06 03:00:00,9.524988
2025-08-06 04:00:00,9.368244
2025-08-06 05:00:00,9.156849
2025-08-06 06:00:00,9.0785265
2025-08-06 07:00:00,8.728395
2025-08-06 08:00:00,10.669572
2025-08-06 09:00:00,10.130879
2025-08-06 10:00:00,9.548423
2025-08-06 11:00:00,8.9735775
2025-08-06 12:00:00,8.339363
2025-08-06 13:00:00,8.07294
2025-08-06 14:00:00,7.8482547
2025-08-06 15:00:00,7.632462
2025-08-06 16:00:00,7.605027
2025-08-06 17:00:00,7.74906
2025-08-06 18:00:00,7.612516
2025-08-06 19:00:00,8.67275
2025-08-06 20:00:00,9.011682
2025-08-06 21:00:00,8.885172
2025-08-06 22:00:00,8.629176
2025-08-06 23:00:00,8.357856
2025-08-07 00:00:00,8.190968
2025-08-07 01:00:00,8.1495285
2025-08-07 02:00:00,8.440922
2025-08-07 03:00:00,8.818644
2025-08-07 04:00:00,9.052089
2025-08-07 05:00:00,9.167671
2025-08-07 06:00:00,9.397804
2025-08-07 07:00:00,10.573642
2025-08-07 08:00:00,10.152923
2025-08-07 09:00:00,9.845753
2025-08-07 10:00:00,9.511446
2025-08-07 11:00:00,9.298932
2025-08-07 12:00:00,8.777648
2025-08-07 13:00:00,8.302762
2025-08-07 14:00:00,7.9960275
2025-08-07 15:00:00,7.8002453
2025-08-07 16:00:00,7.8923583
2025-08-07 17:00:00,8.159181
2025-08-07 18:00:00,8.148064
2025-08-07 19:00:00,9.202656
2025-08-07 20:00:00,9.911704
2025-08-07 21:00:00,9.556815
2025-08-07 22:00:00,9.039606
2025-08-07 23:00:00,8.717991
2025-08-08 00:00:00,8.638599
2025-08-08 01:00:00,8.619496
2025-08-08 02:00:00,8.614737
2025-08-08 03:00:00,8.650871
2025-08-08 04:00:00,8.597442
2025-08-08 05:00:00,8.537159
2025-08-08 06:00:00,8.539089
2025-08-08 07:00:00,8.900073
2025-08-08 08:00:00,8.877552
2025-08-08 09:00:00,8.7237
2025-08-08 10:00:00,8.345027
2025-08-08 11:00:00,7.9090796
2025-08-08 12:00:00,7.4701533
2025-08-08 13:00:00,6.9754415
2025-08-08 14:00:00,6.5162077
2025-08-08 15:00:00,6.0373063
2025-08-08 16:00:00,5.861217
2025-08-08 17:00:00,5.8947654
2025-08-08 18:00:00,6.031316
2025-08-08 19:00:00,6.552909
2025-08-08 20:00:00,7.122644
2025-08-08 21:00:00,7.8138404
2025-08-08 22:00:00,7.986619
2025-08-08 23:00:00,8.025521
2025-08-09 00:00:00,8.060081
2025-08-09 01:00:00,7.9798403
2025-08-09 02:00:00,7.788083
2025-08-09 03:00:00,7.6114845
2025-08-09 04:00:00,7.44389
2025-08-09 05:00:00,7.454672
2025-08-09 06:00:00,7.4793973
2025-08-09 07:00:00,6.966682
2025-08-09 08:00:00,7.029632
2025-08-09 09:00:00,6.770312
2025-08-09 10:00:00,6.2009826
2025-08-09 11:00:00,5.38038
2025-08-09 12:00:00,4.5558677
2025-08-09 13:00:00,3.9705937
2025-08-09 14:00:00,3.8083766
2025-08-09 15:00:00,3.6982074
2025-08-09 16:00:00,3.8579488
2025-08-09 17:00:00,4.0525475
2025-08-09 18:00:00,4.907929
2025-08-09 19:00:00,6.1075406
2025-08-09 20:00:00,6.5153556
2025-08-09 21:00:00,6.9360623
2025-08-09 22:00:00,7.1554923
2025-08-09 23:00:00,7.2101564
2025-08-10 00:00:00,7.180523
2025-08-10 01:00:00,7.3045363
2025-08-10 02:00:00,7.5709314
2025-08-10 03:00:00,7.766961
2025-08-10 04:00:00,7.929359
2025-08-10 05:00:00,7.824062
2025-08-10 06:00:00,7.5586605
2025-08-10 07:00:00,6.920849
2025-08-10 08:00:00,6.384576
2025-08-10 09:00:00,5.77333
2025-08-10 10:00:00,4.978288
2025-08-10 11:00:00,3.8877177
2025-08-10 12:00:00,2.6656957
2025-08-10 13:00:00,1.8183832
2025-08-10 14:00:00,1.9909295
2025-08-10 15:00:00,2.4991913
2025-08-10 16:00:00,3.1075628
2025-08-10 17:00:00,3.5671747
2025-08-10 18:00:00,4.414358
2025-08-10 19:00:00,5.165264
2025-08-10 20:00:00,5.0555005
2025-08-10 21:00:00,5.499888
2025-08-10 22:00:00,7.1815047
2025-08-10 23:00:00,8.59039
2025-08-11 00:00:00,8.727454
2025-08-11 01:00:00,8.086672
2025-08-11 02:00:00,7.8349185
2025-08-11 03:00:00,7.7127748
2025-08-11 04:00:00,7.6459904
2025-08-11 05:00:00,7.5405602
2025-08-11 06:00:00,7.3635087
2025-08-11 07:00:00,6.3506694
2025-08-11 08:00:00,6.093837
2025-08-11 09:00:00,5.9297447
2025-08-11 10:00:00,5.788523
2025-08-11 11:00:00,5.7937617
2025-08-11 12:00:00,4.846033
2025-08-11 13:00:00,3.8722758
2025-08-11 14:00:00,3.7360659
2025-08-11 15:00:00,3.8732026
2025-08-11 16:00:00,3.990134
2025-08-11 17:00:00,4.1531796
2025-08-11 18:00:00,4.397687
2025-08-11 19:00:00,5.6639423
2025-08-11 20:00:00,6.632736
2025-08-11 21:00:00,7.4544063
2025-08-11 22:00:00,7.9988427
2025-08-11 23:00:00,8.051939
2025-08-12 00:00:00,8.056841
2025-08-12 01:00:00,8.025588
2025-08-12 02:00:00,8.061805
2025-08-12 03:00:00,8.303291
2025-08-12 04:00:00,8.550385
2025-08-12 05:00:00,8.702274
2025-08-12 06:00:00,8.682968
2025-08-12 07:00:00,8.530833
2025-08-12 08:00:00,8.374491
2025-08-12 09:00:00,7.8547983
2025-08-12 10:00:00,7.124783
2025-08-12 11:00:00,6.3720713
2025-08-12 12:00:00,5.7236056
2025-08-12 13:00:00,5.1783504
2025-08-12 14:00:00,4.821038
2025-08-12 15:00:00,4.7962704
2025-08-12 16:00:00,5.110886
2025-08-12 17:00:00,5.6068516
2025-08-12 18:00:00,5.518724
2025-08-12 19:00:00,5.9638734
2025-08-12 20:00:00,7.126699
2025-08-12 21:00:00,8.483768
2025-08-12 22:00:00,9.168502
2025-08-12 23:00:00,9.112319
2025-08-13 00:00:00,9.133607
2025-08-13 01:00:00,9.048206
2025-08-13 02:00:00,9.109542
2025-08-13 03:00:00,9.293217
2025-08-13 04:00:00,9.2732525
2025-08-13 05:00:00,9.189809
2025-08-13 06:00:00,9.263664
2025-08-13 07:00:00,9.337685
2025-08-13 08:00:00,9.587819
2025-08-13 09:00:00,9.433955
2025-08-13 10:00:00,9.128313
2025-08-13 11:00:00,8.520975
2025-08-13 12:00:00,7.971106
2025-08-13 13:00:00,7.658124
2025-08-13 14:00:00,7.4675612
2025-08-13 15:00:00,7.407874
2025-08-13 16:00:00,7.454262
2025-08-13 17:00:00,7.6586637
2025-08-13 18:00:00,7.2656283
2025-08-13 19:00:00,7.3701606
2025-08-13 20:00:00,8.567869
2025-08-13 21:00:00,9.530547
2025-08-13 22:00:00,9.761127
2025-08-13 23:00:00,9.70106
2025-08-14 00:00:00,9.4488325
2025-08-14 01:00:00,9.072022
2025-08-14 02:00:00,8.859082
2025-08-14 03:00:00,8.845027
2025-08-14 04:00:00,8.84234
2025-08-14 05:00:00,8.962754
2025-08-14 06:00:00,9.048218
2025-08-14 07:00:00,8.917652
2025-08-14 08:00:00,8.9148855
2025-08-14 09:00:00,8.8182335
2025-08-14 10:00:00,8.648045
2025-08-14 11:00:00,8.329174
2025-08-14 12:00:00,8.064053
2025-08-14 13:00:00,7.785862
2025-08-14 14:00:00,7.6562977
2025-08-14 15:00:00,7.6783185
2025-08-14 16:00:00,7.8133273
2025-08-14 17:00:00,8.01943
2025-08-14 18:00:00,7.495786
2025-08-14 19:00:00,8.112333
2025-08-14 20:00:00,8.95633
2025-08-14 21:00:00,9.614857
2025-08-14 22:00:00,9.701447
2025-08-14 23:00:00,9.689768
2025-08-15 00:00:00,9.466585
2025-08-15 01:00:00,9.282956
2025-08-15 02:00:00,9.233352
2025-08-15 03:00:00,9.498777
2025-08-15 04:00:00,9.576401
2025-08-15 05:00:00,9.697908
2025-08-15 06:00:00,9.858367
2025-08-15 07:00:00,9.380999
2025-08-15 08:00:00,10.148113
2025-08-15 09:00:00,10.477015
2025-08-15 10:00:00,10.421845
2025-08-15 11:00:00,9.966536
2025-08-15 12:00:00,9.122443
2025-08-15 13:00:00,8.238765
2025-08-15 14:00:00,7.724199
2025-08-15 15:00:00,7.5917454
2025-08-15 16:00:00,7.6721854
2025-08-15 17:00:00,7.9280353
2025-08-15 18:00:00,7.6635447
2025-08-15 19:00:00,7.863437
2025-08-15 20:00:00,8.728691
2025-08-15 21:00:00,9.160298
2025-08-15 22:00:00,9.303031
2025-08-15 23:00:00,9.774479
2025-08-16 00:00:00,10.637308
2025-08-16 01:00:00,11.118327
2025-08-16 02:00:00,10.880415
2025-08-16 03:00:00,10.56832
2025-08-16 04:00:00,10.430866
2025-08-16 05:00:00,10.248212
2025-08-16 06:00:00,10.063287
2025-08-16 07:00:00,10.300572
2025-08-16 08:00:00,11.630291
2025-08-16 09:00:00,11.523752
2025-08-16 10:00:00,11.203319
2025-08-16 11:00:00,10.538064
2025-08-16 12:00:00,9.761524
2025-08-16 13:00:00,9.229698
2025-08-16 14:00:00,8.96948
2025-08-16 15:00:00,8.843957
2025-08-16 16:00:00,8.794125
2025-08-16 17:00:00,8.980691
2025-08-16 18:00:00,8.652974
2025-08-16 19:00:00,9.209518
2025-08-16 20:00:00,9.530568
2025-08-16 21:00:00,9.543253
2025-08-16 22:00:00,9.42107
2025-08-16 23:00:00,9.410773
2025-08-17 00:00:00,9.483029
2025-08-17 01:00:00,9.862858
2025-08-17 02:00:00,10.149642
2025-08-17 03:00:00,10.157389
2025-08-17 04:00:00,10.106213
2025-08-17 05:00:00,9.902629
2025-08-17 06:00:00,9.756488
2025-08-17 07:00:00,9.552984
2025-08-17 08:00:00,9.684222
2025-08-17 09:00:00,9.84982
2025-08-17 10:00:00,9.965919
2025-08-17 11:00:00,9.842621
2025-08-17 12:00:00,9.39158
2025-08-17 13:00:00,8.754756
2025-08-17 14:00:00,8.2836685
2025-08-17 15:00:00,8.119303
2025-08-17 16:00:00,8.267331
2025-08-17 17:00:00,8.485891
2025-08-17 18:00:00,8.203081
2025-08-17 19:00:00,8.904409
2025-08-17 20:00:00,9.375163
2025-08-17 21:00:00,9.226535
2025-08-17 22:00:00,9.052956
2025-08-17 23:00:00,9.1814165
2025-08-18 00:00:00,9.25263
2025-08-18 01:00:00,9.1486025
2025-08-18 02:00:00,8.929114
2025-08-18 03:00:00,8.919028
2025-08-18 04:00:00,8.988987
2025-08-18 05:00:00,9.150301
2025-08-18 06:00:00,9.255723
2025-08-18 07:00:00,9.019087
2025-08-18 08:00:00,9.538802
2025-08-18 09:00:00,9.671103
2025-08-18 10:00:00,9.778755
2025-08-18 11:00:00,9.473198
2025-08-18 12:00:00,9.069587
2025-08-18 13:00:00,8.740704
2025-08-18 14:00:00,8.381465
2025-08-18 15:00:00,8.315372
2025-08-18 16:00:00,8.50079
2025-08-18 17:00:00,8.968442
2025-08-18 18:00:00,9.627647
2025-08-18 19:00:00,9.999322
2025-08-18 20:00:00,9.902071
2025-08-18 21:00:00,9.664572
2025-08-18 22:00:00,9.758692
2025-08-18 23:00:00,10.0484
2025-08-19 00:00:00,10.011653
2025-08-19 01:00:00,9.829971
2025-08-19 02:00:00,9.608696
2025-08-19 03:00:00,9.505075
2025-08-19 04:00:00,9.529207
2025-08-19 05:00:00,9.548702
2025-08-19 06:00:00,9.617454
2025-08-19 07:00:00,9.449319
2025-08-19 08:00:00,9.777623
2025-08-19 09:00:00,9.97684
2025-08-19 10:00:00,10.52981
2025-08-19 11:00:00,10.419472
2025-08-19 12:00:00,9.883878
2025-08-19 13:00:00,9.666509
2025-08-19 14:00:00,9.508663
2025-08-19 15:00:00,9.557165
2025-08-19 16:00:00,9.7078285
2025-08-19 17:00:00,10.129434
2025-08-19 18:00:00,9.735367
2025-08-19 19:00:00,9.111855
2025-08-19 20:00:00,8.839844
2025-08-19 21:00:00,8.85331
2025-08-19 22:00:00,9.006141
2025-08-19 23:00:00,9.396075
2025-08-20 00:00:00,9.881646
2025-08-20 01:00:00,10.000305
2025-08-20 02:00:00,9.749801
2025-08-20 03:00:00,9.310524
2025-08-20 04:00:00,8.93149
2025-08-20 05:00:00,8.75048
2025-08-20 06:00:00,8.721855
2025-08-20 07:00:00,8.689197
2025-08-20 08:00:00,9.331551
2025-08-20 09:00:00,9.581612
2025-08-20 10:00:00,9.34803
2025-08-20 11:00:00,8.8801985
2025-08-20 12:00:00,8.611471
2025-08-20 13:00:00,8.241372
2025-08-20 14:00:00,7.9365106
2025-08-20 15:00:00,7.780489
2025-08-20 16:00:00,7.7997236
2025-08-20 17:00:00,8.0395975
2025-08-20 18:00:00,7.8631234
2025-08-20 19:00:00,8.6225605
2025-08-20 20:00:00,9.884033
2025-08-20 21:00:00,10.005719
2025-08-20 22:00:00,9.320952
2025-08-20 23:00:00,9.051153
2025-08-21 00:00:00,9.042213
2025-08-21 01:00:00,9.268121
2025-08-21 02:00:00,9.488043
2025-08-21 03:00:00,9.484678
2025-08-21 04:00:00,9.357438
2025-08-21 05:00:00,9.276165
2025-08-21 06:00:00,9.175286
2025-08-21 07:00:00,9.618887
2025-08-21 08:00:00,9.069433
2025-08-21 09:00:00,9.363629
2025-08-21 10:00:00,9.300296
2025-08-21 11:00:00,8.739149
2025-08-21 12:00:00,8.316623
2025-08-21 13:00:00,8.037371
2025-08-21 14:00:00,7.8849382
2025-08-21 15:00:00,7.8254952
2025-08-21 16:00:00,8.081146
2025-08-21 17:00:00,8.471233
2025-08-21 18:00:00,7.9947896
2025-08-21 19:00:00,7.901257
2025-08-21 20:00:00,8.341478
2025-08-21 21:00:00,8.949754
2025-08-21 22:00:00,9.229436
2025-08-21 23:00:00,9.201564
2025-08-22 00:00:00,9.020261
2025-08-22 01:00:00,9.017149
2025-08-22 02:00:00,9.192978
2025-08-22 03:00:00,9.126028
2025-08-22 04:00:00,8.900539
2025-08-22 05:00:00,8.6817
2025-08-22 06:00:00,8.750239
2025-08-22 07:00:00,9.91341
2025-08-22 08:00:00,10.522157
2025-08-22 09:00:00,10.213354
2025-08-22 10:00:00,9.752607
2025-08-22 11:00:00,9.430303
2025-08-22 12:00:00,9.121163
2025-08-22 13:00:00,8.9784565
2025-08-22 14:00:00,8.969113
2025-08-22 15:00:00,8.958666
2025-08-22 16:00:00,8.861321
2025-08-22 17:00:00,8.69112
2025-08-22 18:00:00,8.035443
2025-08-22 19:00:00,7.4824834
2025-08-22 20:00:00,8.042243
2025-08-22 21:00:00,8.858342
2025-08-22 22:00:00,9.228918
2025-08-22 23:00:00,9.578026
2025-08-23 00:00:00,10.02757
2025-08-23 01:00:00,10.225229
2025-08-23 02:00:00,10.336836
2025-08-23 03:00:00,9.877453
2025-08-23 04:00:00,9.6629505
2025-08-23 05:00:00,9.671665
2025-08-23 06:00:00,9.807784
2025-08-23 07:00:00,9.97243
2025-08-23 08:00:00,10.771803
2025-08-23 09:00:00,11.599913
2025-08-23 10:00:00,11.113857
2025-08-23 11:00:00,10.324749
2025-08-23 12:00:00,9.468896
2025-08-23 13:00:00,8.864013
2025-08-23 14:00:00,8.412217
2025-08-23 15:00:00,8.209666
2025-08-23 16:00:00,8.233237
2025-08-23 17:00:00,8.401431
2025-08-23 18:00:00,7.963653
2025-08-23 19:00:00,8.448875
2025-08-23 20:00:00,8.83254
2025-08-23 21:00:00,9.054164
2025-08-23 22:00:00,8.852432
2025-08-23 23:00:00,8.895852
2025-08-24 00:00:00,8.845311
2025-08-24 01:00:00,8.925405
2025-08-24 02:00:00,8.893023
2025-08-24 03:00:00,8.810515
2025-08-24 04:00:00,8.743151
2025-08-24 05:00:00,8.68178
2025-08-24 06:00:00,8.487906
2025-08-24 07:00:00,8.890206
2025-08-24 08:00:00,9.315322
2025-08-24 09:00:00,9.339147
2025-08-24 10:00:00,8.841962
2025-08-24 11:00:00,8.040451
2025-08-24 12:00:00,7.1657524
2025-08-24 13:00:00,6.566629
2025-08-24 14:00:00,6.2885585
2025-08-24 15:00:00,6.33377
2025-08-24 16:00:00,6.4575415
2025-08-24 17:00:00,6.662019
2025-08-24 18:00:00,6.4116645
2025-08-24 19:00:00,6.598092
2025-08-24 20:00:00,7.6633034
2025-08-24 21:00:00,8.776623
2025-08-24 22:00:00,9.017053
2025-08-24 23:00:00,9.002844
2025-08-25 00:00:00,9.050991
2025-08-25 01:00:00,9.166712
2025-08-25 02:00:00,9.232689
2025-08-25 03:00:00,9.251028
2025-08-25 04:00:00,9.364448
2025-08-25 05:00:00,9.435704
2025-08-25 06:00:00,9.410356
2025-08-25 07:00:00,9.126711
2025-08-25 08:00:00,9.299923
2025-08-25 09:00:00,9.550666
2025-08-25 10:00:00,9.757744
2025-08-25 11:00:00,9.560903
2025-08-25 12:00:00,9.014364
2025-08-25 13:00:00,8.333882
2025-08-25 14:00:00,7.803153
2025-08-25 15:00:00,7.709387
2025-08-25 16:00:00,7.8001294
2025-08-25 17:00:00,8.120461
2025-08-25 18:00:00,7.952801
2025-08-25 19:00:00,7.9801917
2025-08-25 20:00:00,8.857245
2025-08-25 21:00:00,9.339678
2025-08-25 22:00:00,9.249632
2025-08-25 23:00:00,9.293599
2025-08-26 00:00:00,9.682599
2025-08-26 01:00:00,9.837819
2025-08-26 02:00:00,9.589869
2025-08-26 03:00:00,9.420896
2025-08-26 04:00:00,9.467628
2025-08-26 05:00:00,9.68067
2025-08-26 06:00:00,9.737482
2025-08-26 07:00:00,9.5273905
2025-08-26 08:00:00,9.961995
2025-08-26 09:00:00,10.193406
2025-08-26 10:00:00,10.244533
2025-08-26 11:00:00,10.060343
2025-08-26 12:00:00,9.559717
2025-08-26 13:00:00,8.940323
2025-08-26 14:00:00,8.492977
2025-08-26 15:00:00,8.17849
2025-08-26 16:00:00,8.163803
2025-08-26 17:00:00,8.262045
2025-08-26 18:00:00,7.852893
2025-08-26 19:00:00,7.8444796
2025-08-26 20:00:00,8.396645
2025-08-26 21:00:00,8.766107
2025-08-26 22:00:00,8.774635
2025-08-26 23:00:00,8.632011
2025-08-27 00:00:00,8.531262
2025-08-27 01:00:00,8.798454
2025-08-27 02:00:00,9.265784
2025-08-27 03:00:00,9.460853
2025-08-27 04:00:00,9.337498
2025-08-27 05:00:00,9.274266
2025-08-27 06:00:00,9.141882
2025-08-27 07:00:00,9.310932
2025-08-27 08:00:00,9.256526
2025-08-27 09:00:00,9.634142
2025-08-27 10:00:00,9.35719
2025-08-27 11:00:00,8.601676
2025-08-27 12:00:00,7.8505282
2025-08-27 13:00:00,7.245481
2025-08-27 14:00:00,6.972789
2025-08-27 15:00:00,6.90286
2025-08-27 16:00:00,7.2946014
2025-08-27 17:00:00,7.848899
2025-08-27 18:00:00,7.973358
2025-08-27 19:00:00,8.285666
2025-08-27 20:00:00,8.824165
2025-08-27 21:00:00,9.144933
2025-08-27 22:00:00,9.477098
2025-08-27 23:00:00,9.521862
2025-08-28 00:00:00,9.355287
2025-08-28 01:00:00,9.213623
2025-08-28 02:00:00,9.058253
2025-08-28 03:00:00,9.029087
2025-08-28 04:00:00,9.180403
2025-08-28 05:00:00,9.480789
2025-08-28 06:00:00,9.562739
2025-08-28 07:00:00,9.818822
2025-08-28 08:00:00,10.101601
2025-08-28 09:00:00,10.248713
2025-08-28 10:00:00,9.778443
2025-08-28 11:00:00,9.0195
2025-08-28 12:00:00,8.554381
2025-08-28 13:00:00,8.093269
2025-08-28 14:00:00,7.9312787
2025-08-28 15:00:00,7.8526497
2025-08-28 16:00:00,8.113321
2025-08-28 17:00:00,8.661258
2025-08-28 18:00:00,8.819855
2025-08-28 19:00:00,9.39912
2025-08-28 20:00:00,10.102149
2025-08-28 21:00:00,10.183532
2025-08-28 22:00:00,9.922536
2025-08-28 23:00:00,9.9024105
2025-08-29 00:00:00,10.12446
2025-08-29 01:00:00,10.33922
2025-08-29 02:00:00,10.13176
2025-08-29 03:00:00,9.749732
2025-08-29 04:00:00,9.477088
2025-08-29 05:00:00,9.331812
2025-08-29 06:00:00,9.246498
2025-08-29 07:00:00,9.194202
2025-08-29 08:00:00,9.362318
2025-08-29 09:00:00,9.699849
2025-08-29 10:00:00,9.705769
2025-08-29 11:00:00,9.145949
2025-08-29 12:00:00,8.449378
2025-08-29 13:00:00,7.771358
2025-08-29 14:00:00,7.4761715
2025-08-29 15:00:00,7.2854967
2025-08-29 16:00:00,7.310092
2025-08-29 17:00:00,7.617458
2025-08-29 18:00:00,7.4920177
2025-08-29 19:00:00,7.803535
2025-08-29 20:00:00,8.939553
2025-08-29 21:00:00,9.98109
2025-08-29 22:00:00,10.082454
2025-08-29 23:00:00,9.897881
2025-08-30 00:00:00,9.910941
2025-08-30 01:00:00,10.17533
2025-08-30 02:00:00,10.229417
2025-08-30 03:00:00,10.040114
2025-08-30 04:00:00,9.73016
2025-08-30 05:00:00,9.604028
2025-08-30 06:00:00,9.501963
2025-08-30 07:00:00,9.299458
2025-08-30 08:00:00,9.963842
2025-08-30 09:00:00,10.161977
2025-08-30 10:00:00,9.8124
2025-08-30 11:00:00,9.184959
2025-08-30 12:00:00,8.366396
2025-08-30 13:00:00,7.5330896
2025-08-30 14:00:00,6.9184055
2025-08-30 15:00:00,6.6531677
2025-08-30 16:00:00,6.7262297
2025-08-30 17:00:00,7.0519342
2025-08-30 18:00:00,7.1899137
2025-08-30 19:00:00,7.8943763
2025-08-30 20:00:00,9.046633
2025-08-30 21:00:00,9.619455
2025-08-30 22:00:00,9.658646
2025-08-30 23:00:00,9.757003
2025-08-31 00:00:00,10.112738
2025-08-31 01:00:00,10.582539
2025-08-31 02:00:00,10.691564
2025-08-31 03:00:00,10.197194
2025-08-31 04:00:00,9.638178
2025-08-31 05:00:00,9.275538
2025-08-31 06:00:00,9.137286
2025-08-31 07:00:00,8.995465
2025-08-31 08:00:00,8.92988
2025-08-31 09:00:00,8.803575
2025-08-31 10:00:00,8.262174
2025-08-31 11:00:00,7.3441916
2025-08-31 12:00:00,6.6859355
2025-08-31 13:00:00,6.332086
2025-08-31 14:00:00,6.2806273
2025-08-31 15:00:00,6.4493885
2025-08-31 16:00:00,6.8399444
2025-08-31 17:00:00,7.3735237
2025-08-31 18:00:00,7.30077
2025-08-31 19:00:00,7.304785
2025-08-31 20:00:00,7.9206376
2025-08-31 21:00:00,8.87023
2025-08-31 22:00:00,10.059379
2025-08-31 23:00:00,10.662145
2025-09-01 00:00:00,10.447943
2025-09-01 01:00:00,10.195877
2025-09-01 02:00:00,9.989016
2025-09-01 03:00:00,10.044246
2025-09-01 04:00:00,10.186107
2025-09-01 05:00:00,10.293259
2025-09-01 06:00:00,10.271609
2025-09-01 07:00:00,10.228674
2025-09-01 08:00:00,10.853756
2025-09-01 09:00:00,11.055714
2025-09-01 10:00:00,10.738529
2025-09-01 11:00:00,10.341512
2025-09-01 12:00:00,9.791445
2025-09-01 13:00:00,9.2555
2025-09-01 14:00:00,9.064884
2025-09-01 15:00:00,8.836475
2025-09-01 16:00:00,9.273349
2025-09-01 17:00:00,9.811056
2025-09-01 18:00:00,10.181702
2025-09-01 19:00:00,9.700818
2025-09-01 20:00:00,9.447725
2025-09-01 21:00:00,9.715351
2025-09-01 22:00:00,10.700972
2025-09-01 23:00:00,11.451423
2025-09-02 00:00:00,11.1857
2025-09-02 01:00:00,10.593023
2025-09-02 02:00:00,10.506315
2025-09-02 03:00:00,10.402675
2025-09-02 04:00:00,10.438289
2025-09-02 05:00:00,10.186125
2025-09-02 06:00:00,9.79315
2025-09-02 07:00:00,10.7766695
2025-09-02 08:00:00,12.28587
2025-09-02 09:00:00,12.453938
2025-09-02 10:00:00,11.92343
2025-09-02 11:00:00,11.125477
2025-09-02 12:00:00,10.61103
2025-09-02 13:00:00,10.158584
2025-09-02 14:00:00,9.950107
2025-09-02 15:00:00,9.708309
2025-09-02 16:00:00,9.558408
2025-09-02 17:00:00,9.352574
2025-09-02 18:00:00,8.936584
2025-09-02 19:00:00,9.277141
2025-09-02 20:00:00,10.710759
2025-09-02 21:00:00,11.6402025
2025-09-02 22:00:00,11.500711
2025-09-02 23:00:00,10.84138
2025-09-03 00:00:00,10.499948
2025-09-03 01:00:00,10.3874
2025-09-03 02:00:00,10.382344
2025-09-03 03:00:00,10.303152
2025-09-03 04:00:00,10.168037
2025-09-03 05:00:00,10.185796
2025-09-03 06:00:00,10.116342
2025-09-03 07:00:00,10.900608
2025-09-03 08:00:00,11.820028
2025-09-03 09:00:00,12.01436
2025-09-03 10:00:00,11.506929
2025-09-03 11:00:00,11.044081
2025-09-03 12:00:00,10.672102
2025-09-03 13:00:00,10.440924
2025-09-03 14:00:00,10.343456
2025-09-03 15:00:00,10.296579
2025-09-03 16:00:00,10.276582
2025-09-03 17:00:00,10.025005
2025-09-03 18:00:00,9.132294
2025-09-03 19:00:00,9.1413355
2025-09-03 20:00:00,9.724359
2025-09-03 21:00:00,10.210467
2025-09-03 22:00:00,10.84878
2025-09-03 23:00:00,11.089571
2025-09-04 00:00:00,10.788547
2025-09-04 01:00:00,10.689175
2025-09-04 02:00:00,10.697558
2025-09-04 03:00:00,10.529296
2025-09-04 04:00:00,10.503929
2025-09-04 05:00:00,10.792044
2025-09-04 06:00:00,10.49604
2025-09-04 07:00:00,11.413134
2025-09-04 08:00:00,11.631727
2025-09-04 09:00:00,11.706029
2025-09-04 10:00:00,11.551221
2025-09-04 11:00:00,11.09062
2025-09-04 12:00:00,10.490505
2025-09-04 13:00:00,9.776885
2025-09-04 14:00:00,9.373766
2025-09-04 15:00:00,9.277072
2025-09-04 16:00:00,9.41465
2025-09-04 17:00:00,9.669328
2025-09-04 18:00:00,8.852737
2025-09-04 19:00:00,8.662838
2025-09-04 20:00:00,8.951435
2025-09-04 21:00:00,9.182516
2025-09-04 22:00:00,9.549146
2025-09-04 23:00:00,9.986172
2025-09-05 00:00:00,10.102667
2025-09-05 01:00:00,9.861227
2025-09-05 02:00:00,9.672626
2025-09-05 03:00:00,9.635945
2025-09-05 04:00:00,9.763337
2025-09-05 05:00:00,9.907966
2025-09-05 06:00:00,9.969911
2025-09-05 07:00:00,10.308738
2025-09-05 08:00:00,11.284488
2025-09-05 09:00:00,10.716083
2025-09-05 10:00:00,9.669597
2025-09-05 11:00:00,8.832475
2025-09-05 12:00:00,8.410451
2025-09-05 13:00:00,8.102495
2025-09-05 14:00:00,7.998542
2025-09-05 15:00:00,7.9539075
2025-09-05 16:00:00,8.048388
2025-09-05 17:00:00,8.186017
2025-09-05 18:00:00,7.771461
2025-09-05 19:00:00,7.715928
2025-09-05 20:00:00,8.316597
2025-09-05 21:00:00,8.492722
2025-09-05 22:00:00,8.301141
2025-09-05 23:00:00,8.152698
2025-09-06 00:00:00,8.453402
2025-09-06 01:00:00,8.979066
2025-09-06 02:00:00,9.379132
2025-09-06 03:00:00,9.508208
2025-09-06 04:00:00,9.542838
2025-09-06 05:00:00,9.485482
2025-09-06 06:00:00,9.4250765
2025-09-06 07:00:00,10.261261
2025-09-06 08:00:00,10.919908
2025-09-06 09:00:00,10.516345
2025-09-06 10:00:00,9.812378
2025-09-06 11:00:00,9.379048
2025-09-06 12:00:00,8.877286
2025-09-06 13:00:00,8.4025345
2025-09-06 14:00:00,8.061161
2025-09-06 15:00:00,7.8752575
2025-09-06 16:00:00,7.852945
2025-09-06 17:00:00,8.048871
2025-09-06 18:00:00,7.9739523
2025-09-06 19:00:00,8.368249
2025-09-06 20:00:00,9.083756
2025-09-06 21:00:00,9.191211
2025-09-06 22:00:00,9.108658
2025-09-06 23:00:00,9.198575
2025-09-07 00:00:00,9.291765
2025-09-07 01:00:00,9.517544
2025-09-07 02:00:00,9.77441
2025-09-07 03:00:00,9.889416
2025-09-07 04:00:00,9.892829
2025-09-07 05:00:00,9.697788
2025-09-07 06:00:00,9.514514
2025-09-07 07:00:00,9.528652
2025-09-07 08:00:00,10.325006
2025-09-07 09:00:00,9.831999
2025-09-07 10:00:00,9.2204485
2025-09-07 11:00:00,8.648195
2025-09-07 12:00:00,8.236984
2025-09-07 13:00:00,7.9194083
2025-09-07 14:00:00,7.916831
2025-09-07 15:00:00,8.012332
2025-09-07 16:00:00,8.231443
2025-09-07 17:00:00,8.658419
2025-09-07 18:00:00,8.882471
2025-09-07 19:00:00,9.257739
2025-09-07 20:00:00,9.860549
2025-09-07 21:00:00,9.904817
2025-09-07 22:00:00,9.992184
2025-09-07 23:00:00,10.3141165
2025-09-08 00:00:00,10.508665
2025-09-08 01:00:00,10.434491
2025-09-08 02:00:00,10.21412
2025-09-08 03:00:00,9.75889
2025-09-08 04:00:00,9.321107
2025-09-08 05:00:00,8.944295
2025-09-08 06:00:00,8.652165
2025-09-08 07:00:00,8.4666605
2025-09-08 08:00:00,8.850299
2025-09-08 09:00:00,9.270511
2025-09-08 10:00:00,9.238966
2025-09-08 11:00:00,9.180751
2025-09-08 12:00:00,9.013412
2025-09-08 13:00:00,8.808821
2025-09-08 14:00:00,8.577909
2025-09-08 15:00:00,8.466686
2025-09-08 16:00:00,8.377916
2025-09-08 17:00:00,8.510336
2025-09-08 18:00:00,7.993102
2025-09-08 19:00:00,7.9840927
2025-09-08 20:00:00,8.952271
2025-09-08 21:00:00,9.105665
2025-09-08 22:00:00,8.792575
2025-09-08 23:00:00,9.01122
2025-09-09 00:00:00,9.243344
2025-09-09 01:00:00,9.320824
2025-09-09 02:00:00,9.211848
2025-09-09 03:00:00,9.125908
2025-09-09 04:00:00,9.120487
2025-09-09 05:00:00,9.170567
2025-09-09 06:00:00,9.146676
2025-09-09 07:00:00,9.063836
2025-09-09 08:00:00,8.899005
2025-09-09 09:00:00,9.076241
2025-09-09 10:00:00,8.685328
2025-09-09 11:00:00,8.502529
2025-09-09 12:00:00,8.083882
2025-09-09 13:00:00,7.7582884
2025-09-09 14:00:00,7.4216485
2025-09-09 15:00:00,7.1994944
2025-09-09 16:00:00,7.088594
2025-09-09 17:00:00,7.163558
2025-09-09 18:00:00,6.760251
2025-09-09 19:00:00,6.767013
2025-09-09 20:00:00,7.7248836
2025-09-09 21:00:00,8.439188
2025-09-09 22:00:00,8.751674
2025-09-09 23:00:00,8.723393
2025-09-10 00:00:00,8.687973
2025-09-10 01:00:00,8.607316
2025-09-10 02:00:00,8.524897
2025-09-10 03:00:00,8.242137
2025-09-10 04:00:00,7.9096594
2025-09-10 05:00:00,7.7766905
2025-09-10 06:00:00,7.7111034
2025-09-10 07:00:00,7.947751
2025-09-10 08:00:00,8.119161
2025-09-10 09:00:00,7.6240644
2025-09-10 10:00:00,7.230941
2025-09-10 11:00:00,6.98924
2025-09-10 12:00:00,6.6166716
2025-09-10 13:00:00,6.367736
2025-09-10 14:00:00,6.2787056
2025-09-10 15:00:00,6.2374125
2025-09-10 16:00:00,6.2327094
2025-09-10 17:00:00,6.295012
2025-09-10 18:00:00,6.0485406
2025-09-10 19:00:00,6.7714586
2025-09-10 20:00:00,7.1711607
2025-09-10 21:00:00,7.459096
2025-09-10 22:00:00,7.5867176
2025-09-10 23:00:00,7.7194047
2025-09-11 00:00:00,7.760032
2025-09-11 01:00:00,7.715453
2025-09-11 02:00:00,7.930084
2025-09-11 03:00:00,8.410655
2025-09-11 04:00:00,9.001059
2025-09-11 05:00:00,9.3875265
2025-09-11 06:00:00,9.616723
2025-09-11 07:00:00,9.808289
2025-09-11 08:00:00,10.517204
2025-09-11 09:00:00,10.540721
2025-09-11 10:00:00,10.03371
2025-09-11 11:00:00,9.383264
2025-09-11 12:00:00,8.748283
2025-09-11 13:00:00,8.249138
2025-09-11 14:00:00,7.900341
2025-09-11 15:00:00,7.5956635
2025-09-11 16:00:00,7.425368
2025-09-11 17:00:00,7.513221
2025-09-11 18:00:00,7.260099
2025-09-11 19:00:00,7.4824104
2025-09-11 20:00:00,8.48574
2025-09-11 21:00:00,9.224404
2025-09-11 22:00:00,9.602582
2025-09-11 23:00:00,9.76217
2025-09-12 00:00:00,9.947569
2025-09-12 01:00:00,10.087687
2025-09-12 02:00:00,10.017481
2025-09-12 03:00:00,9.6783085
2025-09-12 04:00:00,9.283195
2025-09-12 05:00:00,8.911414
2025-09-12 06:00:00,8.6735
2025-09-12 07:00:00,8.276527
2025-09-12 08:00:00,8.561107
2025-09-12 09:00:00,8.752214
2025-09-12 10:00:00,8.644702
2025-09-12 11:00:00,8.123139
2025-09-12 12:00:00,7.474922
2025-09-12 13:00:00,6.85119
2025-09-12 14:00:00,6.522631
2025-09-12 15:00:00,6.4045057
2025-09-12 16:00:00,6.4798393
2025-09-12 17:00:00,6.9073215
2025-09-12 18:00:00,6.9508686
2025-09-12 19:00:00,7.2617164
2025-09-12 20:00:00,8.2699375
2025-09-12 21:00:00,9.066238
2025-09-12 22:00:00,9.167355
2025-09-12 23:00:00,9.162482
2025-09-13 00:00:00,9.193425
2025-09-13 01:00:00,9.488411
2025-09-13 02:00:00,9.718144
2025-09-13 03:00:00,9.61549
2025-09-13 04:00:00,9.611525
2025-09-13 05:00:00,9.84572
2025-09-13 06:00:00,9.962208
2025-09-13 07:00:00,10.0506735
2025-09-13 08:00:00,10.051899
2025-09-13 09:00:00,9.848396
2025-09-13 10:00:00,9.314859
2025-09-13 11:00:00,8.392853
2025-09-13 12:00:00,7.3040133
2025-09-13 13:00:00,6.3986235
2025-09-13 14:00:00,5.954422
2025-09-13 15:00:00,5.9097996
2025-09-13 16:00:00,6.1952634
2025-09-13 17:00:00,6.4823875
2025-09-13 18:00:00,6.386186
2025-09-13 19:00:00,6.348044
2025-09-13 20:00:00,7.084933
2025-09-13 21:00:00,7.6564875
2025-09-13 22:00:00,8.127207
2025-09-13 23:00:00,8.941333
2025-09-14 00:00:00,9.297707
2025-09-14 01:00:00,9.186436
2025-09-14 02:00:00,9.263273
2025-09-14 03:00:00,9.481504
2025-09-14 04:00:00,9.541514
2025-09-14 05:00:00,9.4875965
2025-09-14 06:00:00,9.338749
2025-09-14 07:00:00,9.379493
2025-09-14 08:00:00,9.783039
2025-09-14 09:00:00,9.482944
2025-09-14 10:00:00,8.639848
2025-09-14 11:00:00,7.7721705
2025-09-14 12:00:00,7.268013
2025-09-14 13:00:00,7.070268
2025-09-14 14:00:00,7.1933246
2025-09-14 15:00:00,7.4732904
2025-09-14 16:00:00,7.991578
2025-09-14 17:00:00,8.516948
2025-09-14 18:00:00,8.372146
2025-09-14 19:00:00,8.511359
2025-09-14 20:00:00,9.225174
2025-09-14 21:00:00,9.664227
2025-09-14 22:00:00,9.621223
2025-09-14 23:00:00,9.651373
2025-09-15 00:00:00,10.03899
2025-09-15 01:00:00,10.362841
2025-09-15 02:00:00,10.31694
2025-09-15 03:00:00,10.015381
2025-09-15 04:00:00,9.742481
2025-09-15 05:00:00,9.513635
2025-09-15 06:00:00,9.312782
2025-09-15 07:00:00,10.525371
2025-09-15 08:00:00,10.680785
2025-09-15 09:00:00,10.429615
2025-09-15 10:00:00,10.24817
2025-09-15 11:00:00,9.9707775
2025-09-15 12:00:00,9.724882
2025-09-15 13:00:00,9.442117
2025-09-15 14:00:00,9.297774
2025-09-15 15:00:00,9.333454
2025-09-15 16:00:00,9.31654
2025-09-15 17:00:00,9.411338
2025-09-15 18:00:00,9.11256
2025-09-15 19:00:00,8.994756
2025-09-15 20:00:00,9.286746
2025-09-15 21:00:00,9.520142
2025-09-15 22:00:00,10.029219
2025-09-15 23:00:00,10.324986
2025-09-16 00:00:00,10.212566
2025-09-16 01:00:00,10.163922
2025-09-16 02:00:00,10.27766
2025-09-16 03:00:00,10.43228
2025-09-16 04:00:00,10.444999
2025-09-16 05:00:00,10.353465
2025-09-16 06:00:00,9.983442
2025-09-16 07:00:00,10.225631
2025-09-16 08:00:00,11.206662
2025-09-16 09:00:00,10.834964
2025-09-16 10:00:00,9.523525
2025-09-16 11:00:00,8.396306
2025-09-16 12:00:00,7.453302
2025-09-16 13:00:00,6.6091056
2025-09-16 14:00:00,6.3194275
2025-09-16 15:00:00,6.349038
2025-09-16 16:00:00,6.703179
2025-09-16 17:00:00,7.087315
2025-09-16 18:00:00,6.9630756
2025-09-16 19:00:00,7.3562646
2025-09-16 20:00:00,7.551
2025-09-16 21:00:00,8.364821
2025-09-16 22:00:00,9.515565
2025-09-16 23:00:00,10.04825
2025-09-17 00:00:00,9.738547
2025-09-17 01:00:00,9.242295
2025-09-17 02:00:00,9.1362915
2025-09-17 03:00:00,9.2942705
2025-09-17 04:00:00,9.336729
2025-09-17 05:00:00,9.346509
2025-09-17 06:00:00,9.201174
2025-09-17 07:00:00,9.648693
2025-09-17 08:00:00,9.658967
2025-09-17 09:00:00,9.45609
2025-09-17 10:00:00,8.807886
2025-09-17 11:00:00,7.9441547
2025-09-17 12:00:00,7.213455
2025-09-17 13:00:00,6.6602845
2025-09-17 14:00:00,6.372103
2025-09-17 15:00:00,6.340234
2025-09-17 16:00:00,6.5806165
2025-09-17 17:00:00,6.984239
2025-09-17 18:00:00,6.871773
2025-09-17 19:00:00,6.967145
2025-09-17 20:00:00,7.310454
2025-09-17 21:00:00,8.255882
2025-09-17 22:00:00,9.285375
2025-09-17 23:00:00,9.897256
2025-09-18 00:00:00,9.85918
2025-09-18 01:00:00,9.870154
2025-09-18 02:00:00,9.832405
2025-09-18 03:00:00,9.737554
2025-09-18 04:00:00,9.615495
2025-09-18 05:00:00,9.668708
2025-09-18 06:00:00,9.360723
2025-09-18 07:00:00,10.090775
2025-09-18 08:00:00,9.9131155
2025-09-18 09:00:00,9.5233
2025-09-18 10:00:00,8.717241
2025-09-18 11:00:00,7.8089666
2025-09-18 12:00:00,7.1428175
2025-09-18 13:00:00,6.6431575
2025-09-18 14:00:00,6.39683
2025-09-18 15:00:00,6.4411697
2025-09-18 16:00:00,6.622488
2025-09-18 17:00:00,6.88814
2025-09-18 18:00:00,6.6733956
2025-09-18 19:00:00,6.7510467
2025-09-18 20:00:00,7.01636
2025-09-18 21:00:00,7.7561207
2025-09-18 22:00:00,8.8333645
2025-09-18 23:00:00,9.801476
2025-09-19 00:00:00,10.097628
2025-09-19 01:00:00,10.046113
2025-09-19 02:00:00,10.105318
2025-09-19 03:00:00,10.073232
2025-09-19 04:00:00,10.090392
2025-09-19 05:00:00,10.069131
2025-09-19 06:00:00,9.753312
2025-09-19 07:00:00,10.04251
2025-09-19 08:00:00,10.238872
2025-09-19 09:00:00,10.26728
2025-09-19 10:00:00,10.057717
2025-09-19 11:00:00,9.687322
2025-09-19 12:00:00,8.942772
2025-09-19 13:00:00,8.243556
2025-09-19 14:00:00,7.898353
2025-09-19 15:00:00,7.8170986
2025-09-19 16:00:00,7.888388
2025-09-19 17:00:00,7.9668813
2025-09-19 18:00:00,7.4896207
2025-09-19 19:00:00,7.4154735
2025-09-19 20:00:00,8.070872
2025-09-19 21:00:00,9.21278
2025-09-19 22:00:00,9.854243
2025-09-19 23:00:00,9.980927
2025-09-20 00:00:00,9.895247
2025-09-20 01:00:00,9.882324
2025-09-20 02:00:00,9.858999
2025-09-20 03:00:00,9.792744
2025-09-20 04:00:00,9.847815
2025-09-20 05:00:00,10.005578
2025-09-20 06:00:00,9.934985
2025-09-20 07:00:00,10.361403
2025-09-20 08:00:00,10.798324
2025-09-20 09:00:00,10.049677
2025-09-20 10:00:00,8.858049
2025-09-20 11:00:00,7.765604
2025-09-20 12:00:00,6.6946616
2025-09-20 13:00:00,5.7330575
2025-09-20 14:00:00,5.343802
2025-09-20 15:00:00,5.4197
2025-09-20 16:00:00,5.6353307
2025-09-20 17:00:00,5.9573
2025-09-20 18:00:00,5.9711676
2025-09-20 19:00:00,6.532183
2025-09-20 20:00:00,6.503928
2025-09-20 21:00:00,6.708253
2025-09-20 22:00:00,7.119826
2025-09-20 23:00:00,8.009967
2025-09-21 00:00:00,8.61906
2025-09-21 01:00:00,9.222839
2025-09-21 02:00:00,9.477876
2025-09-21 03:00:00,9.455901
2025-09-21 04:00:00,9.427173
2025-09-21 05:00:00,9.472757
2025-09-21 06:00:00,9.016207
2025-09-21 07:00:00,9.486755
2025-09-21 08:00:00,9.510633
2025-09-21 09:00:00,8.770848
2025-09-21 10:00:00,8.0894575
2025-09-21 11:00:00,6.929045
2025-09-21 12:00:00,5.572872
2025-09-21 13:00:00,4.6966496
2025-09-21 14:00:00,4.4900475
2025-09-21 15:00:00,4.5372496
2025-09-21 16:00:00,4.77998
2025-09-21 17:00:00,5.1975045
2025-09-21 18:00:00,5.939139
2025-09-21 19:00:00,6.471954
2025-09-21 20:00:00,6.8367224
2025-09-21 21:00:00,7.010834
2025-09-21 22:00:00,7.430342
2025-09-21 23:00:00,7.936857
2025-09-22 00:00:00,8.3073635
2025-09-22 01:00:00,8.713162
2025-09-22 02:00:00,9.489788
2025-09-22 03:00:00,9.86563
2025-09-22 04:00:00,9.884591
2025-09-22 05:00:00,9.804958
2025-09-22 06:00:00,9.317813
2025-09-22 07:00:00,10.106253
2025-09-22 08:00:00,9.845425
2025-09-22 09:00:00,9.41286
2025-09-22 10:00:00,8.460566
2025-09-22 11:00:00,7.007404
2025-09-22 12:00:00,6.167517
2025-09-22 13:00:00,5.633112
2025-09-22 14:00:00,5.4126334
2025-09-22 15:00:00,5.380681
2025-09-22 16:00:00,5.5029626
2025-09-22 17:00:00,5.89354
2025-09-22 18:00:00,6.0923553
2025-09-22 19:00:00,6.5578017
2025-09-22 20:00:00,6.9615345
2025-09-22 21:00:00,6.8336153
2025-09-22 22:00:00,6.7883215
2025-09-22 23:00:00,6.9485774
2025-09-23 00:00:00,7.140752
2025-09-23 01:00:00,7.600245
2025-09-23 02:00:00,8.102039
2025-09-23 03:00:00,8.566755
2025-09-23 04:00:00,8.554884
2025-09-23 05:00:00,8.393858
2025-09-23 06:00:00,8.633034
2025-09-23 07:00:00,8.652613
2025-09-23 08:00:00,8.595714
2025-09-23 09:00:00,8.205941
2025-09-23 10:00:00,7.516389
2025-09-23 11:00:00,6.8480372
2025-09-23 12:00:00,6.3016124
2025-09-23 13:00:00,6.044137
2025-09-23 14:00:00,6.3046584
2025-09-23 15:00:00,6.712179
2025-09-23 16:00:00,7.140813
2025-09-23 17:00:00,7.496949
2025-09-23 18:00:00,6.793942
2025-09-23 19:00:00,6.887671
2025-09-23 20:00:00,6.920861
2025-09-23 21:00:00,7.1821704
2025-09-23 22:00:00,7.643245
2025-09-23 23:00:00,8.402226
2025-09-24 00:00:00,9.253661
2025-09-24 01:00:00,9.650986
2025-09-24 02:00:00,9.997642
2025-09-24 03:00:00,10.263424
2025-09-24 04:00:00,10.436651
2025-09-24 05:00:00,10.191466
2025-09-24 06:00:00,9.896073
2025-09-24 07:00:00,9.566293
2025-09-24 08:00:00,9.888875
2025-09-24 09:00:00,10.353519
2025-09-24 10:00:00,10.371754
2025-09-24 11:00:00,9.52422
2025-09-24 12:00:00,9.139896
2025-09-24 13:00:00,8.817
2025-09-24 14:00:00,8.718022
2025-09-24 15:00:00,8.668606
2025-09-24 16:00:00,8.844237
2025-09-24 17:00:00,9.074453
2025-09-24 18:00:00,8.522139
2025-09-24 19:00:00,8.928939
2025-09-24 20:00:00,9.241443
2025-09-24 21:00:00,10.167238
2025-09-24 22:00:00,11.158015
2025-09-24 23:00:00,11.418104
2025-09-25 00:00:00,11.362023
2025-09-25 01:00:00,11.105268
2025-09-25 02:00:00,11.120675
2025-09-25 03:00:00,10.837498
2025-09-25 04:00:00,10.35028
2025-09-25 05:00:00,10.239737
2025-09-25 06:00:00,10.048661
2025-09-25 07:00:00,11.346182
2025-09-25 08:00:00,11.877789
2025-09-25 09:00:00,11.353873
2025-09-25 10:00:00,10.812126
2025-09-25 11:00:00,9.916661
2025-09-25 12:00:00,9.299336
2025-09-25 13:00:00,8.731654
2025-09-25 14:00:00,8.449965
2025-09-25 15:00:00,8.274845
2025-09-25 16:00:00,8.391026
2025-09-25 17:00:00,8.521993
2025-09-25 18:00:00,7.8949227
2025-09-25 19:00:00,8.491447
2025-09-25 20:00:00,8.4991665
2025-09-25 21:00:00,9.103825
2025-09-25 22:00:00,9.97043
2025-09-25 23:00:00,10.1563
2025-09-26 00:00:00,10.35232
2025-09-26 01:00:00,10.901463
2025-09-26 02:00:00,10.912321
2025-09-26 03:00:00,10.275362
2025-09-26 04:00:00,9.773132
2025-09-26 05:00:00,9.810898
2025-09-26 06:00:00,9.813263
2025-09-26 07:00:00,10.171236
2025-09-26 08:00:00,10.388583
2025-09-26 09:00:00,10.691626
2025-09-26 10:00:00,10.629145
2025-09-26 11:00:00,10.015347
2025-09-26 12:00:00,8.974341
2025-09-26 13:00:00,8.218169
2025-09-26 14:00:00,7.8216176
2025-09-26 15:00:00,7.8242574
2025-09-26 16:00:00,8.173379
2025-09-26 17:00:00,8.732382
2025-09-26 18:00:00,8.6096
2025-09-26 19:00:00,8.628247
2025-09-26 20:00:00,9.007681
2025-09-26 21:00:00,9.992688
2025-09-26 22:00:00,10.739791
2025-09-26 23:00:00,11.322854
2025-09-27 00:00:00,11.6140585
2025-09-27 01:00:00,11.471445
2025-09-27 02:00:00,10.515189
2025-09-27 03:00:00,10.100835
2025-09-27 04:00:00,10.492862
2025-09-27 05:00:00,10.573034
2025-09-27 06:00:00,10.159835
2025-09-27 07:00:00,11.742281
2025-09-27 08:00:00,12.655149
2025-09-27 09:00:00,12.362226
2025-09-27 10:00:00,11.839109
2025-09-27 11:00:00,11.434405
2025-09-27 12:00:00,11.065607
2025-09-27 13:00:00,10.796301
2025-09-27 14:00:00,10.275917
2025-09-27 15:00:00,9.934894
2025-09-27 16:00:00,9.895607
2025-09-27 17:00:00,10.02679
2025-09-27 18:00:00,9.935201
2025-09-27 19:00:00,9.823815
2025-09-27 20:00:00,10.032662
2025-09-27 21:00:00,9.730067
2025-09-27 22:00:00,9.611705
2025-09-27 23:00:00,9.95333
2025-09-28 00:00:00,10.080419
2025-09-28 01:00:00,10.322148
2025-09-28 02:00:00,10.666228
2025-09-28 03:00:00,10.896501
2025-09-28 04:00:00,10.960408
2025-09-28 05:00:00,11.148754
2025-09-28 06:00:00,10.685103
2025-09-28 07:00:00,12.020447
2025-09-28 08:00:00,13.11475
2025-09-28 09:00:00,12.049062
2025-09-28 10:00:00,11.039521
2025-09-28 11:00:00,10.364034
2025-09-28 12:00:00,9.877729
2025-09-28 13:00:00,9.5685425
2025-09-28 14:00:00,9.445766
2025-09-28 15:00:00,9.597023
2025-09-28 16:00:00,9.870232
2025-09-28 17:00:00,10.100644
2025-09-28 18:00:00,9.585583
2025-09-28 19:00:00,9.303114
2025-09-28 20:00:00,9.531552
2025-09-28 21:00:00,9.351016
2025-09-28 22:00:00,9.133224
2025-09-28 23:00:00,9.155572
2025-09-29 00:00:00,9.4275465
2025-09-29 01:00:00,9.544029
2025-09-29 02:00:00,9.732002
2025-09-29 03:00:00,10.020665
2025-09-29 04:00:00,10.112363
2025-09-29 05:00:00,10.11458
2025-09-29 06:00:00,9.81282
2025-09-29 07:00:00,11.706981
2025-09-29 08:00:00,11.732875
2025-09-29 09:00:00,10.51708
2025-09-29 10:00:00,9.253504
2025-09-29 11:00:00,8.344731
2025-09-29 12:00:00,7.7593403
2025-09-29 13:00:00,7.3840194
2025-09-29 14:00:00,7.289618
2025-09-29 15:00:00,7.3387976
2025-09-29 16:00:00,7.6488304
2025-09-29 17:00:00,7.9923577
2025-09-29 18:00:00,8.0997505
2025-09-29 19:00:00,8.146904
2025-09-29 20:00:00,8.482321
2025-09-29 21:00:00,8.628706
2025-09-29 22:00:00,8.62062
2025-09-29 23:00:00,8.784021
2025-09-30 00:00:00,8.939594
2025-09-30 01:00:00,9.081952
2025-09-30 02:00:00,9.55478
2025-09-30 03:00:00,10.132713
2025-09-30 04:00:00,10.500903
2025-09-30 05:00:00,10.499954
2025-09-30 06:00:00,9.862456
2025-09-30 07:00:00,11.257556
2025-09-30 08:00:00,11.664671
2025-09-30 09:00:00,10.718633
2025-09-30 10:00:00,9.576356
2025-09-30 11:00:00,8.862752
2025-09-30 12:00:00,8.432454
2025-09-30 13:00:00,8.060724
2025-09-30 14:00:00,7.8192496
2025-09-30 15:00:00,7.7396207
2025-09-30 16:00:00,7.825567
2025-09-30 17:00:00,8.077603
2025-09-30 18:00:00,7.556505
2025-09-30 19:00:00,7.4510446
2025-09-30 20:00:00,7.80542
2025-09-30 21:00:00,8.4029455
2025-09-30 22:00:00,9.290515
2025-09-30 23:00:00,10.0272045
2025-10-01 00:00:00,10.855648
2025-10-01 01:00:00,11.38343
2025-10-01 02:00:00,11.347185
2025-10-01 03:00:00,10.95057
2025-10-01 04:00:00,10.686887
2025-10-01 05:00:00,10.657542
2025-10-01 06:00:00,9.979062
2025-10-01 07:00:00,10.519571
2025-10-01 08:00:00,10.853304
2025-10-01 09:00:00,10.3536625
2025-10-01 10:00:00,9.552364
2025-10-01 11:00:00,8.894056
2025-10-01 12:00:00,8.025178
2025-10-01 13:00:00,7.212095
2025-10-01 14:00:00,6.7069807
2025-10-01 15:00:00,6.46277
2025-10-01 16:00:00,6.522455
2025-10-01 17:00:00,7.0298862
2025-10-01 18:00:00,8.669703
2025-10-01 19:00:00,9.782485
2025-10-01 20:00:00,10.026802
2025-10-01 21:00:00,9.507722
2025-10-01 22:00:00,10.140733
2025-10-01 23:00:00,11.032396
2025-10-02 00:00:00,11.314449
2025-10-02 01:00:00,10.671675
2025-10-02 02:00:00,10.120651
2025-10-02 03:00:00,10.411408
2025-10-02 04:00:00,10.384953
2025-10-02 05:00:00,10.429945
2025-10-02 06:00:00,9.929476
2025-10-02 07:00:00,11.501787
2025-10-02 08:00:00,11.762119
2025-10-02 09:00:00,11.058187
2025-10-02 10:00:00,10.130092
2025-10-02 11:00:00,9.206386
2025-10-02 12:00:00,8.312466
2025-10-02 13:00:00,7.673866
2025-10-02 14:00:00,7.3491664
2025-10-02 15:00:00,7.204612
2025-10-02 16:00:00,7.179328
2025-10-02 17:00:00,7.314628
2025-10-02 18:00:00,7.0023975
2025-10-02 19:00:00,7.1035423
2025-10-02 20:00:00,7.6464243
2025-10-02 21:00:00,8.677774
2025-10-02 22:00:00,9.644854
2025-10-02 23:00:00,10.145049
2025-10-03 00:00:00,10.518193
2025-10-03 01:00:00,10.945364
2025-10-03 02:00:00,10.908755
2025-10-03 03:00:00,10.461809
2025-10-03 04:00:00,10.210717
2025-10-03 05:00:00,10.297269
2025-10-03 06:00:00,9.980288
2025-10-03 07:00:00,11.286256
2025-10-03 08:00:00,11.285731
2025-10-03 09:00:00,11.224048
2025-10-03 10:00:00,10.915757
2025-10-03 11:00:00,10.320036
2025-10-03 12:00:00,9.56013
2025-10-03 13:00:00,9.027991
2025-10-03 14:00:00,8.849243
2025-10-03 15:00:00,8.885874
2025-10-03 16:00:00,8.959841
2025-10-03 17:00:00,9.18041
2025-10-03 18:00:00,8.823994
2025-10-03 19:00:00,9.225527
2025-10-03 20:00:00,9.723236
2025-10-03 21:00:00,9.912382
2025-10-03 22:00:00,10.189226
2025-10-03 23:00:00,10.656188
2025-10-04 00:00:00,10.9802475
2025-10-04 01:00:00,11.009055
2025-10-04 02:00:00,10.851257
2025-10-04 03:00:00,10.614649
2025-10-04 04:00:00,10.42304
2025-10-04 05:00:00,10.2164545
2025-10-04 06:00:00,9.615108
2025-10-04 07:00:00,10.134786
2025-10-04 08:00:00,11.845642
2025-10-04 09:00:00,11.604003
2025-10-04 10:00:00,11.094475
2025-10-04 11:00:00,10.72233
2025-10-04 12:00:00,10.195455
2025-10-04 13:00:00,9.9213
2025-10-04 14:00:00,9.835613
2025-10-04 15:00:00,9.662479
2025-10-04 16:00:00,9.617355
2025-10-04 17:00:00,9.521633
2025-10-04 18:00:00,8.604943
2025-10-04 19:00:00,8.361941
2025-10-04 20:00:00,9.12853
2025-10-04 21:00:00,9.532615
2025-10-04 22:00:00,9.865722
2025-10-04 23:00:00,10.218703
2025-10-05 00:00:00,10.481765
2025-10-05 01:00:00,10.569937
2025-10-05 02:00:00,10.484997
2025-10-05 03:00:00,10.4241705
2025-10-05 04:00:00,10.253278
2025-10-05 05:00:00,10.105773
2025-10-05 06:00:00,9.52104
2025-10-05 07:00:00,10.378298
2025-10-05 08:00:00,11.074147
2025-10-05 09:00:00,11.412499
2025-10-05 10:00:00,10.8727665
2025-10-05 11:00:00,10.378029
2025-10-05 12:00:00,9.716286
2025-10-05 13:00:00,8.911659
2025-10-05 14:00:00,8.385011
2025-10-05 15:00:00,8.244462
2025-10-05 16:00:00,8.5010605
2025-10-05 17:00:00,8.957133
2025-10-05 18:00:00,9.154312
2025-10-05 19:00:00,9.172143
2025-10-05 20:00:00,8.961784
2025-10-05 21:00:00,8.952316
2025-10-05 22:00:00,9.500679
2025-10-05 23:00:00,10.179799
2025-10-06 00:00:00,10.45243
2025-10-06 01:00:00,10.460598
2025-10-06 02:00:00,10.413151
2025-10-06 03:00:00,10.36108
2025-10-06 04:00:00,10.207398
2025-10-06 05:00:00,10.063563
2025-10-06 06:00:00,9.342153
2025-10-06 07:00:00,10.072033
2025-10-06 08:00:00,10.549753
2025-10-06 09:00:00,10.658852
2025-10-06 10:00:00,10.204755
2025-10-06 11:00:00,9.438023
2025-10-06 12:00:00,8.351956
2025-10-06 13:00:00,7.348505
2025-10-06 14:00:00,6.7304697
2025-10-06 15:00:00,6.509721
2025-10-06 16:00:00,6.3296947
2025-10-06 17:00:00,6.295469
2025-10-06 18:00:00,6.068954
2025-10-06 19:00:00,6.5912642
2025-10-06 20:00:00,8.02367
2025-10-06 21:00:00,9.597015
2025-10-06 22:00:00,9.797321
2025-10-06 23:00:00,9.536929
2025-10-07 00:00:00,9.264566
2025-10-07 01:00:00,9.336109
2025-10-07 02:00:00,9.40307
2025-10-07 03:00:00,9.212941
2025-10-07 04:00:00,8.950011
2025-10-07 05:00:00,9.074776
2025-10-07 06:00:00,8.736512
2025-10-07 07:00:00,9.159348
2025-10-07 08:00:00,9.304273
2025-10-07 09:00:00,9.246672
2025-10-07 10:00:00,8.613642
2025-10-07 11:00:00,7.6533003
2025-10-07 12:00:00,6.4289317
2025-10-07 13:00:00,5.417811
2025-10-07 14:00:00,5.202319
2025-10-07 15:00:00,5.034614
2025-10-07 16:00:00,5.031288
2025-10-07 17:00:00,5.4008255
2025-10-07 18:00:00,5.770851
2025-10-07 19:00:00,6.1321974
2025-10-07 20:00:00,6.7375956
2025-10-07 21:00:00,7.507576
2025-10-07 22:00:00,8.589311
2025-10-07 23:00:00,9.553949
2025-10-08 00:00:00,9.929545
2025-10-08 01:00:00,9.632299
2025-10-08 02:00:00,9.160957
2025-10-08 03:00:00,8.983249
2025-10-08 04:00:00,9.014402
2025-10-08 05:00:00,9.235498
2025-10-08 06:00:00,9.207456
2025-10-08 07:00:00,9.17043
2025-10-08 08:00:00,8.997351
2025-10-08 09:00:00,8.621076
2025-10-08 10:00:00,7.9783297
2025-10-08 11:00:00,7.4143677
2025-10-08 12:00:00,6.753295
2025-10-08 13:00:00,6.283195
2025-10-08 14:00:00,5.9863997
2025-10-08 15:00:00,5.951558
2025-10-08 16:00:00,6.160635
2025-10-08 17:00:00,6.5618186
2025-10-08 18:00:00,6.5565
2025-10-08 19:00:00,6.85716
2025-10-08 20:00:00,7.7703314
2025-10-08 21:00:00,8.760848
2025-10-08 22:00:00,9.506732
2025-10-08 23:00:00,9.951892
2025-10-09 00:00:00,10.1691
2025-10-09 01:00:00,10.135142
2025-10-09 02:00:00,9.966034
2025-10-09 03:00:00,9.660241
2025-10-09 04:00:00,9.695772
2025-10-09 05:00:00,9.968063
2025-10-09 06:00:00,10.013981
2025-10-09 07:00:00,11.094259
2025-10-09 08:00:00,10.829101
2025-10-09 09:00:00,10.268868
2025-10-09 10:00:00,9.444898
2025-10-09 11:00:00,8.626038
2025-10-09 12:00:00,7.74472
2025-10-09 13:00:00,7.376924
2025-10-09 14:00:00,7.256498
2025-10-09 15:00:00,7.265168
2025-10-09 16:00:00,7.5360923
2025-10-09 17:00:00,8.049895
2025-10-09 18:00:00,8.767993
2025-10-09 19:00:00,9.218221
2025-10-09 20:00:00,10.101586
2025-10-09 21:00:00,10.142338
2025-10-09 22:00:00,10.7640295
2025-10-09 23:00:00,11.281695
2025-10-10 00:00:00,10.811549
2025-10-10 01:00:00,10.083719
2025-10-10 02:00:00,9.9571705
2025-10-10 03:00:00,10.092641
2025-10-10 04:00:00,10.273805
2025-10-10 05:00:00,10.582787
2025-10-10 06:00:00,10.459326
2025-10-10 07:00:00,10.916347
2025-10-10 08:00:00,10.6763115
2025-10-10 09:00:00,10.418101
2025-10-10 10:00:00,10.017373
2025-10-10 11:00:00,9.42803
2025-10-10 12:00:00,8.297319
2025-10-10 13:00:00,7.3053465
2025-10-10 14:00:00,6.7375336
2025-10-10 15:00:00,6.508735
2025-10-10 16:00:00,6.5032735
2025-10-10 17:00:00,6.6127467
2025-10-10 18:00:00,6.3415027
2025-10-10 19:00:00,6.589175
2025-10-10 20:00:00,7.3171396
2025-10-10 21:00:00,8.47467
2025-10-10 22:00:00,9.921212
2025-10-10 23:00:00,10.208745
2025-10-11 00:00:00,9.767568
2025-10-11 01:00:00,9.817476
2025-10-11 02:00:00,10.165416
2025-10-11 03:00:00,10.415252
2025-10-11 04:00:00,10.297632
2025-10-11 05:00:00,10.13445
2025-10-11 06:00:00,9.689513
2025-10-11 07:00:00,10.66927
2025-10-11 08:00:00,10.883093
2025-10-11 09:00:00,10.234831
2025-10-11 10:00:00,9.396485
2025-10-11 11:00:00,8.553214
2025-10-11 12:00:00,7.467597
2025-10-11 13:00:00,6.5859985
2025-10-11 14:00:00,6.156825
2025-10-11 15:00:00,6.077638
2025-10-11 16:00:00,6.3227234
2025-10-11 17:00:00,6.8334603
2025-10-11 18:00:00,6.6435885
2025-10-11 19:00:00,6.7742605
2025-10-11 20:00:00,7.059096
2025-10-11 21:00:00,7.5610256
2025-10-11 22:00:00,8.322839
2025-10-11 23:00:00,9.214837
2025-10-12 00:00:00,9.559842
2025-10-12 01:00:00,9.643919
2025-10-12 02:00:00,9.728171
2025-10-12 03:00:00,9.748771
2025-10-12 04:00:00,9.615939
2025-10-12 05:00:00,9.525862
2025-10-12 06:00:00,9.052267
2025-10-12 07:00:00,9.500445
2025-10-12 08:00:00,9.410922
2025-10-12 09:00:00,9.191458
2025-10-12 10:00:00,8.706181
2025-10-12 11:00:00,7.987711
2025-10-12 12:00:00,7.211249
2025-10-12 13:00:00,6.845619
2025-10-12 14:00:00,6.882197
2025-10-12 15:00:00,7.1234026
2025-10-12 16:00:00,7.197152
2025-10-12 17:00:00,7.1338377
2025-10-12 18:00:00,6.5897317
2025-10-12 19:00:00,6.440295
2025-10-12 20:00:00,6.9490223
2025-10-12 21:00:00,7.818524
2025-10-12 22:00:00,8.338517
2025-10-12 23:00:00,8.96445
2025-10-13 00:00:00,9.53536
2025-10-13 01:00:00,9.506807
2025-10-13 02:00:00,9.406254
2025-10-13 03:00:00,9.731724
2025-10-13 04:00:00,10.078629
2025-10-13 05:00:00,10.146401
2025-10-13 06:00:00,10.125492
2025-10-13 07:00:00,9.906688
2025-10-13 08:00:00,9.818319
2025-10-13 09:00:00,9.430555
2025-10-13 10:00:00,8.726806
2025-10-13 11:00:00,7.970267
2025-10-13 12:00:00,6.934004
2025-10-13 13:00:00,6.0597305
2025-10-13 14:00:00,5.8262234
2025-10-13 15:00:00,6.069938
2025-10-13 16:00:00,6.3711514
2025-10-13 17:00:00,6.6251616
2025-10-13 18:00:00,6.5221395
2025-10-13 19:00:00,7.261839
2025-10-13 20:00:00,7.6355114
2025-10-13 21:00:00,8.112582
2025-10-13 22:00:00,8.837188
2025-10-13 23:00:00,9.054944
2025-10-14 00:00:00,8.7534
2025-10-14 01:00:00,9.047878
2025-10-14 02:00:00,9.590211
2025-10-14 03:00:00,9.738373
2025-10-14 04:00:00,9.625435
2025-10-14 05:00:00,9.698602
2025-10-14 06:00:00,9.371711
2025-10-14 07:00:00,9.240835
2025-10-14 08:00:00,9.087586
2025-10-14 09:00:00,8.956565
2025-10-14 10:00:00,8.51131
2025-10-14 11:00:00,7.910134
2025-10-14 12:00:00,7.4075255
2025-10-14 13:00:00,7.2196784
2025-10-14 14:00:00,7.3104935
2025-10-14 15:00:00,7.36773
2025-10-14 16:00:00,7.4749355
2025-10-14 17:00:00,7.4513707
2025-10-14 18:00:00,7.022675
2025-10-14 19:00:00,7.9002547
2025-10-14 20:00:00,8.21677
2025-10-14 21:00:00,8.342694
2025-10-14 22:00:00,8.466281
2025-10-14 23:00:00,8.817517
2025-10-15 00:00:00,9.0656185
2025-10-15 01:00:00,9.3057575
2025-10-15 02:00:00,9.650577
2025-10-15 03:00:00,10.03496
2025-10-15 04:00:00,10.08677
2025-10-15 05:00:00,9.78892
2025-10-15 06:00:00,9.250766
2025-10-15 07:00:00,9.468304
2025-10-15 08:00:00,9.331683
2025-10-15 09:00:00,8.981146
2025-10-15 10:00:00,8.554626
2025-10-15 11:00:00,8.004817
2025-10-15 12:00:00,7.8294683
2025-10-15 13:00:00,7.851362
2025-10-15 14:00:00,7.7827764
2025-10-15 15:00:00,7.7418704
2025-10-15 16:00:00,7.6762447
2025-10-15 17:00:00,7.323923
2025-10-15 18:00:00,6.174047
2025-10-15 19:00:00,6.8298836
2025-10-15 20:00:00,7.831689
2025-10-15 21:00:00,8.419522
2025-10-15 22:00:00,9.162893
2025-10-15 23:00:00,10.156457
2025-10-16 00:00:00,10.541474
2025-10-16 01:00:00,10.486832
2025-10-16 02:00:00,10.602365
2025-10-16 03:00:00,10.592438
2025-10-16 04:00:00,10.409861
2025-10-16 05:00:00,10.371142
2025-10-16 06:00:00,10.158706
2025-10-16 07:00:00,10.683295
2025-10-16 08:00:00,10.617131
2025-10-16 09:00:00,10.449179
2025-10-16 10:00:00,10.281854
2025-10-16 11:00:00,9.848847
2025-10-16 12:00:00,9.082317
2025-10-16 13:00:00,8.220657
2025-10-16 14:00:00,7.857235
2025-10-16 15:00:00,7.8148437
2025-10-16 16:00:00,7.8946543
2025-10-16 17:00:00,7.8715057
2025-10-16 18:00:00,7.092565
2025-10-16 19:00:00,7.023397
2025-10-16 20:00:00,7.5965962
2025-10-16 21:00:00,8.094015
2025-10-16 22:00:00,8.576021
2025-10-16 23:00:00,8.832297
2025-10-17 00:00:00,9.129823
2025-10-17 01:00:00,9.543243
2025-10-17 02:00:00,9.704677
2025-10-17 03:00:00,9.484639
2025-10-17 04:00:00,9.328235
2025-10-17 05:00:00,9.4298525
2025-10-17 06:00:00,9.161532
2025-10-17 07:00:00,9.716137
2025-10-17 08:00:00,9.716206
2025-10-17 09:00:00,9.452589
2025-10-17 10:00:00,8.664154
2025-10-17 11:00:00,7.5313177
2025-10-17 12:00:00,6.2248445
2025-10-17 13:00:00,4.9518356
2025-10-17 14:00:00,4.213259
2025-10-17 15:00:00,4.079357
2025-10-17 16:00:00,4.1895065
2025-10-17 17:00:00,4.504033
2025-10-17 18:00:00,5.0640464
2025-10-17 19:00:00,5.914334
2025-10-17 20:00:00,6.1335397
2025-10-17 21:00:00,6.379076
2025-10-17 22:00:00,7.090304
2025-10-17 23:00:00,7.7452455
2025-10-18 00:00:00,8.052996
2025-10-18 01:00:00,8.513861
2025-10-18 02:00:00,8.7803955
2025-10-18 03:00:00,8.829138
2025-10-18 04:00:00,9.025844
2025-10-18 05:00:00,9.114824
2025-10-18 06:00:00,8.888056
2025-10-18 07:00:00,8.973734
2025-10-18 08:00:00,9.092541
2025-10-18 09:00:00,8.85994
2025-10-18 10:00:00,8.087406
2025-10-18 11:00:00,6.1634874
2025-10-18 12:00:00,4.820735
2025-10-18 13:00:00,3.8426561
2025-10-18 14:00:00,3.5369217
2025-10-18 15:00:00,3.373131
2025-10-18 16:00:00,3.3485467
2025-10-18 17:00:00,3.6965134
2025-10-18 18:00:00,5.065805
2025-10-18 19:00:00,6.211125
2025-10-18 20:00:00,6.5305653
2025-10-18 21:00:00,6.600042
2025-10-18 22:00:00,6.7410464
2025-10-18 23:00:00,7.143371
2025-10-19 00:00:00,7.569832
2025-10-19 01:00:00,7.556232
2025-10-19 02:00:00,7.812266
2025-10-19 03:00:00,8.4911995
2025-10-19 04:00:00,8.709764
2025-10-19 05:00:00,8.422644
2025-10-19 06:00:00,7.8060718
2025-10-19 07:00:00,6.434942
2025-10-19 08:00:00,5.9626813
2025-10-19 09:00:00,5.379656
2025-10-19 10:00:00,4.248686
2025-10-19 11:00:00,2.8052683
2025-10-19 12:00:00,1.8238841
2025-10-19 13:00:00,1.209608
2025-10-19 14:00:00,1.0139947
2025-10-19 15:00:00,1.3592533
2025-10-19 16:00:00,1.8817596
2025-10-19 17:00:00,2.4971898
2025-10-19 18:00:00,3.3553138
2025-10-19 19:00:00,3.65961
2025-10-19 20:00:00,3.601653
2025-10-19 21:00:00,3.5361824
2025-10-19 22:00:00,3.3655286
2025-10-19 23:00:00,3.1011665
2025-10-20 00:00:00,3.7071774
2025-10-20 01:00:00,5.266915
2025-10-20 02:00:00,5.026367
2025-10-20 03:00:00,3.600564
2025-10-20 04:00:00,2.5052166
2025-10-20 05:00:00,3.1679778
2025-10-20 06:00:00,4.7024417
2025-10-20 07:00:00,5.043735
2025-10-20 08:00:00,6.0082603
2025-10-20 09:00:00,6.2899847
2025-10-20 10:00:00,5.626129
2025-10-20 11:00:00,5.2744665
2025-10-20 12:00:00,5.0435233
2025-10-20 13:00:00,4.0234833
2025-10-20 14:00:00,2.8057225
2025-10-20 15:00:00,2.4498265
2025-10-20 16:00:00,2.889649
2025-10-20 17:00:00,4.980738
2025-10-20 18:00:00,3.386516
2025-10-20 19:00:00,4.0111394
2025-10-20 20:00:00,4.5203986
2025-10-20 21:00:00,5.7228236
2025-10-20 22:00:00,7.2865305
2025-10-20 23:00:00,8.567479
2025-10-21 00:00:00,9.38573
2025-10-21 01:00:00,9.670681
2025-10-21 02:00:00,9.55719
2025-10-21 03:00:00,9.289656
2025-10-21 04:00:00,9.348007
2025-10-21 05:00:00,9.318311
2025-10-21 06:00:00,9.873103
2025-10-21 07:00:00,11.872348
2025-10-21 08:00:00,11.958667
2025-10-21 09:00:00,12.145895
2025-10-21 10:00:00,11.693044
2025-10-21 11:00:00,11.352653
2025-10-21 12:00:00,10.639459
2025-10-21 13:00:00,10.361864
2025-10-21 14:00:00,9.737758
2025-10-21 15:00:00,9.6823015
2025-10-21 16:00:00,9.760651
2025-10-21 17:00:00,9.766831
2025-10-21 18:00:00,9.90932
2025-10-21 19:00:00,8.729431
2025-10-21 20:00:00,9.310722
2025-10-21 21:00:00,9.4984865
2025-10-21 22:00:00,9.736124
2025-10-21 23:00:00,9.1526985
2025-10-22 00:00:00,8.969441
2025-10-22 01:00:00,8.574864
2025-10-22 02:00:00,8.425391
2025-10-22 03:00:00,8.48147
2025-10-22 04:00:00,8.135911
2025-10-22 05:00:00,8.050712
2025-10-22 06:00:00,8.486452
2025-10-22 07:00:00,9.562754
2025-10-22 08:00:00,11.648346
2025-10-22 09:00:00,11.296676
2025-10-22 10:00:00,10.945628
2025-10-22 11:00:00,10.863468
2025-10-22 12:00:00,10.5691395
2025-10-22 13:00:00,9.756336
2025-10-22 14:00:00,9.331103
2025-10-22 15:00:00,9.054114
2025-10-22 16:00:00,9.545157
2025-10-22 17:00:00,9.50141
2025-10-22 18:00:00,9.106632
2025-10-22 19:00:00,8.675814
2025-10-22 20:00:00,8.658024
2025-10-22 21:00:00,9.529851
2025-10-22 22:00:00,9.922057
2025-10-22 23:00:00,10.270616
2025-10-23 00:00:00,10.347853
2025-10-23 01:00:00,10.859526
2025-10-23 02:00:00,11.112881
2025-10-23 03:00:00,11.037695
2025-10-23 04:00:00,10.906931
2025-10-23 05:00:00,10.847616
2025-10-23 06:00:00,10.039798
2025-10-23 07:00:00,13.384703
2025-10-23 08:00:00,13.283809
2025-10-23 09:00:00,12.639384
2025-10-23 10:00:00,11.83058
2025-10-23 11:00:00,11.05328
2025-10-23 12:00:00,10.375908
2025-10-23 13:00:00,9.6561985
2025-10-23 14:00:00,9.029551
2025-10-23 15:00:00,8.680219
2025-10-23 16:00:00,8.575859
2025-10-23 17:00:00,8.703244
2025-10-23 18:00:00,8.891581
2025-10-23 19:00:00,8.971214
2025-10-23 20:00:00,9.500073
2025-10-23 21:00:00,9.735075
2025-10-23 22:00:00,10.012096
2025-10-23 23:00:00,10.1562195
2025-10-24 00:00:00,10.230217
2025-10-24 01:00:00,10.096585
2025-10-24 02:00:00,10.031094
2025-10-24 03:00:00,10.119289
2025-10-24 04:00:00,10.270759
2025-10-24 05:00:00,10.511974
2025-10-24 06:00:00,10.207052
2025-10-24 07:00:00,11.334684
2025-10-24 08:00:00,11.7316065
2025-10-24 09:00:00,12.276672
2025-10-24 10:00:00,11.323277
2025-10-24 11:00:00,10.287759
2025-10-24 12:00:00,9.468642
2025-10-24 13:00:00,8.920691
2025-10-24 14:00:00,8.473211
2025-10-24 15:00:00,8.189038
2025-10-24 16:00:00,8.15652
2025-10-24 17:00:00,8.331711
2025-10-24 18:00:00,8.065982
2025-10-24 19:00:00,8.167005
2025-10-24 20:00:00,9.270856
2025-10-24 21:00:00,10.3224945
2025-10-24 22:00:00,11.228174
2025-10-24 23:00:00,11.816919
2025-10-25 00:00:00,11.52209
2025-10-25 01:00:00,11.063604
2025-10-25 02:00:00,10.445725
2025-10-25 03:00:00,10.304545
2025-10-25 04:00:00,10.30921
2025-10-25 05:00:00,10.353309
2025-10-25 06:00:00,10.385268
2025-10-25 07:00:00,11.205774
2025-10-25 08:00:00,11.5403805
2025-10-25 09:00:00,10.986172
2025-10-25 10:00:00,10.472459
2025-10-25 11:00:00,10.027394
2025-10-25 12:00:00,9.486554
2025-10-25 13:00:00,9.175666
2025-10-25 14:00:00,8.896257
2025-10-25 15:00:00,8.58952
2025-10-25 16:00:00,8.424831
2025-10-25 17:00:00,8.557022
2025-10-25 18:00:00,8.476015
2025-10-25 19:00:00,8.241019
2025-10-25 20:00:00,8.536489
2025-10-25 21:00:00,8.628749
2025-10-25 22:00:00,9.285218
2025-10-25 23:00:00,10.40207
2025-10-26 00:00:00,10.437386
2025-10-26 01:00:00,10.362481
2025-10-26 02:00:00,10.437932
2025-10-26 03:00:00,10.415784
2025-10-26 04:00:00,10.557793
2025-10-26 05:00:00,10.648116
2025-10-26 06:00:00,9.900866
2025-10-26 07:00:00,10.602026
2025-10-26 08:00:00,10.986092
2025-10-26 09:00:00,11.302546
2025-10-26 10:00:00,10.8774805
2025-10-26 11:00:00,10.277747
2025-10-26 12:00:00,9.805357
2025-10-26 13:00:00,9.594838
2025-10-26 14:00:00,9.315862
2025-10-26 15:00:00,9.078203
2025-10-26 16:00:00,8.9462595
2025-10-26 17:00:00,8.868517
2025-10-26 18:00:00,8.226389
2025-10-26 19:00:00,9.135576
2025-10-26 20:00:00,10.360201
2025-10-26 21:00:00,10.553131
2025-10-26 22:00:00,10.4991255
2025-10-26 23:00:00,10.644585
2025-10-27 00:00:00,10.608382
2025-10-27 01:00:00,10.508887
2025-10-27 02:00:00,10.359389
2025-10-27 03:00:00,10.1540575
2025-10-27 04:00:00,9.89806
2025-10-27 05:00:00,9.621301
2025-10-27 06:00:00,9.352918
2025-10-27 07:00:00,10.029585
2025-10-27 08:00:00,10.082308
2025-10-27 09:00:00,9.640285
2025-10-27 10:00:00,9.030817
2025-10-27 11:00:00,8.528566
2025-10-27 12:00:00,8.049866
2025-10-27 13:00:00,7.6510763
2025-10-27 14:00:00,7.5325775
2025-10-27 15:00:00,7.5285015
2025-10-27 16:00:00,7.4445615
2025-10-27 17:00:00,7.4861703
2025-10-27 18:00:00,6.757071
2025-10-27 19:00:00,7.1477766
2025-10-27 20:00:00,7.129494
2025-10-27 21:00:00,7.534799
2025-10-27 22:00:00,9.241143
2025-10-27 23:00:00,10.561406
2025-10-28 00:00:00,10.302646
2025-10-28 01:00:00,10.178163
2025-10-28 02:00:00,10.451649
2025-10-28 03:00:00,10.627031
2025-10-28 04:00:00,10.615011
2025-10-28 05:00:00,10.54454
2025-10-28 06:00:00,10.121408
2025-10-28 07:00:00,10.096729
2025-10-28 08:00:00,10.554902
2025-10-28 09:00:00,10.355208
2025-10-28 10:00:00,9.834894
2025-10-28 11:00:00,9.077166
2025-10-28 12:00:00,7.776977
2025-10-28 13:00:00,6.678648
2025-10-28 14:00:00,6.459426
2025-10-28 15:00:00,6.349277
2025-10-28 16:00:00,6.355633
2025-10-28 17:00:00,6.4678917
2025-10-28 18:00:00,6.6295643
2025-10-28 19:00:00,6.8627768
2025-10-28 20:00:00,7.5679736
2025-10-28 21:00:00,8.215169
2025-10-28 22:00:00,8.32493
2025-10-28 23:00:00,8.856106
2025-10-29 00:00:00,9.964322
2025-10-29 01:00:00,10.54591
2025-10-29 02:00:00,10.622312
2025-10-29 03:00:00,10.459996
2025-10-29 04:00:00,10.192166
2025-10-29 05:00:00,9.885947
2025-10-29 06:00:00,9.5787945
2025-10-29 07:00:00,9.733266
2025-10-29 08:00:00,9.672516
2025-10-29 09:00:00,9.546161
2025-10-29 10:00:00,9.181146
2025-10-29 11:00:00,8.515495
2025-10-29 12:00:00,7.611699
2025-10-29 13:00:00,6.811342
2025-10-29 14:00:00,6.4709883
2025-10-29 15:00:00,6.513078
2025-10-29 16:00:00,6.6519256
2025-10-29 17:00:00,6.6953506
2025-10-29 18:00:00,6.0817356
2025-10-29 19:00:00,6.0334826
2025-10-29 20:00:00,6.1160946
2025-10-29 21:00:00,6.667644
2025-10-29 22:00:00,7.4846177
2025-10-29 23:00:00,8.148955
2025-10-30 00:00:00,8.324176
2025-10-30 01:00:00,8.189679
2025-10-30 02:00:00,8.401203
2025-10-30 03:00:00,8.661525
2025-10-30 04:00:00,8.850063
2025-10-30 05:00:00,8.989624
2025-10-30 06:00:00,8.691611
2025-10-30 07:00:00,8.662603
2025-10-30 08:00:00,8.4292345
2025-10-30 09:00:00,7.77214
2025-10-30 10:00:00,6.686755
2025-10-30 11:00:00,5.4463143
2025-10-30 12:00:00,4.493576
2025-10-30 13:00:00,4.001895
2025-10-30 14:00:00,3.9374995
2025-10-30 15:00:00,4.0874906
2025-10-30 16:00:00,4.320551
2025-10-30 17:00:00,4.653839
2025-10-30 18:00:00,5.17243
2025-10-30 19:00:00,5.5311503
2025-10-30 20:00:00,6.013533
2025-10-30 21:00:00,6.783091
2025-10-30 22:00:00,7.915054
2025-10-30 23:00:00,8.884807
2025-10-31 00:00:00,9.106845
2025-10-31 01:00:00,9.187245
2025-10-31 02:00:00,9.312075
2025-10-31 03:00:00,9.345312
2025-10-31 04:00:00,9.421006
2025-10-31 05:00:00,9.517193
2025-10-31 06:00:00,9.384344
2025-10-31 07:00:00,9.397456
2025-10-31 08:00:00,8.661508
2025-10-31 09:00:00,7.254091
2025-10-31 10:00:00,5.878344
2025-10-31 11:00:00,5.0111475
2025-10-31 12:00:00,4.462708
2025-10-31 13:00:00,4.155555
2025-10-31 14:00:00,4.2247734
2025-10-31 15:00:00,4.6426425
2025-10-31 16:00:00,4.8891673
2025-10-31 17:00:00,5.3378716
2025-10-31 18:00:00,6.0699635
2025-10-31 19:00:00,7.088442
2025-10-31 20:00:00,8.101159
2025-10-31 21:00:00,8.543592
2025-10-31 22:00:00,8.755986
2025-10-31 23:00:00,8.483644
2025-11-01 00:00:00,8.203476
2025-11-01 01:00:00,8.843359
2025-11-01 02:00:00,9.899718
2025-11-01 03:00:00,10.03506
2025-11-01 04:00:00,9.736589
2025-11-01 05:00:00,9.190048
2025-11-01 06:00:00,9.341107
2025-11-01 07:00:00,9.269951
2025-11-01 08:00:00,8.4171295
2025-11-01 09:00:00,7.2208524
2025-11-01 10:00:00,6.386788
2025-11-01 11:00:00,5.8810534
2025-11-01 12:00:00,5.7570066
2025-11-01 13:00:00,5.9887133
2025-11-01 14:00:00,6.3636603
2025-11-01 15:00:00,6.5847425
2025-11-01 16:00:00,6.678556
2025-11-01 17:00:00,6.9954453
2025-11-01 18:00:00,7.09049
2025-11-01 19:00:00,8.277394
2025-11-01 20:00:00,8.819117
2025-11-01 21:00:00,8.3657675
2025-11-01 22:00:00,7.9553847
2025-11-01 23:00:00,8.514911
2025-11-02 00:00:00,9.394193
2025-11-02 01:00:00,9.593429
2025-11-02 02:00:00,9.434595
2025-11-02 03:00:00,9.380787
2025-11-02 04:00:00,9.283961
2025-11-02 05:00:00,9.021553
2025-11-02 06:00:00,8.692251
2025-11-02 07:00:00,8.360551
2025-11-02 08:00:00,8.049037
2025-11-02 09:00:00,7.5216694
2025-11-02 10:00:00,6.7380157
2025-11-02 11:00:00,6.0580854
2025-11-02 12:00:00,5.201173
2025-11-02 13:00:00,4.523213
2025-11-02 14:00:00,4.522196
2025-11-02 15:00:00,4.5861397
2025-11-02 16:00:00,4.668931
2025-11-02 17:00:00,4.738754
2025-11-02 18:00:00,4.8668094
2025-11-02 19:00:00,5.1975327
2025-11-02 20:00:00,7.0913153
2025-11-02 21:00:00,9.454747
2025-11-02 22:00:00,9.911184
2025-11-02 23:00:00,8.959101
2025-11-03 00:00:00,7.9988656
2025-11-03 01:00:00,7.997381
2025-11-03 02:00:00,8.656824
2025-11-03 03:00:00,9.042984
2025-11-03 04:00:00,8.966162
2025-11-03 05:00:00,8.717035
2025-11-03 06:00:00,8.678694
2025-11-03 07:00:00,9.233997
2025-11-03 08:00:00,8.628655
2025-11-03 09:00:00,7.7700367
2025-11-03 10:00:00,6.1542025
2025-11-03 11:00:00,5.1868463
2025-11-03 12:00:00,4.223127
2025-11-03 13:00:00,3.873124
2025-11-03 14:00:00,4.040963
2025-11-03 15:00:00,4.1079817
2025-11-03 16:00:00,4.1338134
2025-11-03 17:00:00,4.245457
2025-11-03 18:00:00,4.5821686
2025-11-03 19:00:00,4.3160086
2025-11-03 20:00:00,4.7767158
2025-11-03 21:00:00,5.3220406
2025-11-03 22:00:00,5.9628377
2025-11-03 23:00:00,6.6253104
2025-11-04 00:00:00,7.117372
2025-11-04 01:00:00,7.12337
2025-11-04 02:00:00,6.8183584
2025-11-04 03:00:00,6.884614
2025-11-04 04:00:00,7.2837176
2025-11-04 05:00:00,7.2212453
2025-11-04 06:00:00,6.5611353
2025-11-04 07:00:00,6.802833
2025-11-04 08:00:00,6.5083942
2025-11-04 09:00:00,5.9946427
2025-11-04 10:00:00,5.0979466
2025-11-04 11:00:00,3.8740754
2025-11-04 12:00:00,3.3371964
2025-11-04 13:00:00,3.3807318
2025-11-04 14:00:00,3.652469
2025-11-04 15:00:00,3.9319785
2025-11-04 16:00:00,4.334123
2025-11-04 17:00:00,4.694226
2025-11-04 18:00:00,4.6811643
2025-11-04 19:00:00,4.6474233
2025-11-04 20:00:00,4.4605155
2025-11-04 21:00:00,4.8934875
2025-11-04 22:00:00,6.3918724
2025-11-04 23:00:00,7.804972
2025-11-05 00:00:00,8.35097
2025-11-05 01:00:00,8.457924
2025-11-05 02:00:00,8.415964
2025-11-05 03:00:00,8.576922
2025-11-05 04:00:00,9.002638
2025-11-05 05:00:00,8.837452
2025-11-05 06:00:00,8.108683
2025-11-05 07:00:00,7.592437
2025-11-05 08:00:00,7.5382757
2025-11-05 09:00:00,7.4630766
2025-11-05 10:00:00,7.021803
2025-11-05 11:00:00,6.31321
2025-11-05 12:00:00,5.830404
2025-11-05 13:00:00,5.501066
2025-11-05 14:00:00,5.395516
2025-11-05 15:00:00,5.335298
2025-11-05 16:00:00,5.4466553
2025-11-05 17:00:00,5.668103
2025-11-05 18:00:00,5.51141
2025-11-05 19:00:00,5.9807777
2025-11-05 20:00:00,6.4290314
2025-11-05 21:00:00,7.204478
2025-11-05 22:00:00,7.718735
2025-11-05 23:00:00,7.5121803
2025-11-06 00:00:00,7.482634
2025-11-06 01:00:00,7.4854503
2025-11-06 02:00:00,7.6557918
2025-11-06 03:00:00,7.2076106
2025-11-06 04:00:00,6.5667043
2025-11-06 05:00:00,6.1715207
2025-11-06 06:00:00,5.4729104
2025-11-06 07:00:00,4.6784854
2025-11-06 08:00:00,4.9045844
2025-11-06 09:00:00,5.270651
2025-11-06 10:00:00,5.034536
2025-11-06 11:00:00,4.1554384
2025-11-06 12:00:00,3.8263857
2025-11-06 13:00:00,3.6582909
2025-11-06 14:00:00,3.279622
2025-11-06 15:00:00,3.320411
2025-11-06 16:00:00,3.3499844
2025-11-06 17:00:00,2.955864
2025-11-06 18:00:00,2.3853006
2025-11-06 19:00:00,3.3469102
2025-11-06 20:00:00,4.578735
2025-11-06 21:00:00,4.825117
2025-11-06 22:00:00,5.0799055
2025-11-06 23:00:00,5.39183
2025-11-07 00:00:00,5.4187417
2025-11-07 01:00:00,4.9678288
2025-11-07 02:00:00,4.2550135
2025-11-07 03:00:00,3.841068
2025-11-07 04:00:00,3.517602
2025-11-07 05:00:00,3.1184263
2025-11-07 06:00:00,2.619713
2025-11-07 07:00:00,3.1098042
2025-11-07 08:00:00,4.4252057
2025-11-07 09:00:00,5.298747
2025-11-07 10:00:00,4.878027
2025-11-07 11:00:00,4.037498
2025-11-07 12:00:00,3.2961137
2025-11-07 13:00:00,2.4589536
2025-11-07 14:00:00,2.0847914
2025-11-07 15:00:00,1.7427741
2025-11-07 16:00:00,1.5655502
2025-11-07 17:00:00,1.4184837
2025-11-07 18:00:00,2.1979904
2025-11-07 19:00:00,4.072597
2025-11-07 20:00:00,5.0098433
2025-11-07 21:00:00,4.459767
2025-11-07 22:00:00,3.9070373
2025-11-07 23:00:00,3.8666475
2025-11-08 00:00:00,3.9009762
2025-11-08 01:00:00,3.9868991
2025-11-08 02:00:00,3.5978634
2025-11-08 03:00:00,3.2343078
2025-11-08 04:00:00,4.9227357
2025-11-08 05:00:00,6.7160854
2025-11-08 06:00:00,7.172087
2025-11-08 07:00:00,6.690659
2025-11-08 08:00:00,6.82668
2025-11-08 09:00:00,6.127394
2025-11-08 10:00:00,4.9581943
2025-11-08 11:00:00,3.9876862
2025-11-08 12:00:00,3.1230881
2025-11-08 13:00:00,2.4163039
2025-11-08 14:00:00,1.9631021
2025-11-08 15:00:00,2.146474
2025-11-08 16:00:00,2.3352952
2025-11-08 17:00:00,2.7049317
2025-11-08 18:00:00,3.4462695
2025-11-08 19:00:00,3.982988
2025-11-08 20:00:00,3.696052
2025-11-08 21:00:00,3.5516741
2025-11-08 22:00:00,3.4037907
2025-11-08 23:00:00,3.2551508
2025-11-09 00:00:00,2.8907382
2025-11-09 01:00:00,2.6068833
2025-11-09 02:00:00,2.6552267
2025-11-09 03:00:00,3.5666313
2025-11-09 04:00:00,5.3767114
2025-11-09 05:00:00,6.6861095
2025-11-09 06:00:00,6.679922
2025-11-09 07:00:00,6.328321
2025-11-09 08:00:00,6.4094214
2025-11-09 09:00:00,5.4411592
2025-11-09 10:00:00,3.887658
2025-11-09 11:00:00,2.6256783
2025-11-09 12:00:00,1.8780937
2025-11-09 13:00:00,1.7798494
2025-11-09 14:00:00,1.9567227
2025-11-09 15:00:00,2.3657265
2025-11-09 16:00:00,3.0269713
2025-11-09 17:00:00,3.686624
2025-11-09 18:00:00,4.6021814
2025-11-09 19:00:00,4.553951
2025-11-09 20:00:00,4.8924336
2025-11-09 21:00:00,5.396209
2025-11-09 22:00:00,6.275485
2025-11-09 23:00:00,6.9833055
2025-11-10 00:00:00,7.0968227
2025-11-10 01:00:00,6.899405
2025-11-10 02:00:00,6.956305
2025-11-10 03:00:00,6.7954707
2025-11-10 04:00:00,6.8255415
2025-11-10 05:00:00,6.9251747
2025-11-10 06:00:00,6.8426857
2025-11-10 07:00:00,6.6929173
2025-11-10 08:00:00,6.56782
2025-11-10 09:00:00,5.5101337
2025-11-10 10:00:00,5.445006
2025-11-10 11:00:00,5.747992
2025-11-10 12:00:00,6.0121665
2025-11-10 13:00:00,6.024456
2025-11-10 14:00:00,6.513977
2025-11-10 15:00:00,6.884262
2025-11-10 16:00:00,7.191008
2025-11-10 17:00:00,7.137314
2025-11-10 18:00:00,6.6196914
2025-11-10 19:00:00,6.7758584
2025-11-10 20:00:00,7.417133
2025-11-10 21:00:00,8.310061
2025-11-10 22:00:00,9.478515
2025-11-10 23:00:00,10.254065
2025-11-11 00:00:00,10.557339
2025-11-11 01:00:00,10.773106
2025-11-11 02:00:00,10.927758
2025-11-11 03:00:00,10.933701
2025-11-11 04:00:00,11.034265
2025-11-11 05:00:00,11.102424
2025-11-11 06:00:00,10.88053
2025-11-11 07:00:00,10.533764
2025-11-11 08:00:00,10.207513
2025-11-11 09:00:00,9.568261
2025-11-11 10:00:00,8.762921
2025-11-11 11:00:00,8.097296
2025-11-11 12:00:00,7.4786067
2025-11-11 13:00:00,7.0929375
2025-11-11 14:00:00,6.918143
2025-11-11 15:00:00,6.9359293
2025-11-11 16:00:00,7.161358
2025-11-11 17:00:00,7.169626
2025-11-11 18:00:00,6.7763186
2025-11-11 19:00:00,6.7139454
2025-11-11 20:00:00,7.419808
2025-11-11 21:00:00,8.424519
2025-11-11 22:00:00,9.244998
2025-11-11 23:00:00,10.173039
2025-11-12 00:00:00,10.916064
2025-11-12 01:00:00,11.098002
2025-11-12 02:00:00,10.80186
2025-11-12 03:00:00,10.20273
2025-11-12 04:00:00,9.609897
2025-11-12 05:00:00,9.230137
2025-11-12 06:00:00,8.65056
2025-11-12 07:00:00,10.389281
2025-11-12 08:00:00,10.63152
2025-11-12 09:00:00,10.075358
2025-11-12 10:00:00,9.212699
2025-11-12 11:00:00,8.581281
2025-11-12 12:00:00,8.172281
2025-11-12 13:00:00,7.8842454
2025-11-12 14:00:00,7.9269238
2025-11-12 15:00:00,8.041865
2025-11-12 16:00:00,8.17822
2025-11-12 17:00:00,8.369613
2025-11-12 18:00:00,8.725735
2025-11-12 19:00:00,9.2882595
2025-11-12 20:00:00,9.026277
2025-11-12 21:00:00,8.480114
2025-11-12 22:00:00,8.401256
2025-11-12 23:00:00,8.856527
2025-11-13 00:00:00,9.557571
2025-11-13 01:00:00,10.081689
2025-11-13 02:00:00,10.196303
2025-11-13 03:00:00,10.0334
2025-11-13 04:00:00,9.938853
2025-11-13 05:00:00,9.409891
2025-11-13 06:00:00,9.695574
2025-11-13 07:00:00,10.133032
2025-11-13 08:00:00,10.253793
2025-11-13 09:00:00,9.729803
2025-11-13 10:00:00,9.033941
2025-11-13 11:00:00,8.238312
2025-11-13 12:00:00,7.379425
2025-11-13 13:00:00,6.625937
2025-11-13 14:00:00,6.271524
2025-11-13 15:00:00,6.2076597
2025-11-13 16:00:00,6.360593
2025-11-13 17:00:00,6.5061383
2025-11-13 18:00:00,6.046923
2025-11-13 19:00:00,7.044727
2025-11-13 20:00:00,7.164022
2025-11-13 21:00:00,7.3341556
2025-11-13 22:00:00,7.761778
2025-11-13 23:00:00,8.085635
2025-11-14 00:00:00,8.402002
2025-11-14 01:00:00,9.518756
2025-11-14 02:00:00,10.341829
2025-11-14 03:00:00,10.533302
2025-11-14 04:00:00,10.436679
2025-11-14 05:00:00,10.289344
2025-11-14 06:00:00,9.875622
2025-11-14 07:00:00,10.480077
2025-11-14 08:00:00,10.415261
2025-11-14 09:00:00,9.958408
2025-11-14 10:00:00,9.1902895
2025-11-14 11:00:00,8.295644
2025-11-14 12:00:00,7.563423
2025-11-14 13:00:00,7.0185833
2025-11-14 14:00:00,6.6427503
2025-11-14 15:00:00,6.521764
2025-11-14 16:00:00,6.5224257
2025-11-14 17:00:00,6.3650084
2025-11-14 18:00:00,5.4210443
2025-11-14 19:00:00,6.067621
2025-11-14 20:00:00,6.2935987
2025-11-14 21:00:00,7.033829
2025-11-14 22:00:00,8.085014
2025-11-14 23:00:00,8.671464
2025-11-15 00:00:00,9.357642
2025-11-15 01:00:00,10.7295685
2025-11-15 02:00:00,11.457629
2025-11-15 03:00:00,11.182382
2025-11-15 04:00:00,10.674015
2025-11-15 05:00:00,10.325816
2025-11-15 06:00:00,9.773369
2025-11-15 07:00:00,9.288073
2025-11-15 08:00:00,9.156694
2025-11-15 09:00:00,9.019296
2025-11-15 10:00:00,8.706276
2025-11-15 11:00:00,8.078635
2025-11-15 12:00:00,7.328947
2025-11-15 13:00:00,6.5924177
2025-11-15 14:00:00,6.1364775
2025-11-15 15:00:00,6.112821
2025-11-15 16:00:00,6.3337426
2025-11-15 17:00:00,6.3010926
2025-11-15 18:00:00,5.4825907
2025-11-15 19:00:00,5.504257
2025-11-15 20:00:00,5.9129844
2025-11-15 21:00:00,6.538186
2025-11-15 22:00:00,7.5127277
2025-11-15 23:00:00,7.948485
2025-11-16 00:00:00,8.444781
2025-11-16 01:00:00,9.196356
2025-11-16 02:00:00,9.408459
2025-11-16 03:00:00,9.391544
2025-11-16 04:00:00,9.48244
2025-11-16 05:00:00,9.525469
2025-11-16 06:00:00,9.23907
2025-11-16 07:00:00,9.638052
2025-11-16 08:00:00,9.326354
2025-11-16 09:00:00,8.901207
2025-11-16 10:00:00,8.140868
2025-11-16 11:00:00,7.1942763
2025-11-16 12:00:00,6.1972046
2025-11-16 13:00:00,5.5947165
2025-11-16 14:00:00,5.548063
2025-11-16 15:00:00,5.766748
2025-11-16 16:00:00,5.98097
2025-11-16 17:00:00,6.039714
2025-11-16 18:00:00,5.709404
2025-11-16 19:00:00,5.5386796
2025-11-16 20:00:00,6.0651965
2025-11-16 21:00:00,6.944914
2025-11-16 22:00:00,7.780851
2025-11-16 23:00:00,8.211891
2025-11-17 00:00:00,8.782931
2025-11-17 01:00:00,9.597336
2025-11-17 02:00:00,9.756112
2025-11-17 03:00:00,9.630868
2025-11-17 04:00:00,9.739366
2025-11-17 05:00:00,9.847289
2025-11-17 06:00:00,9.604819
2025-11-17 07:00:00,9.631181
2025-11-17 08:00:00,9.41751
2025-11-17 09:00:00,8.878646
2025-11-17 10:00:00,7.993256
2025-11-17 11:00:00,7.095086
2025-11-17 12:00:00,6.1574397
2025-11-17 13:00:00,5.376329
2025-11-17 14:00:00,4.8430614
2025-11-17 15:00:00,4.6164823
2025-11-17 16:00:00,4.6026382
2025-11-17 17:00:00,4.8302026
2025-11-17 18:00:00,4.794468
2025-11-17 19:00:00,4.738851
2025-11-17 20:00:00,4.765904
2025-11-17 21:00:00,5.42312
2025-11-17 22:00:00,6.3971105
2025-11-17 23:00:00,7.5104356
2025-11-18 00:00:00,7.9779625
2025-11-18 01:00:00,8.456421
2025-11-18 02:00:00,8.862208
2025-11-18 03:00:00,9.078653
2025-11-18 04:00:00,9.231588
2025-11-18 05:00:00,9.027936
2025-11-18 06:00:00,8.38842
2025-11-18 07:00:00,8.049551
2025-11-18 08:00:00,7.684732
2025-11-18 09:00:00,7.1297746
2025-11-18 10:00:00,6.216046
2025-11-18 11:00:00,5.2603498
2025-11-18 12:00:00,4.0961027
2025-11-18 13:00:00,3.20683
2025-11-18 14:00:00,2.5173202
2025-11-18 15:00:00,2.1834352
2025-11-18 16:00:00,2.4053152
2025-11-18 17:00:00,2.8001628
2025-11-18 18:00:00,3.7935948
2025-11-18 19:00:00,4.773384
2025-11-18 20:00:00,5.1393437
2025-11-18 21:00:00,5.3397202
2025-11-18 22:00:00,5.164187
2025-11-18 23:00:00,5.2119412
2025-11-19 00:00:00,5.6478305
2025-11-19 01:00:00,5.4817657
2025-11-19 02:00:00,4.5313206
2025-11-19 03:00:00,3.2070863
2025-11-19 04:00:00,2.5453565
2025-11-19 05:00:00,2.4046285
2025-11-19 06:00:00,3.2501998
2025-11-19 07:00:00,3.3163488
2025-11-19 08:00:00,4.853471
2025-11-19 09:00:00,5.9628882
2025-11-19 10:00:00,6.43617
2025-11-19 11:00:00,6.2520857
2025-11-19 12:00:00,6.4652348
2025-11-19 13:00:00,6.500363
2025-11-19 14:00:00,6.2567873
2025-11-19 15:00:00,5.146571
2025-11-19 16:00:00,5.5902967
2025-11-19 17:00:00,5.292852
2025-11-19 18:00:00,4.9990845
2025-11-19 19:00:00,5.2228394
2025-11-19 20:00:00,5.6392045
2025-11-19 21:00:00,5.193459
2025-11-19 22:00:00,5.0094476
2025-11-19 23:00:00,4.522539
2025-11-20 00:00:00,4.230655
2025-11-20 01:00:00,3.8603435
2025-11-20 02:00:00,3.6235313
2025-11-20 03:00:00,3.6135304
2025-11-20 04:00:00,3.905116
2025-11-20 05:00:00,4.113244
2025-11-20 06:00:00,3.7262125
2025-11-20 07:00:00,2.4732347
2025-11-20 08:00:00,1.3429558
2025-11-20 09:00:00,1.4666253
2025-11-20 10:00:00,2.2574987
2025-11-20 11:00:00,2.4704185
2025-11-20 12:00:00,3.266541
2025-11-20 13:00:00,3.682953
2025-11-20 14:00:00,4.5689006
2025-11-20 15:00:00,5.6681585
2025-11-20 16:00:00,5.269033
2025-11-20 17:00:00,4.6938295
2025-11-20 18:00:00,4.1402397
2025-11-20 19:00:00,4.3198605
2025-11-20 20:00:00,3.4236114
2025-11-20 21:00:00,2.0275965
2025-11-20 22:00:00,0.7150627
2025-11-20 23:00:00,1.2492963
2025-11-21 00:00:00,1.9797368
2025-11-21 01:00:00,2.5139384
2025-11-21 02:00:00,3.1394804
2025-11-21 03:00:00,4.0125184
2025-11-21 04:00:00,4.285872
2025-11-21 05:00:00,4.0373654
2025-11-21 06:00:00,4.4345164
2025-11-21 07:00:00,4.295681
2025-11-21 08:00:00,4.1969805
2025-11-21 09:00:00,4.6461253
2025-11-21 10:00:00,4.7183614
2025-11-21 11:00:00,5.286567
2025-11-21 12:00:00,4.836849
2025-11-21 13:00:00,4.5371494
2025-11-21 14:00:00,4.751886
2025-11-21 15:00:00,5.678011
2025-11-21 16:00:00,5.4655695
2025-11-21 17:00:00,5.1711035
2025-11-21 18:00:00,5.520976
2025-11-21 19:00:00,5.4504704
2025-11-21 20:00:00,5.800125
2025-11-21 21:00:00,6.117538
2025-11-21 22:00:00,6.462172
2025-11-21 23:00:00,6.443796
2025-11-22 00:00:00,6.1771364
2025-11-22 01:00:00,5.9519634
2025-11-22 02:00:00,5.8134766
2025-11-22 03:00:00,6.146419
2025-11-22 04:00:00,6.6842685
2025-11-22 05:00:00,7.1034927
2025-11-22 06:00:00,7.3532844
2025-11-22 07:00:00,7.215441
2025-11-22 08:00:00,7.115858
2025-11-22 09:00:00,6.205406
2025-11-22 10:00:00,5.448442
2025-11-22 11:00:00,4.8203526
2025-11-22 12:00:00,4.0638995
2025-11-22 13:00:00,3.5565274
2025-11-22 14:00:00,3.4475088
2025-11-22 15:00:00,3.76925
2025-11-22 16:00:00,4.200191
2025-11-22 17:00:00,3.9500222
2025-11-22 18:00:00,5.1003838
2025-11-22 19:00:00,6.533798
2025-11-22 20:00:00,7.47806
2025-11-22 21:00:00,7.692101
2025-11-22 22:00:00,7.7260156
2025-11-22 23:00:00,8.097899
2025-11-23 00:00:00,7.8650093
2025-11-23 01:00:00,7.6722155
2025-11-23 02:00:00,7.5335155
2025-11-23 03:00:00,7.639578
2025-11-23 04:00:00,7.6037164
2025-11-23 05:00:00,7.4591627
2025-11-23 06:00:00,7.0054827
2025-11-23 07:00:00,7.0587344
2025-11-23 08:00:00,7.178455
2025-11-23 09:00:00,7.0702295
2025-11-23 10:00:00,6.698346
2025-11-23 11:00:00,6.0394053
2025-11-23 12:00:00,5.623801
2025-11-23 13:00:00,5.3398027
2025-11-23 14:00:00,5.3692284
2025-11-23 15:00:00,5.586408
2025-11-23 16:00:00,6.029108
2025-11-23 17:00:00,6.095396
2025-11-23 18:00:00,6.2022743
2025-11-23 19:00:00,6.5314827
2025-11-23 20:00:00,7.2128544
2025-11-23 21:00:00,7.4615026
2025-11-23 22:00:00,7.6946745
2025-11-23 23:00:00,8.26816
2025-11-24 00:00:00,8.080904
2025-11-24 01:00:00,7.913853
2025-11-24 02:00:00,8.015185
2025-11-24 03:00:00,8.606244
2025-11-24 04:00:00,9.1703415
2025-11-24 05:00:00,9.32779
2025-11-24 06:00:00,8.774688
2025-11-24 07:00:00,8.612181
2025-11-24 08:00:00,8.277639
2025-11-24 09:00:00,7.885213
2025-11-24 10:00:00,7.4855776
2025-11-24 11:00:00,6.562825
2025-11-24 12:00:00,6.01139
2025-11-24 13:00:00,5.8835297
2025-11-24 14:00:00,5.596483
2025-11-24 15:00:00,5.388835
2025-11-24 16:00:00,5.468588
2025-11-24 17:00:00,5.241734
2025-11-24 18:00:00,4.886734
2025-11-24 19:00:00,4.1726284
2025-11-24 20:00:00,5.320399
2025-11-24 21:00:00,6.46081
2025-11-24 22:00:00,6.889075
2025-11-24 23:00:00,6.7974973
2025-11-25 00:00:00,7.048161
2025-11-25 01:00:00,7.0223384
2025-11-25 02:00:00,6.967512
2025-11-25 03:00:00,7.0965714
2025-11-25 04:00:00,7.2985406
2025-11-25 05:00:00,7.4509087
2025-11-25 06:00:00,7.289593
2025-11-25 07:00:00,6.7158914
2025-11-25 08:00:00,6.086771
2025-11-25 09:00:00,5.54694
2025-11-25 10:00:00,5.0332375
2025-11-25 11:00:00,4.2216544
2025-11-25 12:00:00,3.7681162
2025-11-25 13:00:00,3.4968474
2025-11-25 14:00:00,3.4365335
2025-11-25 15:00:00,3.4196715
2025-11-25 16:00:00,3.4065175
2025-11-25 17:00:00,2.9547782
2025-11-25 18:00:00,1.8674071
2025-11-25 19:00:00,1.7809817
2025-11-25 20:00:00,3.2003531
2025-11-25 21:00:00,4.966087
2025-11-25 22:00:00,5.777737
2025-11-25 23:00:00,5.6879334
2025-11-26 00:00:00,5.200065
2025-11-26 01:00:00,5.11561
2025-11-26 02:00:00,5.8791337
2025-11-26 03:00:00,7.1954274
2025-11-26 04:00:00,7.8507986
2025-11-26 05:00:00,7.7764225
2025-11-26 06:00:00,7.361834
2025-11-26 07:00:00,6.5519366
2025-11-26 08:00:00,6.6468015
2025-11-26 09:00:00,6.1107574
2025-11-26 10:00:00,5.1520977
2025-11-26 11:00:00,3.991446
2025-11-26 12:00:00,3.1739092
2025-11-26 13:00:00,2.8618886
2025-11-26 14:00:00,3.0301178
2025-11-26 15:00:00,3.287348
2025-11-26 16:00:00,3.2723465
2025-11-26 17:00:00,3.2841837
2025-11-26 18:00:00,3.510323
2025-11-26 19:00:00,4.590019
2025-11-26 20:00:00,5.8315225
2025-11-26 21:00:00,6.8967795
2025-11-26 22:00:00,7.25489
2025-11-26 23:00:00,6.9941654
2025-11-27 00:00:00,6.7906055
2025-11-27 01:00:00,6.56552
2025-11-27 02:00:00,7.0181875
2025-11-27 03:00:00,7.51342
2025-11-27 04:00:00,7.7266507
2025-11-27 05:00:00,7.8414264
2025-11-27 06:00:00,7.704647
2025-11-27 07:00:00,8.147819
2025-11-27 08:00:00,8.262492
2025-11-27 09:00:00,7.7429886
2025-11-27 10:00:00,7.095639
2025-11-27 11:00:00,6.667023
2025-11-27 12:00:00,6.369651
2025-11-27 13:00:00,6.1535463
2025-11-27 14:00:00,6.028232
2025-11-27 15:00:00,5.9952602
2025-11-27 16:00:00,6.1106453
2025-11-27 17:00:00,5.4985905
2025-11-27 18:00:00,4.936807
2025-11-27 19:00:00,6.2131615
2025-11-27 20:00:00,6.8094444
2025-11-27 21:00:00,7.613599
2025-11-27 22:00:00,8.866035
2025-11-27 23:00:00,9.36821
2025-11-28 00:00:00,9.468927
2025-11-28 01:00:00,9.979998
2025-11-28 02:00:00,10.552859
2025-11-28 03:00:00,10.9395895
2025-11-28 04:00:00,10.806924
2025-11-28 05:00:00,10.039695
2025-11-28 06:00:00,9.31696
2025-11-28 07:00:00,9.295553
2025-11-28 08:00:00,8.839702
2025-11-28 09:00:00,7.946396
2025-11-28 10:00:00,7.356625
2025-11-28 11:00:00,6.935266
2025-11-28 12:00:00,6.5230465
2025-11-28 13:00:00,6.085598
2025-11-28 14:00:00,5.6847687
2025-11-28 15:00:00,5.42996
2025-11-28 16:00:00,5.4201064
2025-11-28 17:00:00,5.4333925
2025-11-28 18:00:00,5.074902
2025-11-28 19:00:00,5.8830857
2025-11-28 20:00:00,6.5415206
2025-11-28 21:00:00,7.235611
2025-11-28 22:00:00,7.8554645
2025-11-28 23:00:00,8.351035
2025-11-29 00:00:00,8.785481
2025-11-29 01:00:00,9.294293
2025-11-29 02:00:00,9.710094
2025-11-29 03:00:00,9.8523035
2025-11-29 04:00:00,10.094119
2025-11-29 05:00:00,10.122498
2025-11-29 06:00:00,9.5647955
2025-11-29 07:00:00,9.2484045
2025-11-29 08:00:00,8.802976
2025-11-29 09:00:00,8.480143
2025-11-29 10:00:00,8.116964
2025-11-29 11:00:00,6.6368475
2025-11-29 12:00:00,5.5582323
2025-11-29 13:00:00,5.128749
2025-11-29 14:00:00,5.0183825
2025-11-29 15:00:00,4.8969293
2025-11-29 16:00:00,4.8879375
2025-11-29 17:00:00,5.1651206
2025-11-29 18:00:00,5.314231
2025-11-29 19:00:00,5.6871285
2025-11-29 20:00:00,6.806835
2025-11-29 21:00:00,6.9794426
2025-11-29 22:00:00,6.72055
2025-11-29 23:00:00,6.6341496
2025-11-30 00:00:00,6.829231
2025-11-30 01:00:00,6.747554
2025-11-30 02:00:00,6.357411
2025-11-30 03:00:00,6.771567
2025-11-30 04:00:00,7.3417144
2025-11-30 05:00:00,7.362244
2025-11-30 06:00:00,7.0352206
2025-11-30 07:00:00,6.7845736
2025-11-30 08:00:00,6.883281
2025-11-30 09:00:00,6.572941
2025-11-30 10:00:00,5.266506
2025-11-30 11:00:00,4.1462207
2025-11-30 12:00:00,3.4679034
2025-11-30 13:00:00,3.0855596
2025-11-30 14:00:00,2.8611224
2025-11-30 15:00:00,2.9137483
2025-11-30 16:00:00,2.9317303
2025-11-30 17:00:00,3.096112
2025-11-30 18:00:00,3.207547
2025-11-30 19:00:00,3.4992325
2025-11-30 20:00:00,4.3567204
2025-11-30 21:00:00,4.989153
2025-11-30 22:00:00,5.4839115
2025-11-30 23:00:00,5.926727
2025-12-01 00:00:00,5.965991
2025-12-01 01:00:00,5.904734
2025-12-01 02:00:00,5.6248817
2025-12-01 03:00:00,5.315484
2025-12-01 04:00:00,5.4080977
2025-12-01 05:00:00,6.0518217
2025-12-01 06:00:00,6.402021
2025-12-01 07:00:00,6.365284
2025-12-01 08:00:00,6.0717425
2025-12-01 09:00:00,5.877677
2025-12-01 10:00:00,5.1495247
2025-12-01 11:00:00,3.6724985
2025-12-01 12:00:00,3.2472086
2025-12-01 13:00:00,3.4184673
2025-12-01 14:00:00,3.427282
2025-12-01 15:00:00,3.4332407
2025-12-01 16:00:00,3.2762456
2025-12-01 17:00:00,3.2488086
2025-12-01 18:00:00,3.3865223
2025-12-01 19:00:00,3.421449
2025-12-01 20:00:00,3.827161
2025-12-01 21:00:00,4.139438
2025-12-01 22:00:00,4.088402
2025-12-01 23:00:00,3.9931748
2025-12-02 00:00:00,3.9783385
2025-12-02 01:00:00,4.0189533
2025-12-02 02:00:00,4.5510917
2025-12-02 03:00:00,5.2060914
2025-12-02 04:00:00,5.750346
2025-12-02 05:00:00,6.300203
2025-12-02 06:00:00,6.600591
2025-12-02 07:00:00,7.1162577
2025-12-02 08:00:00,6.788635
2025-12-02 09:00:00,6.4209204
2025-12-02 10:00:00,5.4798126
2025-12-02 11:00:00,4.701338
2025-12-02 12:00:00,4.334093
2025-12-02 13:00:00,3.936826
2025-12-02 14:00:00,3.8918324
2025-12-02 15:00:00,3.8049664
2025-12-02 16:00:00,4.049193
2025-12-02 17:00:00,4.333968
2025-12-02 18:00:00,3.968489
2025-12-02 19:00:00,2.840802
2025-12-02 20:00:00,3.57613
2025-12-02 21:00:00,4.196634
2025-12-02 22:00:00,4.4747887
2025-12-02 23:00:00,4.297667
2025-12-03 00:00:00,3.9383125
2025-12-03 01:00:00,3.4870176
2025-12-03 02:00:00,3.376585
2025-12-03 03:00:00,3.5351884
2025-12-03 04:00:00,4.5948467
2025-12-03 05:00:00,6.079611
2025-12-03 06:00:00,6.591777
2025-12-03 07:00:00,6.5666184
2025-12-03 08:00:00,6.3675957
2025-12-03 09:00:00,5.2145905
2025-12-03 10:00:00,4.449578
2025-12-03 11:00:00,3.5703807
2025-12-03 12:00:00,3.0853405
2025-12-03 13:00:00,3.0458713
2025-12-03 14:00:00,2.8231094
2025-12-03 15:00:00,2.8857949
2025-12-03 16:00:00,3.4332635
2025-12-03 17:00:00,3.828946
2025-12-03 18:00:00,3.654372
2025-12-03 19:00:00,3.3158855
2025-12-03 20:00:00,2.8625119
2025-12-03 21:00:00,2.388986
2025-12-03 22:00:00,2.604591
2025-12-03 23:00:00,3.402328
2025-12-04 00:00:00,4.1819763
2025-12-04 01:00:00,4.7688127
2025-12-04 02:00:00,5.420753
2025-12-04 03:00:00,6.423406
2025-12-04 04:00:00,7.4268394
2025-12-04 05:00:00,7.2591696
2025-12-04 06:00:00,6.2753334
2025-12-04 07:00:00,5.9447217
2025-12-04 08:00:00,5.935502
2025-12-04 09:00:00,5.560677
2025-12-04 10:00:00,4.8312926
2025-12-04 11:00:00,3.8802755
2025-12-04 12:00:00,3.4650574
2025-12-04 13:00:00,3.1121674
2025-12-04 14:00:00,2.8931499
2025-12-04 15:00:00,3.4602902
2025-12-04 16:00:00,3.646977
2025-12-04 17:00:00,3.131309
2025-12-04 18:00:00,3.142078
2025-12-04 19:00:00,3.6206357
2025-12-04 20:00:00,3.928423
2025-12-04 21:00:00,4.133468
2025-12-04 22:00:00,4.9501476
2025-12-04 23:00:00,5.035637
2025-12-05 00:00:00,4.0991387
2025-12-05 01:00:00,2.7221227
2025-12-05 02:00:00,3.2043388
2025-12-05 03:00:00,4.822245
2025-12-05 04:00:00,4.6652594
2025-12-05 05:00:00,3.9396853
2025-12-05 06:00:00,2.7200406
2025-12-05 07:00:00,1.2254894
2025-12-05 08:00:00,0.66786534
2025-12-05 09:00:00,1.2813038
2025-12-05 10:00:00,1.9113371
2025-12-05 11:00:00,3.0480127
2025-12-05 12:00:00,4.277996
2025-12-05 13:00:00,4.37854
2025-12-05 14:00:00,4.277996
2025-12-05 15:00:00,3.8338828
2025-12-05 16:00:00,3.8333757
2025-12-05 17:00:00,3.5707388
2025-12-05 18:00:00,2.9313161
2025-12-05 19:00:00,1.7145578
2025-12-05 20:00:00,0.46843746
2025-12-05 21:00:00,0.2647282
2025-12-05 22:00:00,0.89675593
2025-12-05 23:00:00,1.3837953
2025-12-06 00:00:00,2.1265595
2025-12-06 01:00:00,2.2670016
2025-12-06 02:00:00,3.125327
2025-12-06 03:00:00,4.269839
2025-12-06 04:00:00,5.453083
2025-12-06 05:00:00,5.817486
2025-12-06 06:00:00,5.949904
2025-12-06 07:00:00,5.088644
2025-12-06 08:00:00,5.04911
2025-12-06 09:00:00,5.62448
2025-12-06 10:00:00,5.9828296
2025-12-06 11:00:00,5.7163424
2025-12-06 12:00:00,5.3606772
2025-12-06 13:00:00,5.1331296
2025-12-06 14:00:00,5.2477956
2025-12-06 15:00:00,5.4589467
2025-12-06 16:00:00,5.5329037
2025-12-06 17:00:00,5.572117
2025-12-06 18:00:00,5.6329713
2025-12-06 19:00:00,6.02682
2025-12-06 20:00:00,6.008104
2025-12-06 21:00:00,6.0747533
2025-12-06 22:00:00,5.905836
2025-12-06 23:00:00,5.663948
2025-12-07 00:00:00,5.5391917
2025-12-07 01:00:00,5.6049366
2025-12-07 02:00:00,6.013922
2025-12-07 03:00:00,6.522849
2025-12-07 04:00:00,6.6418147
2025-12-07 05:00:00,6.6413035
2025-12-07 06:00:00,6.2183313
2025-12-07 07:00:00,6.319868
2025-12-07 08:00:00,6.1166043
2025-12-07 09:00:00,6.3076367
2025-12-07 10:00:00,6.546079
2025-12-07 11:00:00,6.032816
2025-12-07 12:00:00,4.9827914
2025-12-07 13:00:00,4.1591926
2025-12-07 14:00:00,3.7235305
2025-12-07 15:00:00,3.5438383
2025-12-07 16:00:00,3.7077186
2025-12-07 17:00:00,3.9090679
2025-12-07 18:00:00,4.21023
2025-12-07 19:00:00,5.1714935
2025-12-07 20:00:00,5.540498
2025-12-07 21:00:00,5.6222258
2025-12-07 22:00:00,5.291968
2025-12-07 23:00:00,5.1396637
2025-12-08 00:00:00,5.742211
2025-12-08 01:00:00,6.246804
2025-12-08 02:00:00,6.6815677
2025-12-08 03:00:00,7.8293633
2025-12-08 04:00:00,8.890355
2025-12-08 05:00:00,9.060227
2025-12-08 06:00:00,8.758597
2025-12-08 07:00:00,8.696096
2025-12-08 08:00:00,9.25476
2025-12-08 09:00:00,8.733003
2025-12-08 10:00:00,8.272743
2025-12-08 11:00:00,7.4138856
2025-12-08 12:00:00,6.628104
2025-12-08 13:00:00,6.0277357
2025-12-08 14:00:00,5.854749
2025-12-08 15:00:00,5.439185
2025-12-08 16:00:00,5.2668047
2025-12-08 17:00:00,4.824603
2025-12-08 18:00:00,5.055737
2025-12-08 19:00:00,5.6633477
2025-12-08 20:00:00,6.2556224
2025-12-08 21:00:00,6.362518
2025-12-08 22:00:00,6.314359
2025-12-08 23:00:00,6.4385886
2025-12-09 00:00:00,6.5813427
2025-12-09 01:00:00,7.3455396
2025-12-09 02:00:00,8.230483
2025-12-09 03:00:00,8.604262
2025-12-09 04:00:00,8.527366
2025-12-09 05:00:00,8.169154
2025-12-09 06:00:00,7.7030087
2025-12-09 07:00:00,7.877265
2025-12-09 08:00:00,7.5716558
2025-12-09 09:00:00,7.2356176
2025-12-09 10:00:00,6.3746405
2025-12-09 11:00:00,5.5028276
2025-12-09 12:00:00,4.9476104
2025-12-09 13:00:00,4.369303
2025-12-09 14:00:00,4.078056
2025-12-09 15:00:00,3.938635
2025-12-09 16:00:00,3.8744514
2025-12-09 17:00:00,3.407042
2025-12-09 18:00:00,2.7230484
2025-12-09 19:00:00,1.8389016
2025-12-09 20:00:00,2.1955152
2025-12-09 21:00:00,3.3499553
2025-12-09 22:00:00,4.7640433
2025-12-09 23:00:00,5.8035088
2025-12-10 00:00:00,5.9939914
2025-12-10 01:00:00,5.912188
2025-12-10 02:00:00,6.2197895
2025-12-10 03:00:00,6.960278
2025-12-10 04:00:00,7.5646777
2025-12-10 05:00:00,7.6051316
2025-12-10 06:00:00,7.5995755
2025-12-10 07:00:00,7.3119755
2025-12-10 08:00:00,7.129106
2025-12-10 09:00:00,6.585701
2025-12-10 10:00:00,5.8423343
2025-12-10 11:00:00,4.719572
2025-12-10 12:00:00,3.5236504
2025-12-10 13:00:00,3.2977216
2025-12-10 14:00:00,3.090511
2025-12-10 15:00:00,2.9433258
2025-12-10 16:00:00,2.7575111
2025-12-10 17:00:00,2.6015542
2025-12-10 18:00:00,2.4698
2025-12-10 19:00:00,1.76977
2025-12-10 20:00:00,2.4886227
2025-12-10 21:00:00,3.1502182
2025-12-10 22:00:00,3.6454232
2025-12-10 23:00:00,4.0877137
2025-12-11 00:00:00,4.717599
2025-12-11 01:00:00,5.0384307
2025-12-11 02:00:00,5.1115313
2025-12-11 03:00:00,5.6689916
2025-12-11 04:00:00,6.836961
2025-12-11 05:00:00,7.282358
2025-12-11 06:00:00,7.256411
2025-12-11 07:00:00,7.446982
2025-12-11 08:00:00,7.4351697
2025-12-11 09:00:00,6.6398625
2025-12-11 10:00:00,5.8657265
2025-12-11 11:00:00,5.059914
2025-12-11 12:00:00,4.078881
2025-12-11 13:00:00,3.2467754
2025-12-11 14:00:00,2.8760586
2025-12-11 15:00:00,2.72331
2025-12-11 16:00:00,2.5221584
2025-12-11 17:00:00,2.572376
2025-12-11 18:00:00,2.102007
2025-12-11 19:00:00,0.9727709
2025-12-11 20:00:00,1.4019847
2025-12-11 21:00:00,2.6633584
2025-12-11 22:00:00,3.151171
2025-12-11 23:00:00,3.0199008
2025-12-12 00:00:00,2.8484857
2025-12-12 01:00:00,2.7141516
2025-12-12 02:00:00,2.764545
2025-12-12 03:00:00,3.0113108
2025-12-12 04:00:00,3.2827814
2025-12-12 05:00:00,4.028402
2025-12-12 06:00:00,5.715278
2025-12-12 07:00:00,6.1297774
2025-12-12 08:00:00,5.9885135
2025-12-12 09:00:00,4.8031344
2025-12-12 10:00:00,3.535527
2025-12-12 11:00:00,2.7637749
2025-12-12 12:00:00,2.5390687
2025-12-12 13:00:00,2.737788
2025-12-12 14:00:00,2.8885202
2025-12-12 15:00:00,2.9762459
2025-12-12 16:00:00,3.1284869
2025-12-12 17:00:00,3.410119
2025-12-12 18:00:00,3.0646148
2025-12-12 19:00:00,3.2257905
2025-12-12 20:00:00,2.9098582
2025-12-12 21:00:00,2.7893906
2025-12-12 22:00:00,2.293028
2025-12-12 23:00:00,1.5470849
2025-12-13 00:00:00,0.99669635
2025-12-13 01:00:00,0.8119579
2025-12-13 02:00:00,0.4726151
2025-12-13 03:00:00,0.5052092
2025-12-13 04:00:00,2.5448084
2025-12-13 05:00:00,4.5600343
2025-12-13 06:00:00,5.9879074
2025-12-13 07:00:00,6.413231
2025-12-13 08:00:00,7.2162156
2025-12-13 09:00:00,6.2691703
2025-12-13 10:00:00,4.999129
2025-12-13 11:00:00,4.3255014
2025-12-13 12:00:00,3.8544047
2025-12-13 13:00:00,3.5863278
2025-12-13 14:00:00,3.1852534
2025-12-13 15:00:00,3.306159
2025-12-13 16:00:00,3.5321517
2025-12-13 17:00:00,3.4433792
2025-12-13 18:00:00,3.497032
2025-12-13 19:00:00,3.3870108
2025-12-13 20:00:00,3.8183203
2025-12-13 21:00:00,4.1854725
2025-12-13 22:00:00,4.7799454
2025-12-13 23:00:00,5.7047415
2025-12-14 00:00:00,6.582647
2025-12-14 01:00:00,6.8522344
2025-12-14 02:00:00,6.805835
2025-12-14 03:00:00,7.0762315
2025-12-14 04:00:00,7.6587267
2025-12-14 05:00:00,7.8375344
2025-12-14 06:00:00,7.800357
2025-12-14 07:00:00,7.7676325
2025-12-14 08:00:00,7.953651
2025-12-14 09:00:00,7.931029
2025-12-14 10:00:00,7.0668135
2025-12-14 11:00:00,6.1739073
2025-12-14 12:00:00,5.0125055
2025-12-14 13:00:00,4.091354
2025-12-14 14:00:00,3.5932894
2025-12-14 15:00:00,3.5200667
2025-12-14 16:00:00,3.7239485
2025-12-14 17:00:00,3.830973
2025-12-14 18:00:00,4.227244
2025-12-14 19:00:00,4.5667377
2025-12-14 20:00:00,5.1081457
2025-12-14 21:00:00,5.8143954
2025-12-14 22:00:00,6.89026
2025-12-14 23:00:00,7.7971916
2025-12-15 00:00:00,8.420059
2025-12-15 01:00:00,8.256581
2025-12-15 02:00:00,8.187563
2025-12-15 03:00:00,8.614655
2025-12-15 04:00:00,8.514086
2025-12-15 05:00:00,8.126261
2025-12-15 06:00:00,8.035693
2025-12-15 07:00:00,8.52509
2025-12-15 08:00:00,8.153705
2025-12-15 09:00:00,7.7733693
2025-12-15 10:00:00,7.2375245
2025-12-15 11:00:00,6.148935
2025-12-15 12:00:00,4.638636
2025-12-15 13:00:00,3.492755
2025-12-15 14:00:00,2.9861977
2025-12-15 15:00:00,2.898176
2025-12-15 16:00:00,2.9859447
2025-12-15 17:00:00,2.9698467
2025-12-15 18:00:00,2.9174547
2025-12-15 19:00:00,2.7262726
2025-12-15 20:00:00,2.6799235
2025-12-15 21:00:00,2.8412652
2025-12-15 22:00:00,3.7356396
2025-12-15 23:00:00,5.888555
2025-12-16 00:00:00,7.1221375
2025-12-16 01:00:00,7.59277
2025-12-16 02:00:00,8.202624
2025-12-16 03:00:00,8.707074
2025-12-16 04:00:00,8.57913
2025-12-16 05:00:00,8.191555
2025-12-16 06:00:00,7.9452133
2025-12-16 07:00:00,7.561324
2025-12-16 08:00:00,7.2976007
2025-12-16 09:00:00,7.178746
2025-12-16 10:00:00,6.86242
2025-12-16 11:00:00,6.1198187
2025-12-16 12:00:00,5.1617336
2025-12-16 13:00:00,4.507773
2025-12-16 14:00:00,3.6495214
2025-12-16 15:00:00,3.1147175
2025-12-16 16:00:00,2.7093322
2025-12-16 17:00:00,2.729432
2025-12-16 18:00:00,2.7750723
2025-12-16 19:00:00,2.6460738
2025-12-16 20:00:00,2.7849014
2025-12-16 21:00:00,3.2249494
2025-12-16 22:00:00,3.4583318
2025-12-16 23:00:00,4.149193
2025-12-17 00:00:00,5.374032
2025-12-17 01:00:00,5.481369
2025-12-17 02:00:00,5.100384
2025-12-17 03:00:00,5.266002
2025-12-17 04:00:00,6.142186
2025-12-17 05:00:00,7.1094065
2025-12-17 06:00:00,7.172881
2025-12-17 07:00:00,6.729415
2025-12-17 08:00:00,6.7188253
2025-12-17 09:00:00,6.050016
2025-12-17 10:00:00,5.336011
2025-12-17 11:00:00,4.6956425
2025-12-17 12:00:00,4.203345
2025-12-17 13:00:00,3.7635026
2025-12-17 14:00:00,3.61419
2025-12-17 15:00:00,3.404794
2025-12-17 16:00:00,3.4689798
2025-12-17 17:00:00,3.5279346
2025-12-17 18:00:00,2.9344258
2025-12-17 19:00:00,2.6866186
2025-12-17 20:00:00,3.4488447
2025-12-17 21:00:00,4.637552
2025-12-17 22:00:00,4.7761307
2025-12-17 23:00:00,3.9156103
2025-12-18 00:00:00,3.7157376
2025-12-18 01:00:00,3.501048
2025-12-18 02:00:00,3.555522
2025-12-18 03:00:00,4.9916415
2025-12-18 04:00:00,6.762553
2025-12-18 05:00:00,7.529837
2025-12-18 06:00:00,7.6773586
2025-12-18 07:00:00,8.2763195
2025-12-18 08:00:00,8.110359
2025-12-18 09:00:00,7.540195
2025-12-18 10:00:00,7.3943467
2025-12-18 11:00:00,6.897475
2025-12-18 12:00:00,6.278503
2025-12-18 13:00:00,5.735661
2025-12-18 14:00:00,5.517325
2025-12-18 15:00:00,5.319054
2025-12-18 16:00:00,5.4558325
2025-12-18 17:00:00,5.0635076
2025-12-18 18:00:00,5.0035996
2025-12-18 19:00:00,4.5953383
2025-12-18 20:00:00,4.127238
2025-12-18 21:00:00,3.916448
2025-12-18 22:00:00,4.815698
2025-12-18 23:00:00,5.5947022
2025-12-19 00:00:00,5.5686097
2025-12-19 01:00:00,6.3104935
2025-12-19 02:00:00,8.003685
2025-12-19 03:00:00,8.909739
2025-12-19 04:00:00,8.782324
2025-12-19 05:00:00,8.46291
2025-12-19 06:00:00,8.176596
2025-12-19 07:00:00,8.444534
2025-12-19 08:00:00,8.532104
2025-12-19 09:00:00,8.310168
2025-12-19 10:00:00,8.0312195
2025-12-19 11:00:00,7.459043
2025-12-19 12:00:00,6.4030957
2025-12-19 13:00:00,5.7482533
2025-12-19 14:00:00,5.3647537
2025-12-19 15:00:00,5.099947
2025-12-19 16:00:00,4.9085846
2025-12-19 17:00:00,4.78975
2025-12-19 18:00:00,5.304101
2025-12-19 19:00:00,5.7061524
2025-12-19 20:00:00,5.503023
2025-12-19 21:00:00,5.100195
2025-12-19 22:00:00,5.5305905
2025-12-19 23:00:00,6.351104
2025-12-20 00:00:00,6.8324156
2025-12-20 01:00:00,6.975933
2025-12-20 02:00:00,7.2263823
2025-12-20 03:00:00,7.8230147
2025-12-20 04:00:00,8.38575
2025-12-20 05:00:00,8.743586
2025-12-20 06:00:00,8.969753
2025-12-20 07:00:00,8.321562
2025-12-20 08:00:00,8.342391
2025-12-20 09:00:00,8.306062
2025-12-20 10:00:00,8.129381
2025-12-20 11:00:00,7.7250476
2025-12-20 12:00:00,6.8754354
2025-12-20 13:00:00,5.84555
2025-12-20 14:00:00,5.3256516
2025-12-20 15:00:00,4.9291296
2025-12-20 16:00:00,4.70539
2025-12-20 17:00:00,4.5707703
2025-12-20 18:00:00,4.165319
2025-12-20 19:00:00,4.165104
2025-12-20 20:00:00,4.359548
2025-12-20 21:00:00,4.6509843
2025-12-20 22:00:00,6.1351514
2025-12-20 23:00:00,6.988382
2025-12-21 00:00:00,6.8682275
2025-12-21 01:00:00,7.5371323
2025-12-21 02:00:00,9.172321
2025-12-21 03:00:00,9.353818
2025-12-21 04:00:00,8.927767
2025-12-21 05:00:00,8.844236
2025-12-21 06:00:00,8.666953
2025-12-21 07:00:00,8.2643
2025-12-21 08:00:00,7.5171185
2025-12-21 09:00:00,6.924557
2025-12-21 10:00:00,6.4157143
2025-12-21 11:00:00,5.854592
2025-12-21 12:00:00,4.749496
2025-12-21 13:00:00,4.2800045
2025-12-21 14:00:00,4.1563683
2025-12-21 15:00:00,4.09187
2025-12-21 16:00:00,4.0710964
2025-12-21 17:00:00,3.6900692
2025-12-21 18:00:00,2.7504869
2025-12-21 19:00:00,2.7367997
2025-12-21 20:00:00,3.704924
2025-12-21 21:00:00,5.209891
2025-12-21 22:00:00,6.339147
2025-12-21 23:00:00,6.7269588
2025-12-22 00:00:00,6.7649965
2025-12-22 01:00:00,7.0056767
2025-12-22 02:00:00,7.055841
2025-12-22 03:00:00,6.7484093
2025-12-22 04:00:00,6.614549
2025-12-22 05:00:00,6.764543
2025-12-22 06:00:00,6.716386
2025-12-22 07:00:00,6.4384675
2025-12-22 08:00:00,6.5943036
2025-12-22 09:00:00,6.673882
2025-12-22 10:00:00,6.6618996
2025-12-22 11:00:00,7.142274
2025-12-22 12:00:00,6.9148016
2025-12-22 13:00:00,6.3692703
2025-12-22 14:00:00,5.614047
2025-12-22 15:00:00,4.7335067
2025-12-22 16:00:00,3.2489054
2025-12-22 17:00:00,2.0547688
2025-12-22 18:00:00,0.5873588
2025-12-22 19:00:00,1.4467945
2025-12-22 20:00:00,1.9997274
2025-12-22 21:00:00,1.8795453
2025-12-22 22:00:00,1.5980026
2025-12-22 23:00:00,1.7754158
2025-12-23 00:00:00,1.7775608
2025-12-23 01:00:00,1.2934724
2025-12-23 02:00:00,1.5404932
2025-12-23 03:00:00,1.7374723
2025-12-23 04:00:00,1.4731473
2025-12-23 05:00:00,1.9002161
2025-12-23 06:00:00,3.0483513
2025-12-23 07:00:00,3.817485
2025-12-23 08:00:00,4.075975
2025-12-23 09:00:00,5.223717
2025-12-23 10:00:00,5.7745776
2025-12-23 11:00:00,5.937518
2025-12-23 12:00:00,6.0278597
2025-12-23 13:00:00,6.174442
2025-12-23 14:00:00,6.113634
2025-12-23 15:00:00,6.4124703
2025-12-23 16:00:00,7.087858
2025-12-23 17:00:00,7.281385
2025-12-23 18:00:00,7.308615
2025-12-23 19:00:00,7.2423797
2025-12-23 20:00:00,7.014789
2025-12-23 21:00:00,7.0486383
2025-12-23 22:00:00,7.0753636
2025-12-23 23:00:00,6.991877
2025-12-24 00:00:00,7.4150863
2025-12-24 01:00:00,8.183125
2025-12-24 02:00:00,8.377374
2025-12-24 03:00:00,8.007804
2025-12-24 04:00:00,7.4611
2025-12-24 05:00:00,7.064858
2025-12-24 06:00:00,7.241323
2025-12-24 07:00:00,7.9017267
2025-12-24 08:00:00,8.403169
2025-12-24 09:00:00,8.872673
2025-12-24 10:00:00,8.767064
2025-12-24 11:00:00,8.459076
2025-12-24 12:00:00,8.181463
2025-12-24 13:00:00,7.7619233
2025-12-24 14:00:00,7.377613
2025-12-24 15:00:00,7.164572
2025-12-24 16:00:00,7.191704
2025-12-24 17:00:00,6.912524
2025-12-24 18:00:00,6.1595182
2025-12-24 19:00:00,7.6745844
2025-12-24 20:00:00,8.14868
2025-12-24 21:00:00,8.949936
2025-12-24 22:00:00,9.171786
2025-12-24 23:00:00,8.9935055
2025-12-25 00:00:00,8.687688
2025-12-25 01:00:00,8.724774
2025-12-25 02:00:00,8.928025
2025-12-25 03:00:00,8.943709
2025-12-25 04:00:00,8.883274
2025-12-25 05:00:00,8.684418
2025-12-25 06:00:00,8.522108
2025-12-25 07:00:00,8.801602
2025-12-25 08:00:00,8.5699215
2025-12-25 09:00:00,8.282164
2025-12-25 10:00:00,7.75809
2025-12-25 11:00:00,6.9388695
2025-12-25 12:00:00,6.001279
2025-12-25 13:00:00,4.973553
2025-12-25 14:00:00,3.9045854
2025-12-25 15:00:00,3.4271507
2025-12-25 16:00:00,3.164642
2025-12-25 17:00:00,2.786386
2025-12-25 18:00:00,2.4024282
2025-12-25 19:00:00,3.4837413
2025-12-25 20:00:00,4.296252
2025-12-25 21:00:00,5.096418
2025-12-25 22:00:00,6.446653
2025-12-25 23:00:00,7.447792
2025-12-26 00:00:00,7.6135592
2025-12-26 01:00:00,7.590926
2025-12-26 02:00:00,7.587984
2025-12-26 03:00:00,7.6664424
2025-12-26 04:00:00,8.098616
2025-12-26 05:00:00,8.401066
2025-12-26 06:00:00,8.413812
2025-12-26 07:00:00,8.6631775
2025-12-26 08:00:00,8.441393
2025-12-26 09:00:00,8.183072
2025-12-26 10:00:00,7.414829
2025-12-26 11:00:00,6.5873485
2025-12-26 12:00:00,5.493464
2025-12-26 13:00:00,4.7468843
2025-12-26 14:00:00,4.6536922
2025-12-26 15:00:00,4.5289297
2025-12-26 16:00:00,4.2435737
2025-12-26 17:00:00,3.8291895
2025-12-26 18:00:00,3.2907712
2025-12-26 19:00:00,3.8703578
2025-12-26 20:00:00,6.2263737
2025-12-26 21:00:00,7.8040276
2025-12-26 22:00:00,7.489577
2025-12-26 23:00:00,6.748305
2025-12-27 00:00:00,6.450077
2025-12-27 01:00:00,6.377538
2025-12-27 02:00:00,6.8422575
2025-12-27 03:00:00,7.543068
2025-12-27 04:00:00,8.140721
2025-12-27 05:00:00,8.253565
2025-12-27 06:00:00,8.170277
2025-12-27 07:00:00,7.496829
2025-12-27 08:00:00,7.413923
2025-12-27 09:00:00,7.2554812
2025-12-27 10:00:00,6.685054
2025-12-27 11:00:00,5.2273564
2025-12-27 12:00:00,3.9256806
2025-12-27 13:00:00,3.228144
2025-12-27 14:00:00,2.891494
2025-12-27 15:00:00,2.663911
2025-12-27 16:00:00,2.467409
2025-12-27 17:00:00,2.4143038
2025-12-27 18:00:00,1.8411106
2025-12-27 19:00:00,2.1102273
2025-12-27 20:00:00,2.7742856
2025-12-27 21:00:00,5.0777426
2025-12-27 22:00:00,7.457243
2025-12-27 23:00:00,7.5008116
2025-12-28 00:00:00,6.8087645
2025-12-28 01:00:00,6.3286786
2025-12-28 02:00:00,5.9028187
2025-12-28 03:00:00,6.2382226
2025-12-28 04:00:00,7.1335425
2025-12-28 05:00:00,7.570244
2025-12-28 06:00:00,7.5427094
2025-12-28 07:00:00,7.6125607
2025-12-28 08:00:00,7.339359
2025-12-28 09:00:00,6.7739534
2025-12-28 10:00:00,5.6915073
2025-12-28 11:00:00,4.499372
2025-12-28 12:00:00,3.4446933
2025-12-28 13:00:00,3.0456407
2025-12-28 14:00:00,3.105023
2025-12-28 15:00:00,3.1169386
2025-12-28 16:00:00,3.109308
2025-12-28 17:00:00,3.17397
2025-12-28 18:00:00,3.2634482
2025-12-28 19:00:00,4.2329483
2025-12-28 20:00:00,5.363308
2025-12-28 21:00:00,6.225651
2025-12-28 22:00:00,6.147327
2025-12-28 23:00:00,5.6450086
2025-12-29 00:00:00,4.8604236
2025-12-29 01:00:00,4.593695
2025-12-29 02:00:00,4.793279
2025-12-29 03:00:00,5.665735
2025-12-29 04:00:00,6.598806
2025-12-29 05:00:00,6.595902
2025-12-29 06:00:00,6.1940703
2025-12-29 07:00:00,4.863962
2025-12-29 08:00:00,5.2124996
2025-12-29 09:00:00,5.2216163
2025-12-29 10:00:00,4.7517
2025-12-29 11:00:00,4.4295545
2025-12-29 12:00:00,3.9619954
2025-12-29 13:00:00,3.4594388
2025-12-29 14:00:00,3.1025176
2025-12-29 15:00:00,2.6631036
2025-12-29 16:00:00,2.3312316
2025-12-29 17:00:00,2.0182571
2025-12-29 18:00:00,1.628124
2025-12-29 19:00:00,0.7658442
2025-12-29 20:00:00,1.7080119
2025-12-29 21:00:00,2.4985201
2025-12-29 22:00:00,2.8129978
2025-12-29 23:00:00,2.9268553
2025-12-30 00:00:00,2.890208
2025-12-30 01:00:00,2.9291024
2025-12-30 02:00:00,3.3275216
2025-12-30 03:00:00,4.2616415
2025-12-30 04:00:00,4.891317
2025-12-30 05:00:00,4.5234246
2025-12-30 06:00:00,3.704575
2025-12-30 07:00:00,2.943313
2025-12-30 08:00:00,3.7913172
2025-12-30 09:00:00,4.693936
2025-12-30 10:00:00,4.905531
2025-12-30 11:00:00,4.296354
2025-12-30 12:00:00,3.4568343
2025-12-30 13:00:00,3.0939384
2025-12-30 14:00:00,2.869568
2025-12-30 15:00:00,2.5787258
2025-12-30 16:00:00,2.601006
2025-12-30 17:00:00,3.2456903
2025-12-30 18:00:00,3.2097764
2025-12-30 19:00:00,2.6572745
2025-12-30 20:00:00,2.873323
2025-12-30 21:00:00,4.0169873
2025-12-30 22:00:00,5.264667
2025-12-30 23:00:00,4.636763
2025-12-31 00:00:00,3.605004
2025-12-31 01:00:00,3.3645546
2025-12-31 02:00:00,2.8229542
2025-12-31 03:00:00,2.0391088
2025-12-31 04:00:00,2.033372
2025-12-31 05:00:00,2.011351
2025-12-31 06:00:00,2.5258684
2025-12-31 07:00:00,6.0515637
2025-12-31 08:00:00,6.8388815
2025-12-31 09:00:00,6.4181633
2025-12-31 10:00:00,5.4466844
2025-12-31 11:00:00,4.491215
2025-12-31 12:00:00,3.7624836
2025-12-31 13:00:00,3.4301698
2025-12-31 14:00:00,3.2934668
2025-12-31 15:00:00,3.0552778
2025-12-31 16:00:00,2.9824905
2025-12-31 17:00:00,3.2213898
2025-12-31 18:00:00,3.5242805
2025-12-31 19:00:00,2.9365423
2025-12-31 20:00:00,3.5604503
2025-12-31 21:00:00,4.269413
2025-12-31 22:00:00,4.94475
2025-12-31 23:00:00,5.252174
2026-01-01 00:00:00,5.013701
2026-01-01 01:00:00,4.5770907
2026-01-01 02:00:00,4.3274283
2026-01-01 03:00:00,4.4900866
2026-01-01 04:00:00,4.267774
2026-01-01 05:00:00,3.823062
2026-01-01 06:00:00,3.0297515
2026-01-01 07:00:00,2.2651975
2026-01-01 08:00:00,4.3161674
2026-01-01 09:00:00,4.9683676
2026-01-01 10:00:00,4.4942513
2026-01-01 11:00:00,3.8831077
2026-01-01 12:00:00,3.286153
2026-01-01 13:00:00,2.9010506
2026-01-01 14:00:00,2.5214326
2026-01-01 15:00:00,2.0742757
2026-01-01 16:00:00,2.2154307
2026-01-01 17:00:00,2.415035
2026-01-01 18:00:00,3.322838
2026-01-01 19:00:00,5.207769
2026-01-01 20:00:00,5.4871645
2026-01-01 21:00:00,5.548371
2026-01-01 22:00:00,5.5561266
2026-01-01 23:00:00,5.493553
2026-01-02 00:00:00,4.917615
2026-01-02 01:00:00,3.9518197
2026-01-02 02:00:00,2.7820637
2026-01-02 03:00:00,1.7416646
2026-01-02 04:00:00,1.3623496
2026-01-02 05:00:00,1.6621298
2026-01-02 06:00:00,2.182695
2026-01-02 07:00:00,1.4607084
2026-01-02 08:00:00,1.2591828
2026-01-02 09:00:00,1.9310358
2026-01-02 10:00:00,3.4299188
2026-01-02 11:00:00,3.518846
2026-01-02 12:00:00,2.9445288
2026-01-02 13:00:00,2.539922
2026-01-02 14:00:00,2.4006517
2026-01-02 15:00:00,2.5243137
2026-01-02 16:00:00,2.7987995
2026-01-02 17:00:00,2.987948
2026-01-02 18:00:00,2.9978893
2026-01-02 19:00:00,4.445902
2026-01-02 20:00:00,5.151555
2026-01-02 21:00:00,4.6953073
2026-01-02 22:00:00,4.1495385
2026-01-02 23:00:00,3.4920545
2026-01-03 00:00:00,3.1808863
2026-01-03 01:00:00,3.7135522
2026-01-03 02:00:00,3.5235572
2026-01-03 03:00:00,2.6351888
2026-01-03 04:00:00,1.955802
2026-01-03 05:00:00,1.3057724
2026-01-03 06:00:00,0.60390204
2026-01-03 07:00:00,1.2206237
2026-01-03 08:00:00,2.4691083
2026-01-03 09:00:00,2.8148375
2026-01-03 10:00:00,3.753076
2026-01-03 11:00:00,3.3571806
2026-01-03 12:00:00,3.0693598
2026-01-03 13:00:00,3.5656626
2026-01-03 14:00:00,4.807832
2026-01-03 15:00:00,4.7580557
2026-01-03 16:00:00,4.8433766
2026-01-03 17:00:00,4.1231127
2026-01-03 18:00:00,3.649237
2026-01-03 19:00:00,4.9437327
2026-01-03 20:00:00,4.4351096
2026-01-03 21:00:00,4.0307536
2026-01-03 22:00:00,4.638796
2026-01-03 23:00:00,5.5123987
2026-01-04 00:00:00,5.0782523
2026-01-04 01:00:00,4.530049
2026-01-04 02:00:00,4.0033655
2026-01-04 03:00:00,3.7899675
2026-01-04 04:00:00,4.201923
2026-01-04 05:00:00,4.502259
2026-01-04 06:00:00,3.8657475
2026-01-04 07:00:00,2.415078
2026-01-04 08:00:00,1.0887831
2026-01-04 09:00:00,0.9626469
2026-01-04 10:00:00,2.7568977
2026-01-04 11:00:00,3.4005141
2026-01-04 12:00:00,2.9105282
2026-01-04 13:00:00,2.408251
2026-01-04 14:00:00,2.160748
2026-01-04 15:00:00,2.246256
2026-01-04 16:00:00,2.3079216
2026-01-04 17:00:00,2.217761
2026-01-04 18:00:00,2.6712637
2026-01-04 19:00:00,4.223974
2026-01-04 20:00:00,4.4852276
2026-01-04 21:00:00,4.4231253
2026-01-04 22:00:00,4.319654
2026-01-04 23:00:00,4.247489
2026-01-05 00:00:00,4.145557
2026-01-05 01:00:00,3.848487
2026-01-05 02:00:00,3.614448
2026-01-05 03:00:00,3.2645893
2026-01-05 04:00:00,2.5720406
2026-01-05 05:00:00,2.0408034
2026-01-05 06:00:00,2.8329782
2026-01-05 07:00:00,4.785262
2026-01-05 08:00:00,5.3427057
2026-01-05 09:00:00,4.9448433
2026-01-05 10:00:00,3.9847379
2026-01-05 11:00:00,3.0643625
2026-01-05 12:00:00,2.5452964
2026-01-05 13:00:00,1.987928
2026-01-05 14:00:00,1.4982294
2026-01-05 15:00:00,1.4374201
2026-01-05 16:00:00,1.4482665
2026-01-05 17:00:00,1.5607375
2026-01-05 18:00:00,0.95137197
2026-01-05 19:00:00,0.83299255
2026-01-05 20:00:00,2.0483375
2026-01-05 21:00:00,2.6895285
2026-01-05 22:00:00,2.5314715
2026-01-05 23:00:00,3.0331905
2026-01-06 00:00:00,4.415511
2026-01-06 01:00:00,4.5295763
2026-01-06 02:00:00,4.882549
2026-01-06 03:00:00,5.2240367
2026-01-06 04:00:00,5.7608323
2026-01-06 05:00:00,6.3719087
2026-01-06 06:00:00,6.6786356
2026-01-06 07:00:00,5.189951
2026-01-06 08:00:00,5.670252
2026-01-06 09:00:00,5.7767706
2026-01-06 10:00:00,5.734516
2026-01-06 11:00:00,5.28626
2026-01-06 12:00:00,4.4307137
2026-01-06 13:00:00,4.162051
2026-01-06 14:00:00,4.495376
2026-01-06 15:00:00,4.954175
2026-01-06 16:00:00,4.84199
2026-01-06 17:00:00,4.0038724
2026-01-06 18:00:00,3.299748
2026-01-06 19:00:00,0.93003786
2026-01-06 20:00:00,0.3752078
2026-01-06 21:00:00,0.6750228
2026-01-06 22:00:00,1.434614
2026-01-06 23:00:00,2.189875
2026-01-07 00:00:00,3.0159318
2026-01-07 01:00:00,4.1940985
2026-01-07 02:00:00,6.4846587
2026-01-07 03:00:00,8.559516
2026-01-07 04:00:00,9.205191
2026-01-07 05:00:00,9.174188
2026-01-07 06:00:00,9.192794
2026-01-07 07:00:00,9.710351
2026-01-07 08:00:00,9.832025
2026-01-07 09:00:00,9.372039
2026-01-07 10:00:00,8.566954
2026-01-07 11:00:00,7.586291
2026-01-07 12:00:00,6.8963704
2026-01-07 13:00:00,6.1265883
2026-01-07 14:00:00,5.446553
2026-01-07 15:00:00,4.997963
2026-01-07 16:00:00,4.8605933
2026-01-07 17:00:00,4.7852263
2026-01-07 18:00:00,4.1775594
2026-01-07 19:00:00,4.4540615
2026-01-07 20:00:00,5.4033465
2026-01-07 21:00:00,6.6725264
2026-01-07 22:00:00,7.165429
2026-01-07 23:00:00,7.12312
2026-01-08 00:00:00,7.33798
2026-01-08 01:00:00,8.496596
2026-01-08 02:00:00,9.102753
2026-01-08 03:00:00,8.83468
2026-01-08 04:00:00,8.582703
2026-01-08 05:00:00,8.445867
2026-01-08 06:00:00,8.22226
2026-01-08 07:00:00,8.870205
2026-01-08 08:00:00,9.2682905
2026-01-08 09:00:00,9.014001
2026-01-08 10:00:00,8.541777
2026-01-08 11:00:00,8.12066
2026-01-08 12:00:00,7.4409018
2026-01-08 13:00:00,6.6491523
2026-01-08 14:00:00,5.958648
2026-01-08 15:00:00,5.573842
2026-01-08 16:00:00,5.1530075
2026-01-08 17:00:00,4.5945487
2026-01-08 18:00:00,4.2674837
2026-01-08 19:00:00,4.2514796
2026-01-08 20:00:00,5.4994617
2026-01-08 21:00:00,7.72566
2026-01-08 22:00:00,8.517104
2026-01-08 23:00:00,8.156913
2026-01-09 00:00:00,8.101575
2026-01-09 01:00:00,8.512684
2026-01-09 02:00:00,8.992395
2026-01-09 03:00:00,9.189273
2026-01-09 04:00:00,9.110545
2026-01-09 05:00:00,8.985734
2026-01-09 06:00:00,8.666421
2026-01-09 07:00:00,8.186938
2026-01-09 08:00:00,8.341927
2026-01-09 09:00:00,8.252321
2026-01-09 10:00:00,7.856089
2026-01-09 11:00:00,7.2511134
2026-01-09 12:00:00,6.474526
2026-01-09 13:00:00,5.941386
2026-01-09 14:00:00,5.6038733
2026-01-09 15:00:00,5.5092483
2026-01-09 16:00:00,5.542371
2026-01-09 17:00:00,5.599097
2026-01-09 18:00:00,5.35978
2026-01-09 19:00:00,5.7587323
2026-01-09 20:00:00,6.1796994
2026-01-09 21:00:00,6.4513216
2026-01-09 22:00:00,7.0593667
2026-01-09 23:00:00,7.3813815
2026-01-10 00:00:00,7.875966
2026-01-10 01:00:00,8.89859
2026-01-10 02:00:00,9.531535
2026-01-10 03:00:00,9.520338
2026-01-10 04:00:00,9.344882
2026-01-10 05:00:00,9.107119
2026-01-10 06:00:00,8.914591
2026-01-10 07:00:00,8.488816
2026-01-10 08:00:00,8.502376
2026-01-10 09:00:00,8.474904
2026-01-10 10:00:00,7.9052362
2026-01-10 11:00:00,7.244399
2026-01-10 12:00:00,6.506454
2026-01-10 13:00:00,6.1663823
2026-01-10 14:00:00,5.884283
2026-01-10 15:00:00,5.82215
2026-01-10 16:00:00,5.907105
2026-01-10 17:00:00,5.974773
2026-01-10 18:00:00,5.668031
2026-01-10 19:00:00,6.728252
2026-01-10 20:00:00,8.133186
2026-01-10 21:00:00,9.17325
2026-01-10 22:00:00,9.392873
2026-01-10 23:00:00,9.413395
2026-01-11 00:00:00,9.252705
2026-01-11 01:00:00,9.226135
2026-01-11 02:00:00,8.952145
2026-01-11 03:00:00,8.617229
2026-01-11 04:00:00,8.589936
2026-01-11 05:00:00,8.624268
2026-01-11 06:00:00,8.678868
2026-01-11 07:00:00,8.815929
2026-01-11 08:00:00,9.412212
2026-01-11 09:00:00,8.657692
2026-01-11 10:00:00,7.6997275
2026-01-11 11:00:00,7.158531
2026-01-11 12:00:00,6.7223115
2026-01-11 13:00:00,6.124442
2026-01-11 14:00:00,5.5896144
2026-01-11 15:00:00,5.4366145
2026-01-11 16:00:00,5.692076
2026-01-11 17:00:00,5.7112656
2026-01-11 18:00:00,5.280753
2026-01-11 19:00:00,5.9623623
2026-01-11 20:00:00,6.255082
2026-01-11 21:00:00,6.202
2026-01-11 22:00:00,6.4699235
2026-01-11 23:00:00,6.741841
2026-01-12 00:00:00,6.8117843
2026-01-12 01:00:00,7.480595
2026-01-12 02:00:00,8.602587
2026-01-12 03:00:00,9.071213
2026-01-12 04:00:00,8.933635
2026-01-12 05:00:00,8.835567
2026-01-12 06:00:00,8.803136
2026-01-12 07:00:00,8.420774
2026-01-12 08:00:00,8.823437
2026-01-12 09:00:00,8.110244
2026-01-12 10:00:00,7.429352
2026-01-12 11:00:00,6.9498773
2026-01-12 12:00:00,6.5038624
2026-01-12 13:00:00,5.9782596
2026-01-12 14:00:00,5.6374836
2026-01-12 15:00:00,5.720801
2026-01-12 16:00:00,5.8213773
2026-01-12 17:00:00,5.5444717
2026-01-12 18:00:00,4.4036
2026-01-12 19:00:00,5.7829046
2026-01-12 20:00:00,6.2595468
2026-01-12 21:00:00,7.244132
2026-01-12 22:00:00,7.612269
2026-01-12 23:00:00,7.54966
2026-01-13 00:00:00,8.390869
2026-01-13 01:00:00,9.313618
2026-01-13 02:00:00,9.356866
2026-01-13 03:00:00,9.111767
2026-01-13 04:00:00,8.799784
2026-01-13 05:00:00,8.492759
2026-01-13 06:00:00,8.304162
2026-01-13 07:00:00,8.696888
2026-01-13 08:00:00,8.679333
2026-01-13 09:00:00,8.445781
2026-01-13 10:00:00,8.051543
2026-01-13 11:00:00,7.7210608
2026-01-13 12:00:00,7.377557
2026-01-13 13:00:00,7.1167927
2026-01-13 14:00:00,6.946811
2026-01-13 15:00:00,6.815938
2026-01-13 16:00:00,6.9410043
2026-01-13 17:00:00,6.840362
2026-01-13 18:00:00,6.114214
2026-01-13 19:00:00,7.515136
2026-01-13 20:00:00,9.062237
2026-01-13 21:00:00,9.969507
2026-01-13 22:00:00,10.307251
2026-01-13 23:00:00,10.57097
2026-01-14 00:00:00,10.592647
2026-01-14 01:00:00,10.363778
2026-01-14 02:00:00,10.141055
2026-01-14 03:00:00,10.132422
2026-01-14 04:00:00,10.245079
2026-01-14 05:00:00,10.24093
2026-01-14 06:00:00,10.234783
2026-01-14 07:00:00,9.510253
2026-01-14 08:00:00,10.399809
2026-01-14 09:00:00,10.907671
2026-01-14 10:00:00,10.472866
2026-01-14 11:00:00,9.708885
2026-01-14 12:00:00,8.935423
2026-01-14 13:00:00,8.336831
2026-01-14 14:00:00,7.992953
2026-01-14 15:00:00,7.5594482
2026-01-14 16:00:00,7.2582555
2026-01-14 17:00:00,7.037182
2026-01-14 18:00:00,6.9556003
2026-01-14 19:00:00,8.588119
2026-01-14 20:00:00,9.71906
2026-01-14 21:00:00,9.793175
2026-01-14 22:00:00,9.266481
2026-01-14 23:00:00,9.108913
2026-01-15 00:00:00,9.14396
2026-01-15 01:00:00,9.212478
2026-01-15 02:00:00,9.37293
2026-01-15 03:00:00,9.248734
2026-01-15 04:00:00,8.958678
2026-01-15 05:00:00,8.806974
2026-01-15 06:00:00,8.888325
2026-01-15 07:00:00,9.481859
2026-01-15 08:00:00,9.853267
2026-01-15 09:00:00,9.850366
2026-01-15 10:00:00,9.4968605
2026-01-15 11:00:00,8.826654
2026-01-15 12:00:00,7.7653894
2026-01-15 13:00:00,6.784619
2026-01-15 14:00:00,6.059752
2026-01-15 15:00:00,5.757533
2026-01-15 16:00:00,5.6496115
2026-01-15 17:00:00,5.45601
2026-01-15 18:00:00,4.499107
2026-01-15 19:00:00,4.706499
2026-01-15 20:00:00,5.252393
2026-01-15 21:00:00,5.858437
2026-01-15 22:00:00,5.8945074
2026-01-15 23:00:00,6.306872
2026-01-16 00:00:00,6.9863644
2026-01-16 01:00:00,8.001238
2026-01-16 02:00:00,9.080606
2026-01-16 03:00:00,9.624547
2026-01-16 04:00:00,9.581047
2026-01-16 05:00:00,9.395474
2026-01-16 06:00:00,9.324936
2026-01-16 07:00:00,9.369519
2026-01-16 08:00:00,9.616392
2026-01-16 09:00:00,9.42571
2026-01-16 10:00:00,8.871074
2026-01-16 11:00:00,8.021176
2026-01-16 12:00:00,6.5754285
2026-01-16 13:00:00,5.267796
2026-01-16 14:00:00,4.683241
2026-01-16 15:00:00,4.6385045
2026-01-16 16:00:00,4.8079143
2026-01-16 17:00:00,4.8108473
2026-01-16 18:00:00,4.520758
2026-01-16 19:00:00,5.3289914
2026-01-16 20:00:00,6.223331
2026-01-16 21:00:00,7.188448
2026-01-16 22:00:00,8.295574
2026-01-16 23:00:00,9.198112
2026-01-17 00:00:00,9.52059
2026-01-17 01:00:00,9.591298
2026-01-17 02:00:00,9.629307
2026-01-17 03:00:00,9.375994
2026-01-17 04:00:00,9.016715
2026-01-17 05:00:00,8.850059
2026-01-17 06:00:00,8.718967
2026-01-17 07:00:00,8.722301
2026-01-17 08:00:00,8.828274
2026-01-17 09:00:00,8.764226
2026-01-17 10:00:00,7.915386
2026-01-17 11:00:00,6.6380157
2026-01-17 12:00:00,5.7417455
2026-01-17 13:00:00,4.995225
2026-01-17 14:00:00,4.5341177
2026-01-17 15:00:00,4.154833
2026-01-17 16:00:00,4.015783
2026-01-17 17:00:00,3.8576071
2026-01-17 18:00:00,3.8443525
2026-01-17 19:00:00,3.8170955
2026-01-17 20:00:00,4.391317
2026-01-17 21:00:00,5.169637
2026-01-17 22:00:00,5.721143
2026-01-17 23:00:00,6.049922
2026-01-18 00:00:00,6.593279
2026-01-18 01:00:00,6.9840975
2026-01-18 02:00:00,7.187116
2026-01-18 03:00:00,7.2653337
2026-01-18 04:00:00,7.266183
2026-01-18 05:00:00,7.169471
2026-01-18 06:00:00,6.7473726
2026-01-18 07:00:00,5.6947427
2026-01-18 08:00:00,5.397916
2026-01-18 09:00:00,4.850064
2026-01-18 10:00:00,4.4447465
2026-01-18 11:00:00,4.028753
2026-01-18 12:00:00,3.6524942
2026-01-18 13:00:00,3.4522855
2026-01-18 14:00:00,3.1479115
2026-01-18 15:00:00,2.7780988
2026-01-18 16:00:00,3.4005933
2026-01-18 17:00:00,2.8860438
2026-01-18 18:00:00,2.64007
2026-01-18 19:00:00,2.8581657
2026-01-18 20:00:00,2.617468
2026-01-18 21:00:00,2.0030344
2026-01-18 22:00:00,1.1523702
2026-01-18 23:00:00,1.2002937
2026-01-19 00:00:00,2.416151
2026-01-19 01:00:00,2.8234775
2026-01-19 02:00:00,2.988134
2026-01-19 03:00:00,3.1385155
2026-01-19 04:00:00,3.2628908
2026-01-19 05:00:00,3.7685022
2026-01-19 06:00:00,3.2789352
2026-01-19 07:00:00,2.5380704
2026-01-19 08:00:00,2.179444
2026-01-19 09:00:00,2.2845168
2026-01-19 10:00:00,2.417943
2026-01-19 11:00:00,3.1071625
2026-01-19 12:00:00,4.163659
2026-01-19 13:00:00,4.247998
2026-01-19 14:00:00,3.7272954
2026-01-19 15:00:00,3.5460448
2026-01-19 16:00:00,3.1500516
2026-01-19 17:00:00,2.869239
2026-01-19 18:00:00,2.0837257
2026-01-19 19:00:00,0.389339
2026-01-19 20:00:00,2.4765036
2026-01-19 21:00:00,4.2863746
2026-01-19 22:00:00,4.451454
2026-01-19 23:00:00,4.759225
2026-01-20 00:00:00,5.1033206
2026-01-20 01:00:00,5.4153943
2026-01-20 02:00:00,5.001833
2026-01-20 03:00:00,4.8606343
2026-01-20 04:00:00,5.242758
2026-01-20 05:00:00,5.3584447
2026-01-20 06:00:00,5.708334
2026-01-20 07:00:00,5.006011
2026-01-20 08:00:00,5.0540643
2026-01-20 09:00:00,5.1607885
2026-01-20 10:00:00,4.8311944
2026-01-20 11:00:00,4.359586
2026-01-20 12:00:00,3.754453
2026-01-20 13:00:00,3.2798066
2026-01-20 14:00:00,2.2964191
2026-01-20 15:00:00,1.8208908
2026-01-20 16:00:00,1.5989854
2026-01-20 17:00:00,1.604371
2026-01-20 18:00:00,2.5777674
2026-01-20 19:00:00,4.6648045
2026-01-20 20:00:00,5.0733147
2026-01-20 21:00:00,4.4553356
2026-01-20 22:00:00,3.8056693
2026-01-20 23:00:00,3.3921595
2026-01-21 00:00:00,3.2612855
2026-01-21 01:00:00,3.9865742
2026-01-21 02:00:00,4.494564
2026-01-21 03:00:00,4.908048
2026-01-21 04:00:00,5.292042
2026-01-21 05:00:00,4.8463807
2026-01-21 06:00:00,4.5204425
2026-01-21 07:00:00,3.6713235
2026-01-21 08:00:00,4.950821
2026-01-21 09:00:00,4.9990487
2026-01-21 10:00:00,4.6847186
2026-01-21 11:00:00,4.3388186
2026-01-21 12:00:00,3.9366503
2026-01-21 13:00:00,3.5152998
2026-01-21 14:00:00,3.3826084
2026-01-21 15:00:00,3.0009854
2026-01-21 16:00:00,2.7257266
2026-01-21 17:00:00,2.3434708
2026-01-21 18:00:00,2.469556
2026-01-21 19:00:00,5.092231
2026-01-21 20:00:00,5.066712
2026-01-21 21:00:00,4.143348
2026-01-21 22:00:00,3.2083626
2026-01-21 23:00:00,3.0972633
2026-01-22 00:00:00,3.7028406
2026-01-22 01:00:00,4.1396527
2026-01-22 02:00:00,4.80454
2026-01-22 03:00:00,5.9061813
2026-01-22 04:00:00,7.037897
2026-01-22 05:00:00,7.5990725
2026-01-22 06:00:00,7.7065835
2026-01-22 07:00:00,5.9639945
2026-01-22 08:00:00,6.7910666
2026-01-22 09:00:00,6.8200536
2026-01-22 10:00:00,6.54067
2026-01-22 11:00:00,5.7397017
2026-01-22 12:00:00,5.1051316
2026-01-22 13:00:00,4.528
2026-01-22 14:00:00,4.7278423
2026-01-22 15:00:00,4.892011
2026-01-22 16:00:00,5.0220413
2026-01-22 17:00:00,5.2142754
2026-01-22 18:00:00,5.5300417
2026-01-22 19:00:00,6.285239
2026-01-22 20:00:00,6.4744344
2026-01-22 21:00:00,6.471924
2026-01-22 22:00:00,6.6092553
2026-01-22 23:00:00,6.9823813
2026-01-23 00:00:00,7.1939216
2026-01-23 01:00:00,7.3701277
2026-01-23 02:00:00,8.577379
2026-01-23 03:00:00,9.776082
2026-01-23 04:00:00,9.507853
2026-01-23 05:00:00,9.057935
2026-01-23 06:00:00,8.8896
2026-01-23 07:00:00,8.792153
2026-01-23 08:00:00,9.204403
2026-01-23 09:00:00,8.794395
2026-01-23 10:00:00,8.394523
2026-01-23 11:00:00,8.17834
2026-01-23 12:00:00,7.593114
2026-01-23 13:00:00,6.830693
2026-01-23 14:00:00,6.168719
2026-01-23 15:00:00,5.636384
2026-01-23 16:00:00,5.452697
2026-01-23 17:00:00,5.169696
2026-01-23 18:00:00,4.9715223
2026-01-23 19:00:00,5.13326
2026-01-23 20:00:00,5.937071
2026-01-23 21:00:00,6.999139
2026-01-23 22:00:00,7.8579903
2026-01-23 23:00:00,8.062038
2026-01-24 00:00:00,8.260056
2026-01-24 01:00:00,8.636904
2026-01-24 02:00:00,8.837034
2026-01-24 03:00:00,9.102177
2026-01-24 04:00:00,9.280128
2026-01-24 05:00:00,9.2832575
2026-01-24 06:00:00,9.196907
2026-01-24 07:00:00,8.393205
2026-01-24 08:00:00,8.721625
2026-01-24 09:00:00,8.021359
2026-01-24 10:00:00,7.3325515
2026-01-24 11:00:00,6.731994
2026-01-24 12:00:00,6.3127594
2026-01-24 13:00:00,5.8107467
2026-01-24 14:00:00,5.415523
2026-01-24 15:00:00,5.0876255
2026-01-24 16:00:00,4.774552
2026-01-24 17:00:00,4.554074
2026-01-24 18:00:00,4.311206
2026-01-24 19:00:00,4.718948
2026-01-24 20:00:00,5.2381625
2026-01-24 21:00:00,6.070882
2026-01-24 22:00:00,7.2415147
2026-01-24 23:00:00,7.7815037
2026-01-25 00:00:00,8.325607
2026-01-25 01:00:00,9.29631
2026-01-25 02:00:00,9.754105
2026-01-25 03:00:00,9.669384
2026-01-25 04:00:00,9.664682
2026-01-25 05:00:00,9.707846
2026-01-25 06:00:00,9.606795
2026-01-25 07:00:00,9.589846
2026-01-25 08:00:00,9.770543
2026-01-25 09:00:00,9.333782
2026-01-25 10:00:00,8.945587
2026-01-25 11:00:00,8.177762
2026-01-25 12:00:00,7.477399
2026-01-25 13:00:00,7.017972
2026-01-25 14:00:00,6.7125306
2026-01-25 15:00:00,6.3436437
2026-01-25 16:00:00,6.1622977
2026-01-25 17:00:00,6.014208
2026-01-25 18:00:00,5.749525
2026-01-25 19:00:00,6.8906016
2026-01-25 20:00:00,7.3387256
2026-01-25 21:00:00,7.9760695
2026-01-25 22:00:00,8.585594
2026-01-25 23:00:00,8.763862
2026-01-26 00:00:00,8.777304
2026-01-26 01:00:00,9.014973
2026-01-26 02:00:00,9.301736
2026-01-26 03:00:00,9.382636
2026-01-26 04:00:00,9.364134
2026-01-26 05:00:00,9.221286
2026-01-26 06:00:00,9.242496
2026-01-26 07:00:00,8.989128
2026-01-26 08:00:00,9.572272
2026-01-26 09:00:00,9.620668
2026-01-26 10:00:00,9.216792
2026-01-26 11:00:00,8.333557
2026-01-26 12:00:00,7.0103564
2026-01-26 13:00:00,5.948782
2026-01-26 14:00:00,5.274021
2026-01-26 15:00:00,4.8832364
2026-01-26 16:00:00,4.6732674
2026-01-26 17:00:00,4.741226
2026-01-26 18:00:00,4.4296093
2026-01-26 19:00:00,6.516246
2026-01-26 20:00:00,7.6765814
2026-01-26 21:00:00,8.841556
2026-01-26 22:00:00,9.166446
2026-01-26 23:00:00,8.832161
2026-01-27 00:00:00,8.756865
2026-01-27 01:00:00,9.525712
2026-01-27 02:00:00,10.002491
2026-01-27 03:00:00,9.598302
2026-01-27 04:00:00,9.243053
2026-01-27 05:00:00,9.03373
2026-01-27 06:00:00,8.890499
2026-01-27 07:00:00,9.138191
2026-01-27 08:00:00,9.425297
2026-01-27 09:00:00,9.026602
2026-01-27 10:00:00,8.263702
2026-01-27 11:00:00,7.39895
2026-01-27 12:00:00,6.446306
2026-01-27 13:00:00,5.33919
2026-01-27 14:00:00,4.9412613
2026-01-27 15:00:00,4.9125476
2026-01-27 16:00:00,5.178638
2026-01-27 17:00:00,5.1583605
2026-01-27 18:00:00,4.8917994
2026-01-27 19:00:00,6.1459723
2026-01-27 20:00:00,6.7551003
2026-01-27 21:00:00,7.2026777
2026-01-27 22:00:00,7.1527934
2026-01-27 23:00:00,6.5147505
2026-01-28 00:00:00,6.0227075
2026-01-28 01:00:00,5.505309
2026-01-28 02:00:00,4.2909827
2026-01-28 03:00:00,3.2836704
2026-01-28 04:00:00,2.9869678
2026-01-28 05:00:00,3.8691196
2026-01-28 06:00:00,4.6020904
2026-01-28 07:00:00,4.3101783
2026-01-28 08:00:00,4.924491
2026-01-28 09:00:00,6.3131366
2026-01-28 10:00:00,5.957929
2026-01-28 11:00:00,5.727444
2026-01-28 12:00:00,5.2220383
2026-01-28 13:00:00,4.8716116
2026-01-28 14:00:00,4.5997233
2026-01-28 15:00:00,4.6073456
2026-01-28 16:00:00,4.3403783
2026-01-28 17:00:00,4.022016
2026-01-28 18:00:00,4.4033074
2026-01-28 19:00:00,4.9184914
2026-01-28 20:00:00,5.5962405
2026-01-28 21:00:00,5.3057475
2026-01-28 22:00:00,4.9106846
2026-01-28 23:00:00,4.922404
2026-01-29 00:00:00,5.1143627
2026-01-29 01:00:00,6.1692147
2026-01-29 02:00:00,6.9332643
2026-01-29 03:00:00,7.236712
2026-01-29 04:00:00,7.3225846
2026-01-29 05:00:00,7.396481
2026-01-29 06:00:00,7.310016
2026-01-29 07:00:00,6.559454
2026-01-29 08:00:00,7.0700035
2026-01-29 09:00:00,6.5475326
2026-01-29 10:00:00,6.312433
2026-01-29 11:00:00,5.9023104
2026-01-29 12:00:00,5.0562177
2026-01-29 13:00:00,4.8434067
2026-01-29 14:00:00,4.5601187
2026-01-29 15:00:00,4.5877132
2026-01-29 16:00:00,4.4266214
2026-01-29 17:00:00,3.9580808
2026-01-29 18:00:00,3.6856117
2026-01-29 19:00:00,3.4733622
2026-01-29 20:00:00,3.7513773
2026-01-29 21:00:00,4.4084306
2026-01-29 22:00:00,5.2618775
2026-01-29 23:00:00,5.617812
2026-01-30 00:00:00,5.7792616
2026-01-30 01:00:00,5.9666953
2026-01-30 02:00:00,6.283561
2026-01-30 03:00:00,6.2192426
2026-01-30 04:00:00,6.2698245
2026-01-30 05:00:00,6.4019394
2026-01-30 06:00:00,6.3178825
2026-01-30 07:00:00,5.7254434
2026-01-30 08:00:00,5.8132243
2026-01-30 09:00:00,6.6650004
2026-01-30 10:00:00,5.962235
2026-01-30 11:00:00,5.2355857
2026-01-30 12:00:00,4.5462747
2026-01-30 13:00:00,4.253022
2026-01-30 14:00:00,4.092234
2026-01-30 15:00:00,3.939849
2026-01-30 16:00:00,3.986389
2026-01-30 17:00:00,4.067204
2026-01-30 18:00:00,4.057936
2026-01-30 19:00:00,4.6711
2026-01-30 20:00:00,4.8515515
2026-01-30 21:00:00,5.0906816
2026-01-30 22:00:00,5.382039
2026-01-30 23:00:00,5.310689
2026-01-31 00:00:00,5.2236395
2026-01-31 01:00:00,4.859782
2026-01-31 02:00:00,4.342257
2026-01-31 03:00:00,4.016428
2026-01-31 04:00:00,3.9359422
2026-01-31 05:00:00,3.8510008
2026-01-31 06:00:00,3.9217007
2026-01-31 07:00:00,4.481745
2026-01-31 08:00:00,4.3112407
2026-01-31 09:00:00,5.6564126
2026-01-31 10:00:00,5.7135873
2026-01-31 11:00:00,5.1675286
2026-01-31 12:00:00,4.7094254
2026-01-31 13:00:00,4.46482
2026-01-31 14:00:00,4.480611
2026-01-31 15:00:00,4.305498
2026-01-31 16:00:00,4.093929
2026-01-31 17:00:00,3.7987225
2026-01-31 18:00:00,3.6842911
2026-01-31 19:00:00,3.270584
2026-01-31 20:00:00,3.1417968
2026-01-31 21:00:00,3.3375354
2026-01-31 22:00:00,4.1695333
2026-01-31 23:00:00,4.8114285
2026-02-01 00:00:00,4.387578
2026-02-01 01:00:00,4.502876
2026-02-01 02:00:00,4.3973775
2026-02-01 03:00:00,3.8649776
2026-02-01 04:00:00,3.159929
2026-02-01 05:00:00,3.391788
2026-02-01 06:00:00,4.0653167
2026-02-01 07:00:00,4.653803
2026-02-01 08:00:00,4.246045
2026-02-01 09:00:00,4.209901
2026-02-01 10:00:00,3.4841616
2026-02-01 11:00:00,2.4552324
2026-02-01 12:00:00,1.9338475
2026-02-01 13:00:00,1.8987547
2026-02-01 14:00:00,1.9712524
2026-02-01 15:00:00,1.9694326
2026-02-01 16:00:00,1.8708988
2026-02-01 17:00:00,1.817412
2026-02-01 18:00:00,1.5816246
2026-02-01 19:00:00,0.41568467
2026-02-01 20:00:00,1.0360628
2026-02-01 21:00:00,1.8704088
2026-02-01 22:00:00,2.0876253
2026-02-01 23:00:00,2.5042207
2026-02-02 00:00:00,2.6603448
2026-02-02 01:00:00,2.7545156
2026-02-02 02:00:00,2.8436728
2026-02-02 03:00:00,1.8103851
2026-02-02 04:00:00,1.8296474
2026-02-02 05:00:00,4.0694704
2026-02-02 06:00:00,5.6081653
2026-02-02 07:00:00,6.8412285
2026-02-02 08:00:00,7.0937552
2026-02-02 09:00:00,6.9866214
2026-02-02 10:00:00,6.1975803
2026-02-02 11:00:00,5.379433
2026-02-02 12:00:00,4.6862254
2026-02-02 13:00:00,4.0650735
2026-02-02 14:00:00,3.5990512
2026-02-02 15:00:00,3.143602
2026-02-02 16:00:00,3.06904
2026-02-02 17:00:00,3.3251786
2026-02-02 18:00:00,3.5789495
2026-02-02 19:00:00,3.0388567
2026-02-02 20:00:00,3.494486
2026-02-02 21:00:00,4.577765
2026-02-02 22:00:00,5.1662416
2026-02-02 23:00:00,5.0100956
2026-02-03 00:00:00,5.0376844
2026-02-03 01:00:00,5.3586283
2026-02-03 02:00:00,5.3588634
2026-02-03 03:00:00,5.0120564
2026-02-03 04:00:00,4.432244
2026-02-03 05:00:00,3.642512
2026-02-03 06:00:00,2.734118
2026-02-03 07:00:00,1.6479392
2026-02-03 08:00:00,1.5085849
2026-02-03 09:00:00,1.7491922
2026-02-03 10:00:00,1.9090481
2026-02-03 11:00:00,1.8544655
2026-02-03 12:00:00,2.3172715
2026-02-03 13:00:00,2.6548076
2026-02-03 14:00:00,2.7573485
2026-02-03 15:00:00,2.4652414
2026-02-03 16:00:00,2.4952772
2026-02-03 17:00:00,2.6080937
2026-02-03 18:00:00,2.3077753
2026-02-03 19:00:00,2.818236
2026-02-03 20:00:00,3.0897822
2026-02-03 21:00:00,3.2801878
2026-02-03 22:00:00,3.4272184
2026-02-03 23:00:00,3.6526442
2026-02-04 00:00:00,3.7812338
2026-02-04 01:00:00,3.85331
2026-02-04 02:00:00,3.9590256
2026-02-04 03:00:00,4.1447296
2026-02-04 04:00:00,3.9091742
2026-02-04 05:00:00,3.0627398
2026-02-04 06:00:00,1.2648352
2026-02-04 07:00:00,1.0473895
2026-02-04 08:00:00,0.9911247
2026-02-04 09:00:00,1.3908497
2026-02-04 10:00:00,1.8793128
2026-02-04 11:00:00,2.1139305
2026-02-04 12:00:00,2.0652487
2026-02-04 13:00:00,1.8202958
2026-02-04 14:00:00,1.486585
2026-02-04 15:00:00,1.3005402
2026-02-04 16:00:00,1.6526393
2026-02-04 17:00:00,1.5729648
2026-02-04 18:00:00,1.0105448
2026-02-04 19:00:00,3.0997477
2026-02-04 20:00:00,4.257602
2026-02-04 21:00:00,4.659276
2026-02-04 22:00:00,4.715423
2026-02-04 23:00:00,4.381494
2026-02-05 00:00:00,3.9048073
2026-02-05 01:00:00,3.614801
2026-02-05 02:00:00,3.420532
2026-02-05 03:00:00,2.9812186
2026-02-05 04:00:00,2.4063416
2026-02-05 05:00:00,1.9365271
2026-02-05 06:00:00,1.3544627
2026-02-05 07:00:00,0.34117725
2026-02-05 08:00:00,1.490416
2026-02-05 09:00:00,2.545801
2026-02-05 10:00:00,2.8178146
2026-02-05 11:00:00,3.03334
2026-02-05 12:00:00,2.671579
2026-02-05 13:00:00,2.1727633
2026-02-05 14:00:00,1.6419524
2026-02-05 15:00:00,1.7231343
2026-02-05 16:00:00,1.2759311
2026-02-05 17:00:00,1.3971925
2026-02-05 18:00:00,2.0589008
2026-02-05 19:00:00,3.027706
2026-02-05 20:00:00,4.4919586
2026-02-05 21:00:00,5.5200796
2026-02-05 22:00:00,5.103114
2026-02-05 23:00:00,3.5551498
2026-02-06 00:00:00,3.36997
2026-02-06 01:00:00,4.3454494
2026-02-06 02:00:00,4.857063
2026-02-06 03:00:00,4.831925
2026-02-06 04:00:00,3.9278433
2026-02-06 05:00:00,2.287643
2026-02-06 06:00:00,0.98313713
2026-02-06 07:00:00,1.6279907
2026-02-06 08:00:00,2.3206947
2026-02-06 09:00:00,2.7704198
2026-02-06 10:00:00,2.4965198
2026-02-06 11:00:00,2.4558904
2026-02-06 12:00:00,2.6048095
2026-02-06 13:00:00,2.284061
2026-02-06 14:00:00,2.0049503
2026-02-06 15:00:00,2.0127385
2026-02-06 16:00:00,2.0926995
2026-02-06 17:00:00,2.2597682
2026-02-06 18:00:00,2.4091954
2026-02-06 19:00:00,3.1423383
2026-02-06 20:00:00,2.9773326
2026-02-06 21:00:00,2.7324286
2026-02-06 22:00:00,2.3606215
2026-02-06 23:00:00,2.7606297
2026-02-07 00:00:00,4.1751156
2026-02-07 01:00:00,4.9555078
2026-02-07 02:00:00,5.045931
2026-02-07 03:00:00,4.792433
2026-02-07 04:00:00,4.4735947
2026-02-07 05:00:00,4.526751
2026-02-07 06:00:00,4.432596
2026-02-07 07:00:00,3.8372695
2026-02-07 08:00:00,3.7941346
2026-02-07 09:00:00,3.3327775
2026-02-07 10:00:00,3.0422976
2026-02-07 11:00:00,3.132063
2026-02-07 12:00:00,2.9219484
2026-02-07 13:00:00,2.9924767
2026-02-07 14:00:00,2.8809032
2026-02-07 15:00:00,3.252261
2026-02-07 16:00:00,2.0097232
2026-02-07 17:00:00,1.6481231
2026-02-07 18:00:00,1.8206413
2026-02-07 19:00:00,2.2384539
2026-02-07 20:00:00,2.7395806
2026-02-07 21:00:00,2.732507
2026-02-07 22:00:00,1.5250142
2026-02-07 23:00:00,2.5348558
2026-02-08 00:00:00,3.8891668
2026-02-08 01:00:00,4.024706
2026-02-08 02:00:00,3.5403311
2026-02-08 03:00:00,2.7194583
2026-02-08 04:00:00,2.506364
2026-02-08 05:00:00,1.8551365
2026-02-08 06:00:00,0.7252787
2026-02-08 07:00:00,3.6194215
2026-02-08 08:00:00,3.37037
2026-02-08 09:00:00,3.1597614
2026-02-08 10:00:00,2.3621984
2026-02-08 11:00:00,1.4050168
2026-02-08 12:00:00,0.9889799
2026-02-08 13:00:00,0.7692544
2026-02-08 14:00:00,0.71419585
2026-02-08 15:00:00,0.7676972
2026-02-08 16:00:00,0.7700596
2026-02-08 17:00:00,1.0905203
2026-02-08 18:00:00,1.7811338
2026-02-08 19:00:00,3.5513268
2026-02-08 20:00:00,5.9946904
2026-02-08 21:00:00,6.775023
2026-02-08 22:00:00,7.134194
2026-02-08 23:00:00,8.199205
2026-02-09 00:00:00,8.564285
2026-02-09 01:00:00,7.1916533
2026-02-09 02:00:00,5.6897945
2026-02-09 03:00:00,4.0513587
2026-02-09 04:00:00,3.3825984
2026-02-09 05:00:00,3.3340352
2026-02-09 06:00:00,3.131641
2026-02-09 07:00:00,2.5435946
2026-02-09 08:00:00,2.3090096
2026-02-09 09:00:00,2.8286705
2026-02-09 10:00:00,2.9369347
2026-02-09 11:00:00,2.8318706
2026-02-09 12:00:00,3.3919423
2026-02-09 13:00:00,4.2679687
2026-02-09 14:00:00,4.4805207
2026-02-09 15:00:00,4.5857406
2026-02-09 16:00:00,4.9431643
2026-02-09 17:00:00,5.0280595
2026-02-09 18:00:00,4.659176
2026-02-09 19:00:00,5.499589
2026-02-09 20:00:00,6.5030475
2026-02-09 21:00:00,7.2151213
2026-02-09 22:00:00,7.2675147
2026-02-09 23:00:00,7.2065434
2026-02-10 00:00:00,6.984432
2026-02-10 01:00:00,7.059813
2026-02-10 02:00:00,7.118546
2026-02-10 03:00:00,7.0852118
2026-02-10 04:00:00,6.987298
2026-02-10 05:00:00,6.9170356
2026-02-10 06:00:00,7.103879
2026-02-10 07:00:00,6.6786094
2026-02-10 08:00:00,6.5957875
2026-02-10 09:00:00,6.4554014
2026-02-10 10:00:00,6.319247
2026-02-10 11:00:00,6.3415947
2026-02-10 12:00:00,6.378014
2026-02-10 13:00:00,6.1501985
2026-02-10 14:00:00,5.870327
2026-02-10 15:00:00,5.8194437
2026-02-10 16:00:00,5.7224636
2026-02-10 17:00:00,5.2509465
2026-02-10 18:00:00,5.2144165
2026-02-10 19:00:00,5.7277493
2026-02-10 20:00:00,6.7654233
2026-02-10 21:00:00,7.756075
2026-02-10 22:00:00,7.947794
2026-02-10 23:00:00,8.025927
2026-02-11 00:00:00,8.059995
2026-02-11 01:00:00,8.672324
2026-02-11 02:00:00,9.193761
2026-02-11 03:00:00,9.264231
2026-02-11 04:00:00,8.617093
2026-02-11 05:00:00,7.704887
2026-02-11 06:00:00,6.8716164
2026-02-11 07:00:00,6.0897784
2026-02-11 08:00:00,6.6504364
2026-02-11 09:00:00,6.249416
2026-02-11 10:00:00,5.9236674
2026-02-11 11:00:00,5.607819
2026-02-11 12:00:00,5.103321
2026-02-11 13:00:00,4.7375646
2026-02-11 14:00:00,4.4791617
2026-02-11 15:00:00,4.247853
2026-02-11 16:00:00,4.3033457
2026-02-11 17:00:00,4.235487
2026-02-11 18:00:00,4.1297283
2026-02-11 19:00:00,4.695994
2026-02-11 20:00:00,4.839633
2026-02-11 21:00:00,6.319638
2026-02-11 22:00:00,8.505041
2026-02-11 23:00:00,9.0365925
2026-02-12 00:00:00,8.413188
2026-02-12 01:00:00,7.899056
2026-02-12 02:00:00,7.791463
2026-02-12 03:00:00,7.7206407
2026-02-12 04:00:00,7.8517127
2026-02-12 05:00:00,8.160336
2026-02-12 06:00:00,8.199658
2026-02-12 07:00:00,7.4432936
2026-02-12 08:00:00,8.010255
2026-02-12 09:00:00,8.383177
2026-02-12 10:00:00,8.202591
2026-02-12 11:00:00,7.8693013
2026-02-12 12:00:00,7.569506
2026-02-12 13:00:00,6.921379
2026-02-12 14:00:00,7.004747
2026-02-12 15:00:00,7.2382097
2026-02-12 16:00:00,6.919088
2026-02-12 17:00:00,6.3088255
2026-02-12 18:00:00,5.6529393
2026-02-12 19:00:00,5.6008162
2026-02-12 20:00:00,6.0398746
2026-02-12 21:00:00,6.682256
2026-02-12 22:00:00,7.134387
2026-02-12 23:00:00,7.511857
2026-02-13 00:00:00,7.8358803
2026-02-13 01:00:00,7.942862
2026-02-13 02:00:00,7.838715
2026-02-13 03:00:00,7.9436646
2026-02-13 04:00:00,7.73241
2026-02-13 05:00:00,7.4493785
2026-02-13 06:00:00,7.446206
2026-02-13 07:00:00,7.1264825
2026-02-13 08:00:00,7.2400885
2026-02-13 09:00:00,7.727024
2026-02-13 10:00:00,7.40095
2026-02-13 11:00:00,6.4037247
2026-02-13 12:00:00,6.0561705
2026-02-13 13:00:00,6.0349994
2026-02-13 14:00:00,5.995063
2026-02-13 15:00:00,5.860515
2026-02-13 16:00:00,5.746115
2026-02-13 17:00:00,5.5630436
2026-02-13 18:00:00,5.30216
2026-02-13 19:00:00,5.28739
2026-02-13 20:00:00,6.062317
2026-02-13 21:00:00,6.407183
2026-02-13 22:00:00,6.4120345
2026-02-13 23:00:00,6.3930106
2026-02-14 00:00:00,6.662862
2026-02-14 01:00:00,7.4115553
2026-02-14 02:00:00,8.510712
2026-02-14 03:00:00,8.519553
2026-02-14 04:00:00,7.8761573
2026-02-14 05:00:00,7.4162884
2026-02-14 06:00:00,7.2809634
2026-02-14 07:00:00,6.653015
2026-02-14 08:00:00,6.117879
2026-02-14 09:00:00,5.987112
2026-02-14 10:00:00,5.833525
2026-02-14 11:00:00,5.075353
2026-02-14 12:00:00,4.463845
2026-02-14 13:00:00,3.461988
2026-02-14 14:00:00,3.0762172
2026-02-14 15:00:00,3.2353387
2026-02-14 16:00:00,3.439449
2026-02-14 17:00:00,3.3710113
2026-02-14 18:00:00,2.9358408
2026-02-14 19:00:00,2.7579215
2026-02-14 20:00:00,2.104959
2026-02-14 21:00:00,1.906011
2026-02-14 22:00:00,1.668849
2026-02-14 23:00:00,2.9821804
2026-02-15 00:00:00,4.1015596
2026-02-15 01:00:00,5.229015
2026-02-15 02:00:00,6.097424
2026-02-15 03:00:00,6.471179
2026-02-15 04:00:00,6.770245
2026-02-15 05:00:00,6.879741
2026-02-15 06:00:00,7.0169306
2026-02-15 07:00:00,6.49763
2026-02-15 08:00:00,7.486348
2026-02-15 09:00:00,7.79847
2026-02-15 10:00:00,6.9450655
2026-02-15 11:00:00,6.3998575
2026-02-15 12:00:00,6.0676064
2026-02-15 13:00:00,5.7882934
2026-02-15 14:00:00,5.565742
2026-02-15 15:00:00,5.3200517
2026-02-15 16:00:00,5.149004
2026-02-15 17:00:00,4.750886
2026-02-15 18:00:00,4.703288
2026-02-15 19:00:00,5.7916336
2026-02-15 20:00:00,6.53978
2026-02-15 21:00:00,6.6827817
2026-02-15 22:00:00,6.433938
2026-02-15 23:00:00,6.2353168
2026-02-16 00:00:00,6.422067
2026-02-16 01:00:00,6.870496
2026-02-16 02:00:00,7.38645
2026-02-16 03:00:00,7.7965584
2026-02-16 04:00:00,7.8483067
2026-02-16 05:00:00,7.6026287
2026-02-16 06:00:00,7.442827
2026-02-16 07:00:00,6.6381044
2026-02-16 08:00:00,7.240924
2026-02-16 09:00:00,7.1822367
2026-02-16 10:00:00,7.2155104
2026-02-16 11:00:00,7.1748195
2026-02-16 12:00:00,7.2164054
2026-02-16 13:00:00,6.6736875
2026-02-16 14:00:00,6.0581126
2026-02-16 15:00:00,5.6654844
2026-02-16 16:00:00,5.6118655
2026-02-16 17:00:00,5.35013
2026-02-16 18:00:00,5.707446
2026-02-16 19:00:00,6.4115148
2026-02-16 20:00:00,6.674706
2026-02-16 21:00:00,6.476945
2026-02-16 22:00:00,5.855539
2026-02-16 23:00:00,5.353462
2026-02-17 00:00:00,5.397462
2026-02-17 01:00:00,6.0303783
2026-02-17 02:00:00,6.765778
2026-02-17 03:00:00,7.352894
2026-02-17 04:00:00,7.7626877
2026-02-17 05:00:00,7.966021
2026-02-17 06:00:00,8.033755
2026-02-17 07:00:00,8.258648
2026-02-17 08:00:00,8.554511
2026-02-17 09:00:00,7.987854
2026-02-17 10:00:00,7.282511
2026-02-17 11:00:00,6.648251
2026-02-17 12:00:00,5.9822702
2026-02-17 13:00:00,5.127629
2026-02-17 14:00:00,4.522415
2026-02-17 15:00:00,4.196617
2026-02-17 16:00:00,4.301006
2026-02-17 17:00:00,4.334724
2026-02-17 18:00:00,3.8404377
2026-02-17 19:00:00,4.724637
2026-02-17 20:00:00,5.029436
2026-02-17 21:00:00,4.878022
2026-02-17 22:00:00,5.0065613
2026-02-17 23:00:00,6.61859
2026-02-18 00:00:00,7.65022
2026-02-18 01:00:00,8.309889
2026-02-18 02:00:00,8.9783945
2026-02-18 03:00:00,8.532015
2026-02-18 04:00:00,7.7313166
2026-02-18 05:00:00,7.0744214
2026-02-18 06:00:00,6.565276
2026-02-18 07:00:00,5.791275
2026-02-18 08:00:00,5.61365
2026-02-18 09:00:00,5.017749
2026-02-18 10:00:00,4.7940035
2026-02-18 11:00:00,3.997061
2026-02-18 12:00:00,3.1727889
2026-02-18 13:00:00,2.8343272
2026-02-18 14:00:00,2.4099133
2026-02-18 15:00:00,1.8713877
2026-02-18 16:00:00,4.8976216
2026-02-18 17:00:00,3.7365239
2026-02-18 18:00:00,3.0000896
2026-02-18 19:00:00,3.1115398
2026-02-18 20:00:00,3.3648643
2026-02-18 21:00:00,3.6419137
2026-02-18 22:00:00,4.4957256
2026-02-18 23:00:00,4.4945564
2026-02-19 00:00:00,3.8527458
2026-02-19 01:00:00,3.540555
2026-02-19 02:00:00,3.2123394
2026-02-19 03:00:00,3.0427687
2026-02-19 04:00:00,2.671273
2026-02-19 05:00:00,2.7213936
2026-02-19 06:00:00,2.0816467
2026-02-19 07:00:00,2.481918
2026-02-19 08:00:00,1.1686202
2026-02-19 09:00:00,1.8619869
2026-02-19 10:00:00,1.5484611
2026-02-19 11:00:00,2.153047
2026-02-19 12:00:00,2.837084
2026-02-19 13:00:00,2.45333
2026-02-19 14:00:00,2.5140078
2026-02-19 15:00:00,2.3208811
2026-02-19 16:00:00,2.3774316
2026-02-19 17:00:00,2.9595656
2026-02-19 18:00:00,3.7994473
2026-02-19 19:00:00,4.783771
2026-02-19 20:00:00,5.4425745
2026-02-19 21:00:00,5.7334957
2026-02-19 22:00:00,5.6129827
2026-02-19 23:00:00,5.2584767
2026-02-20 00:00:00,5.3137527
2026-02-20 01:00:00,4.9013567
2026-02-20 02:00:00,5.243121
2026-02-20 03:00:00,4.7050357
2026-02-20 04:00:00,4.1121736
2026-02-20 05:00:00,4.198839
2026-02-20 06:00:00,4.095627
2026-02-20 07:00:00,4.2851562
2026-02-20 08:00:00,2.888387
2026-02-20 09:00:00,1.6895475
2026-02-20 10:00:00,1.3748541
2026-02-20 11:00:00,0.8905915
2026-02-20 12:00:00,0.37865114
2026-02-20 13:00:00,0.16182064
2026-02-20 14:00:00,0.2595472
2026-02-20 15:00:00,0.07291369
2026-02-20 16:00:00,0.3338955
2026-02-20 17:00:00,0.5384738
2026-02-20 18:00:00,1.6271547
2026-02-20 19:00:00,2.4728436
2026-02-20 20:00:00,3.1236336
2026-02-20 21:00:00,3.919794
2026-02-20 22:00:00,4.293233
2026-02-20 23:00:00,4.8626018
2026-02-21 00:00:00,4.4059978
2026-02-21 01:00:00,3.6500618
2026-02-21 02:00:00,3.8429961
2026-02-21 03:00:00,3.6061249
2026-02-21 04:00:00,3.670146
2026-02-21 05:00:00,3.99382
2026-02-21 06:00:00,4.8111854
2026-02-21 07:00:00,4.7890463
2026-02-21 08:00:00,4.6223335
2026-02-21 09:00:00,4.621967
2026-02-21 10:00:00,3.8930864
2026-02-21 11:00:00,3.2871153
2026-02-21 12:00:00,2.4988916
2026-02-21 13:00:00,2.1976979
2026-02-21 14:00:00,1.8280219
2026-02-21 15:00:00,1.7384531
2026-02-21 16:00:00,2.1537666
2026-02-21 17:00:00,2.5410492
2026-02-21 18:00:00,2.9318137
2026-02-21 19:00:00,2.6607168
2026-02-21 20:00:00,3.0756726
2026-02-21 21:00:00,3.1049669
2026-02-21 22:00:00,3.5327098
2026-02-21 23:00:00,4.032697
2026-02-22 00:00:00,4.453203
2026-02-22 01:00:00,4.9523034
2026-02-22 02:00:00,5.3280406
2026-02-22 03:00:00,5.9330096
2026-02-22 04:00:00,6.1421003
2026-02-22 05:00:00,6.5095615
2026-02-22 06:00:00,6.1447015
2026-02-22 07:00:00,5.627734
2026-02-22 08:00:00,4.765318
2026-02-22 09:00:00,4.2458663
2026-02-22 10:00:00,3.7641633
2026-02-22 11:00:00,3.2153778
2026-02-22 12:00:00,3.1137486
2026-02-22 13:00:00,2.8439078
2026-02-22 14:00:00,2.6891615
2026-02-22 15:00:00,2.4405315
2026-02-22 16:00:00,2.454147
2026-02-22 17:00:00,2.232589
2026-02-22 18:00:00,4.3150086
2026-02-22 19:00:00,3.5470397
2026-02-22 20:00:00,3.6648698
2026-02-22 21:00:00,4.649884
2026-02-22 22:00:00,4.871768
2026-02-22 23:00:00,4.205298
2026-02-23 00:00:00,3.938905
2026-02-23 01:00:00,4.031693
2026-02-23 02:00:00,3.7847364
2026-02-23 03:00:00,3.1595712
2026-02-23 04:00:00,2.995341
2026-02-23 05:00:00,3.445173
2026-02-23 06:00:00,3.8328102
2026-02-23 07:00:00,4.7631583
2026-02-23 08:00:00,3.9005198
2026-02-23 09:00:00,3.2386599
2026-02-23 10:00:00,2.5278232
2026-02-23 11:00:00,2.1741612
2026-02-23 12:00:00,1.9230993
2026-02-23 13:00:00,1.5676574
2026-02-23 14:00:00,1.9790775
2026-02-23 15:00:00,2.1453485
2026-02-23 16:00:00,1.9348049
2026-02-23 17:00:00,2.1607962
2026-02-23 18:00:00,2.2015755
2026-02-23 19:00:00,2.1461418
2026-02-23 20:00:00,2.3817225
2026-02-23 21:00:00,2.5650094
2026-02-23 22:00:00,2.6148124
2026-02-23 23:00:00,3.7015
2026-02-24 00:00:00,5.1521816
2026-02-24 01:00:00,3.971027
2026-02-24 02:00:00,2.5982232
2026-02-24 03:00:00,2.0418081
2026-02-24 04:00:00,2.1259906
2026-02-24 05:00:00,3.0600348
2026-02-24 06:00:00,3.302412
2026-02-24 07:00:00,1.80794
2026-02-24 08:00:00,1.2402531
2026-02-24 09:00:00,1.6125152
2026-02-24 10:00:00,1.8943486
2026-02-24 11:00:00,2.2231758
2026-02-24 12:00:00,2.6632752
2026-02-24 13:00:00,2.921985
2026-02-24 14:00:00,3.2556818
2026-02-24 15:00:00,3.5878937
2026-02-24 16:00:00,3.311187
2026-02-24 17:00:00,3.5201662
2026-02-24 18:00:00,2.9219475
2026-02-24 19:00:00,3.5566554
2026-02-24 20:00:00,5.0183406
2026-02-24 21:00:00,4.517971
2026-02-24 22:00:00,4.273932
2026-02-24 23:00:00,3.753987
2026-02-25 00:00:00,3.3256726
2026-02-25 01:00:00,2.7355285
2026-02-25 02:00:00,1.9278185
2026-02-25 03:00:00,1.100462
2026-02-25 04:00:00,0.48599193
2026-02-25 05:00:00,1.8570063
2026-02-25 06:00:00,2.6979687
2026-02-25 07:00:00,1.6385577
2026-02-25 08:00:00,0.40704793
2026-02-25 09:00:00,0.9220096
2026-02-25 10:00:00,1.3433058
2026-02-25 11:00:00,1.7358851
2026-02-25 12:00:00,1.9615479
2026-02-25 13:00:00,1.7490009
2026-02-25 14:00:00,2.177239
2026-02-25 15:00:00,2.086499
2026-02-25 16:00:00,1.672729
2026-02-25 17:00:00,1.4279412
2026-02-25 18:00:00,1.0706153
2026-02-25 19:00:00,1.1031562
2026-02-25 20:00:00,1.5174464
2026-02-25 21:00:00,1.387892
2026-02-25 22:00:00,1.9406502
2026-02-25 23:00:00,2.7701023
2026-02-26 00:00:00,3.0049162
2026-02-26 01:00:00,3.0519986
2026-02-26 02:00:00,2.9282694
2026-02-26 03:00:00,3.0293078
2026-02-26 04:00:00,2.5293596
2026-02-26 05:00:00,2.4202638
2026-02-26 06:00:00,2.5695927
2026-02-26 07:00:00,2.536549
2026-02-26 08:00:00,1.6748562
2026-02-26 09:00:00,1.6273654
2026-02-26 10:00:00,1.943938
2026-02-26 11:00:00,1.8074362
2026-02-26 12:00:00,2.1446466
2026-02-26 13:00:00,2.6369066
2026-02-26 14:00:00,2.3957987
2026-02-26 15:00:00,3.909629
2026-02-26 16:00:00,3.2457595
2026-02-26 17:00:00,3.3273778
2026-02-26 18:00:00,3.9409769
2026-02-26 19:00:00,4.310231
2026-02-26 20:00:00,4.9647965
2026-02-26 21:00:00,5.9138465
2026-02-26 22:00:00,6.530167
2026-02-26 23:00:00,6.8351245
2026-02-27 00:00:00,6.4257812
2026-02-27 01:00:00,5.6176634
2026-02-27 02:00:00,5.2715707
2026-02-27 03:00:00,4.455181
2026-02-27 04:00:00,4.09107
2026-02-27 05:00:00,3.7505932
2026-02-27 06:00:00,4.335336
2026-02-27 07:00:00,4.1206512
2026-02-27 08:00:00,2.9358149
2026-02-27 09:00:00,3.320609
2026-02-27 10:00:00,3.9538944
2026-02-27 11:00:00,5.007813
2026-02-27 12:00:00,4.8507066
2026-02-27 13:00:00,5.0119247
2026-02-27 14:00:00,5.2176375
2026-02-27 15:00:00,5.0684934
2026-02-27 16:00:00,4.259972
2026-02-27 17:00:00,4.1720877
2026-02-27 18:00:00,4.0265965
2026-02-27 19:00:00,2.595286
2026-02-27 20:00:00,3.167555
2026-02-27 21:00:00,3.3918447
2026-02-27 22:00:00,2.6193936
2026-02-27 23:00:00,3.222514
2026-02-28 00:00:00,3.7694366
2026-02-28 01:00:00,3.9072447
2026-02-28 02:00:00,3.8041453
2026-02-28 03:00:00,3.880095
2026-02-28 04:00:00,3.746852
2026-02-28 05:00:00,3.5622241
2026-02-28 06:00:00,3.3792746
2026-02-28 07:00:00,2.7307599
2026-02-28 08:00:00,3.1629035
2026-02-28 09:00:00,3.3692696
2026-02-28 10:00:00,3.902785
2026-02-28 11:00:00,4.70941
2026-02-28 12:00:00,5.6843653
2026-02-28 13:00:00,5.696739
2026-02-28 14:00:00,5.4175673
2026-02-28 15:00:00,5.2493353
2026-02-28 16:00:00,5.127409
2026-02-28 17:00:00,4.367159
2026-02-28 18:00:00,4.620262
2026-02-28 19:00:00,4.138715
2026-02-28 20:00:00,3.9095058
2026-02-28 21:00:00,4.1271057
2026-02-28 22:00:00,5.0875463
2026-02-28 23:00:00,5.8269815
2026-03-01 00:00:00,5.2743897
2026-03-01 01:00:00,5.3355727
2026-03-01 02:00:00,5.304432
2026-03-01 03:00:00,4.979676
2026-03-01 04:00:00,4.9729767
2026-03-01 05:00:00,5.281877
2026-03-01 06:00:00,5.5530105
2026-03-01 07:00:00,6.6537876
2026-03-01 08:00:00,6.789201
2026-03-01 09:00:00,7.0470557
2026-03-01 10:00:00,6.8144526
2026-03-01 11:00:00,6.965162
2026-03-01 12:00:00,6.2798653
2026-03-01 13:00:00,5.653006
2026-03-01 14:00:00,5.225309
2026-03-01 15:00:00,5.1227083
2026-03-01 16:00:00,5.3490877
2026-03-01 17:00:00,5.455997
2026-03-01 18:00:00,4.3421493
2026-03-01 19:00:00,2.3739462
2026-03-01 20:00:00,3.1998062
2026-03-01 21:00:00,4.1493483
2026-03-01 22:00:00,3.8851662
2026-03-01 23:00:00,4.13295
2026-03-02 00:00:00,4.631195
2026-03-02 01:00:00,4.745195
2026-03-02 02:00:00,4.7675476
2026-03-02 03:00:00,4.6676364
2026-03-02 04:00:00,4.8505435
2026-03-02 05:00:00,4.7035427
2026-03-02 06:00:00,4.119547
2026-03-02 07:00:00,4.8655205
2026-03-02 08:00:00,4.118696
2026-03-02 09:00:00,2.8864625
2026-03-02 10:00:00,2.545123
2026-03-02 11:00:00,2.082597
2026-03-02 12:00:00,2.9512312
2026-03-02 13:00:00,3.1071405
2026-03-02 14:00:00,2.952018
2026-03-02 15:00:00,2.3869839
2026-03-02 16:00:00,2.2390757
2026-03-02 17:00:00,3.0879097
2026-03-02 18:00:00,3.4983466
2026-03-02 19:00:00,3.1851633
2026-03-02 20:00:00,2.5542967
2026-03-02 21:00:00,2.7927155
2026-03-02 22:00:00,2.322462
2026-03-02 23:00:00,2.0649295
2026-03-03 00:00:00,1.4406189
2026-03-03 01:00:00,1.3850039
2026-03-03 02:00:00,1.5936024
2026-03-03 03:00:00,1.7783167
2026-03-03 04:00:00,1.7885808
2026-03-03 05:00:00,1.7663474
2026-03-03 06:00:00,2.2944007
2026-03-03 07:00:00,2.0056858
2026-03-03 08:00:00,2.3706145
2026-03-03 09:00:00,3.3122783
2026-03-03 10:00:00,3.5947526
2026-03-03 11:00:00,3.2265494
2026-03-03 12:00:00,3.0138958
2026-03-03 13:00:00,2.849442
2026-03-03 14:00:00,2.9533784
2026-03-03 15:00:00,2.3448524
2026-03-03 16:00:00,2.5942702
2026-03-03 17:00:00,2.3693242
2026-03-03 18:00:00,2.810202
2026-03-03 19:00:00,2.8845017
2026-03-03 20:00:00,2.9171038
2026-03-03 21:00:00,2.8523355
2026-03-03 22:00:00,4.837704
2026-03-03 23:00:00,4.5742607
2026-03-04 00:00:00,4.367058
2026-03-04 01:00:00,4.2224054
2026-03-04 02:00:00,3.379524
2026-03-04 03:00:00,2.958152
2026-03-04 04:00:00,3.414094
2026-03-04 05:00:00,3.8573155
2026-03-04 06:00:00,3.4376118
2026-03-04 07:00:00,2.511015
2026-03-04 08:00:00,2.3455994
2026-03-04 09:00:00,3.4692419
2026-03-04 10:00:00,3.5284312
2026-03-04 11:00:00,2.8063076
2026-03-04 12:00:00,3.4029746
2026-03-04 13:00:00,4.057135
2026-03-04 14:00:00,4.3088074
2026-03-04 15:00:00,3.1403568
2026-03-04 16:00:00,3.337586
2026-03-04 17:00:00,3.234427
2026-03-04 18:00:00,2.7317045
2026-03-04 19:00:00,3.6628132
2026-03-04 20:00:00,4.929719
2026-03-04 21:00:00,4.980216
2026-03-04 22:00:00,4.3702836
2026-03-04 23:00:00,4.1205025
2026-03-05 00:00:00,3.7073298
2026-03-05 01:00:00,3.6799557
2026-03-05 02:00:00,3.9617178
2026-03-05 03:00:00,4.0384974
2026-03-05 04:00:00,4.276342
2026-03-05 05:00:00,4.2051225
2026-03-05 06:00:00,4.265497
2026-03-05 07:00:00,3.979873
2026-03-05 08:00:00,3.2349708
2026-03-05 09:00:00,3.5456429
2026-03-05 10:00:00,3.8257797
2026-03-05 11:00:00,3.4215999
2026-03-05 12:00:00,2.9864986
2026-03-05 13:00:00,3.2224724
2026-03-05 14:00:00,3.0171797
2026-03-05 15:00:00,2.3550842
2026-03-05 16:00:00,1.8686804
2026-03-05 17:00:00,1.224373
2026-03-05 18:00:00,1.8832397
2026-03-05 19:00:00,1.9457728
2026-03-05 20:00:00,2.804917
2026-03-05 21:00:00,3.5763164
2026-03-05 22:00:00,3.5237305
2026-03-05 23:00:00,3.778177
2026-03-06 00:00:00,4.337048
2026-03-06 01:00:00,5.1757536
2026-03-06 02:00:00,5.8336124
2026-03-06 03:00:00,6.049677
2026-03-06 04:00:00,6.458471
2026-03-06 05:00:00,7.1024027
2026-03-06 06:00:00,7.547381
2026-03-06 07:00:00,7.3110986
2026-03-06 08:00:00,6.6903
2026-03-06 09:00:00,7.4370008
2026-03-06 10:00:00,7.425634
2026-03-06 11:00:00,6.899959
2026-03-06 12:00:00,6.4339
2026-03-06 13:00:00,5.7423987
2026-03-06 14:00:00,5.116288
2026-03-06 15:00:00,4.7310677
2026-03-06 16:00:00,4.780505
2026-03-06 17:00:00,4.1177883
2026-03-06 18:00:00,4.5909905
2026-03-06 19:00:00,4.7623224
2026-03-06 20:00:00,5.742122
2026-03-06 21:00:00,6.3167143
2026-03-06 22:00:00,6.1613193
2026-03-06 23:00:00,5.8595796
2026-03-07 00:00:00,5.7403216
2026-03-07 01:00:00,5.8465405
2026-03-07 02:00:00,6.192731
2026-03-07 03:00:00,6.5474386
2026-03-07 04:00:00,6.928037
2026-03-07 05:00:00,7.4129333
2026-03-07 06:00:00,7.7961593
2026-03-07 07:00:00,7.8177733
2026-03-07 08:00:00,7.640922
2026-03-07 09:00:00,7.465269
2026-03-07 10:00:00,7.05413
2026-03-07 11:00:00,6.8915534
2026-03-07 12:00:00,6.612062
2026-03-07 13:00:00,6.276679
2026-03-07 14:00:00,5.8556786
2026-03-07 15:00:00,5.4823675
2026-03-07 16:00:00,5.3975897
2026-03-07 17:00:00,5.1991887
2026-03-07 18:00:00,5.4999967
2026-03-07 19:00:00,5.8471932
2026-03-07 20:00:00,6.3476233
2026-03-07 21:00:00,7.190206
2026-03-07 22:00:00,7.9110675
2026-03-07 23:00:00,7.995078
2026-03-08 00:00:00,7.882866
2026-03-08 01:00:00,7.7159066
2026-03-08 02:00:00,7.6146274
2026-03-08 03:00:00,7.6773405
2026-03-08 04:00:00,7.689787
2026-03-08 05:00:00,7.4659634
2026-03-08 06:00:00,7.19325
2026-03-08 07:00:00,7.021057
2026-03-08 08:00:00,6.8709693
2026-03-08 09:00:00,6.684349
2026-03-08 10:00:00,6.3648515
2026-03-08 11:00:00,5.808796
2026-03-08 12:00:00,5.1559343
2026-03-08 13:00:00,4.3374557
2026-03-08 14:00:00,4.010684
2026-03-08 15:00:00,3.7136052
2026-03-08 16:00:00,3.8830466
2026-03-08 17:00:00,3.9519262
2026-03-08 18:00:00,4.2323556
2026-03-08 19:00:00,4.845254
2026-03-08 20:00:00,4.7472878
2026-03-08 21:00:00,4.7225356
2026-03-08 22:00:00,4.761001
2026-03-08 23:00:00,4.8386164
2026-03-09 00:00:00,4.4363213
2026-03-09 01:00:00,3.9810717
2026-03-09 02:00:00,4.2303658
2026-03-09 03:00:00,4.713263
2026-03-09 04:00:00,4.938093
2026-03-09 05:00:00,5.2647023
2026-03-09 06:00:00,5.383209
2026-03-09 07:00:00,5.1357207
2026-03-09 08:00:00,4.7602763
2026-03-09 09:00:00,5.564545
2026-03-09 10:00:00,5.982123
2026-03-09 11:00:00,5.424691
2026-03-09 12:00:00,4.8785157
2026-03-09 13:00:00,4.4081388
2026-03-09 14:00:00,4.0436077
2026-03-09 15:00:00,3.8537252
2026-03-09 16:00:00,3.9148
2026-03-09 17:00:00,3.610526
2026-03-09 18:00:00,4.2246075
2026-03-09 19:00:00,5.335126
2026-03-09 20:00:00,6.1718016
2026-03-09 21:00:00,6.2465944
2026-03-09 22:00:00,6.3545523
2026-03-09 23:00:00,6.012788
2026-03-10 00:00:00,5.5503635
2026-03-10 01:00:00,5.3916955
2026-03-10 02:00:00,5.2816477
2026-03-10 03:00:00,5.1116323
2026-03-10 04:00:00,5.554527
2026-03-10 05:00:00,6.197282
2026-03-10 06:00:00,6.2440486
2026-03-10 07:00:00,5.4977183
2026-03-10 08:00:00,6.101051
2026-03-10 09:00:00,6.3388443
2026-03-10 10:00:00,5.391143
2026-03-10 11:00:00,5.006049
2026-03-10 12:00:00,5.043493
2026-03-10 13:00:00,5.011947
2026-03-10 14:00:00,4.759046
2026-03-10 15:00:00,4.940622
2026-03-10 16:00:00,4.7687726
2026-03-10 17:00:00,4.392871
2026-03-10 18:00:00,3.8794823
2026-03-10 19:00:00,3.426837
2026-03-10 20:00:00,3.1385648
2026-03-10 21:00:00,2.9459584
2026-03-10 22:00:00,3.3341424
2026-03-10 23:00:00,3.6934438
2026-03-11 00:00:00,4.0798593
2026-03-11 01:00:00,4.535076
2026-03-11 02:00:00,5.1256466
2026-03-11 03:00:00,6.065515
2026-03-11 04:00:00,7.0395956
2026-03-11 05:00:00,7.6020036
2026-03-11 06:00:00,7.45358
2026-03-11 07:00:00,6.8536882
2026-03-11 08:00:00,6.638371
2026-03-11 09:00:00,6.482353
2026-03-11 10:00:00,6.7215104
2026-03-11 11:00:00,6.622709
2026-03-11 12:00:00,6.3657856
2026-03-11 13:00:00,5.8793077
2026-03-11 14:00:00,5.4419565
2026-03-11 15:00:00,5.2753105
2026-03-11 16:00:00,5.170824
2026-03-11 17:00:00,4.7394853
2026-03-11 18:00:00,4.8031917
2026-03-11 19:00:00,5.409453
2026-03-11 20:00:00,5.906051
2026-03-11 21:00:00,6.401134
2026-03-11 22:00:00,6.697943
2026-03-11 23:00:00,6.7084494
2026-03-12 00:00:00,6.437138
2026-03-12 01:00:00,6.3518305
2026-03-12 02:00:00,6.372146
2026-03-12 03:00:00,6.4722733
2026-03-12 04:00:00,6.6538615
2026-03-12 05:00:00,7.083057
2026-03-12 06:00:00,7.328924
2026-03-12 07:00:00,7.383351
2026-03-12 08:00:00,7.282031
2026-03-12 09:00:00,7.113175
2026-03-12 10:00:00,6.8176546
2026-03-12 11:00:00,6.308977
2026-03-12 12:00:00,5.2170296
2026-03-12 13:00:00,3.8766599
2026-03-12 14:00:00,3.3040643
2026-03-12 15:00:00,3.0235128
2026-03-12 16:00:00,3.0991173
2026-03-12 17:00:00,3.2578423
2026-03-12 18:00:00,3.9613533
2026-03-12 19:00:00,4.197916
2026-03-12 20:00:00,4.877198
2026-03-12 21:00:00,5.388142
2026-03-12 22:00:00,5.5117846
2026-03-12 23:00:00,5.397913
2026-03-13 00:00:00,5.1936545
2026-03-13 01:00:00,4.519516
2026-03-13 02:00:00,3.8141646
2026-03-13 03:00:00,3.294037
2026-03-13 04:00:00,3.3211741
2026-03-13 05:00:00,4.0339537
2026-03-13 06:00:00,4.9663315
2026-03-13 07:00:00,5.162077
2026-03-13 08:00:00,4.8148723
2026-03-13 09:00:00,4.7801027
2026-03-13 10:00:00,4.1453257
2026-03-13 11:00:00,3.4490564
2026-03-13 12:00:00,2.5096722
2026-03-13 13:00:00,2.053629
2026-03-13 14:00:00,1.8537107
2026-03-13 15:00:00,1.7826217
2026-03-13 16:00:00,1.7935464
2026-03-13 17:00:00,2.095879
2026-03-13 18:00:00,2.7132645
2026-03-13 19:00:00,3.2354846
2026-03-13 20:00:00,3.8307824
2026-03-13 21:00:00,4.097441
2026-03-13 22:00:00,4.519176
2026-03-13 23:00:00,4.71796
2026-03-14 00:00:00,4.720641
2026-03-14 01:00:00,4.573688
2026-03-14 02:00:00,4.261926
2026-03-14 03:00:00,4.0875306
2026-03-14 04:00:00,3.9952245
2026-03-14 05:00:00,3.9426854
2026-03-14 06:00:00,3.777871
2026-03-14 07:00:00,2.6804621
2026-03-14 08:00:00,1.4183552
2026-03-14 09:00:00,1.3612375
2026-03-14 10:00:00,1.7752289
2026-03-14 11:00:00,2.1133168
2026-03-14 12:00:00,1.7750754
2026-03-14 13:00:00,1.428868
2026-03-14 14:00:00,1.3145418
2026-03-14 15:00:00,1.2931824
2026-03-14 16:00:00,1.6619571
2026-03-14 17:00:00,2.1774395
2026-03-14 18:00:00,3.1575806
2026-03-14 19:00:00,3.471684
2026-03-14 20:00:00,4.5060296
2026-03-14 21:00:00,4.55569
2026-03-14 22:00:00,4.035419
2026-03-14 23:00:00,4.0442696
2026-03-15 00:00:00,4.1316853
2026-03-15 01:00:00,3.9924235
2026-03-15 02:00:00,4.0244823
2026-03-15 03:00:00,4.3101196
2026-03-15 04:00:00,4.23982
2026-03-15 05:00:00,4.4412327
2026-03-15 06:00:00,4.906446
2026-03-15 07:00:00,4.013914
2026-03-15 08:00:00,3.7614071
2026-03-15 09:00:00,3.6543002
2026-03-15 10:00:00,2.934438
2026-03-15 11:00:00,2.3823252
2026-03-15 12:00:00,2.3718872
2026-03-15 13:00:00,2.2733793
2026-03-15 14:00:00,2.087951
2026-03-15 15:00:00,2.3072054
2026-03-15 16:00:00,2.0908313
2026-03-15 17:00:00,2.4616327
2026-03-15 18:00:00,2.3621624
2026-03-15 19:00:00,2.7147927
2026-03-15 20:00:00,3.5764008
2026-03-15 21:00:00,4.237887
2026-03-15 22:00:00,4.935056
2026-03-15 23:00:00,5.220528
2026-03-16 00:00:00,5.314961
2026-03-16 01:00:00,4.8885217
2026-03-16 02:00:00,3.854202
2026-03-16 03:00:00,2.4152367
2026-03-16 04:00:00,1.5461503
2026-03-16 05:00:00,2.4834538
2026-03-16 06:00:00,2.4248798
2026-03-16 07:00:00,2.2111192
2026-03-16 08:00:00,2.391961
2026-03-16 09:00:00,2.5738792
2026-03-16 10:00:00,2.8162587
2026-03-16 11:00:00,2.3857186
2026-03-16 12:00:00,1.8036451
2026-03-16 13:00:00,1.8516061
2026-03-16 14:00:00,1.814854
2026-03-16 15:00:00,2.1097429
2026-03-16 16:00:00,2.018864
2026-03-16 17:00:00,2.2013967
2026-03-16 18:00:00,2.3656023
2026-03-16 19:00:00,3.0826137
2026-03-16 20:00:00,4.0947146
2026-03-16 21:00:00,5.0032034
2026-03-16 22:00:00,5.289325
2026-03-16 23:00:00,5.116707
2026-03-17 00:00:00,4.508954
2026-03-17 01:00:00,3.638954
2026-03-17 02:00:00,2.8058057
2026-03-17 03:00:00,2.1338675
2026-03-17 04:00:00,2.560511
2026-03-17 05:00:00,4.0046387
2026-03-17 06:00:00,5.520036
2026-03-17 07:00:00,5.9064093
2026-03-17 08:00:00,5.6980696
2026-03-17 09:00:00,5.5421286
2026-03-17 10:00:00,5.3382025
2026-03-17 11:00:00,5.1285634
2026-03-17 12:00:00,4.655025
2026-03-17 13:00:00,4.0701823
2026-03-17 14:00:00,3.660807
2026-03-17 15:00:00,3.5341713
2026-03-17 16:00:00,3.6228623
2026-03-17 17:00:00,3.327285
2026-03-17 18:00:00,2.8152168
2026-03-17 19:00:00,3.9263833
2026-03-17 20:00:00,5.180609
2026-03-17 21:00:00,6.5071955
2026-03-17 22:00:00,6.0552745
2026-03-17 23:00:00,5.2278147
2026-03-18 00:00:00,4.6305017
2026-03-18 01:00:00,4.0425725
2026-03-18 02:00:00,3.221004
2026-03-18 03:00:00,2.836021
2026-03-18 04:00:00,3.032489
2026-03-18 05:00:00,3.7471094
2026-03-18 06:00:00,4.6044703
2026-03-18 07:00:00,5.511215
2026-03-18 08:00:00,5.173558
2026-03-18 09:00:00,6.369911
2026-03-18 10:00:00,6.752929
2026-03-18 11:00:00,6.4449954
2026-03-18 12:00:00,5.9179254
2026-03-18 13:00:00,5.39288
2026-03-18 14:00:00,5.0119452
2026-03-18 15:00:00,4.980744
2026-03-18 16:00:00,5.099703
2026-03-18 17:00:00,4.27043
2026-03-18 18:00:00,4.4288154
2026-03-18 19:00:00,6.0967865
2026-03-18 20:00:00,4.7920556
2026-03-18 21:00:00,5.196088
2026-03-18 22:00:00,4.9321756
2026-03-18 23:00:00,4.487531
2026-03-19 00:00:00,3.6366625
2026-03-19 01:00:00,3.309741
2026-03-19 02:00:00,3.2078984
2026-03-19 03:00:00,3.0700788
2026-03-19 04:00:00,3.118224
2026-03-19 05:00:00,3.6739547
2026-03-19 06:00:00,3.8195722
2026-03-19 07:00:00,3.1843796
2026-03-19 08:00:00,2.3808877
2026-03-19 09:00:00,2.6061316
2026-03-19 10:00:00,3.1968486
2026-03-19 11:00:00,3.0417218
2026-03-19 12:00:00,2.6331704
2026-03-19 13:00:00,2.669952
2026-03-19 14:00:00,2.8434386
2026-03-19 15:00:00,4.004154
2026-03-19 16:00:00,2.504243
2026-03-19 17:00:00,2.5775676
2026-03-19 18:00:00,3.652766
2026-03-19 19:00:00,2.9178362
2026-03-19 20:00:00,3.67059
2026-03-19 21:00:00,4.317397
2026-03-19 22:00:00,4.563695
2026-03-19 23:00:00,4.6566067
2026-03-20 00:00:00,4.127362
2026-03-20 01:00:00,3.3407147
2026-03-20 02:00:00,2.801553
2026-03-20 03:00:00,2.1130335
2026-03-20 04:00:00,1.5344709
2026-03-20 05:00:00,1.5578
2026-03-20 06:00:00,2.2433598
2026-03-20 07:00:00,3.581143
2026-03-20 08:00:00,3.6569934
2026-03-20 09:00:00,5.3726306
2026-03-20 10:00:00,5.924428
2026-03-20 11:00:00,5.1981573
2026-03-20 12:00:00,4.630983
2026-03-20 13:00:00,4.258722
2026-03-20 14:00:00,3.8197029
2026-03-20 15:00:00,3.3789365
2026-03-20 16:00:00,3.0800412
2026-03-20 17:00:00,3.4265592
2026-03-20 18:00:00,4.367677
2026-03-20 19:00:00,5.0451117
2026-03-20 20:00:00,4.953939
2026-03-20 21:00:00,5.040516
2026-03-20 22:00:00,5.221455
2026-03-20 23:00:00,5.259618
2026-03-21 00:00:00,4.88424
2026-03-21 01:00:00,4.2755146
2026-03-21 02:00:00,3.7986047
2026-03-21 03:00:00,3.430331
2026-03-21 04:00:00,3.2160335
2026-03-21 05:00:00,3.229191
2026-03-21 06:00:00,3.472801
2026-03-21 07:00:00,3.301724
2026-03-21 08:00:00,2.5480738
2026-03-21 09:00:00,2.1967962
2026-03-21 10:00:00,2.299424
2026-03-21 11:00:00,2.2746327
2026-03-21 12:00:00,2.1787312
2026-03-21 13:00:00,1.8717468
2026-03-21 14:00:00,1.7422256
2026-03-21 15:00:00,1.7324761
2026-03-21 16:00:00,1.6468613
2026-03-21 17:00:00,1.9013845
2026-03-21 18:00:00,1.5714809
2026-03-21 19:00:00,1.6440395
2026-03-21 20:00:00,2.9616075
2026-03-21 21:00:00,4.18912
2026-03-21 22:00:00,4.199449
2026-03-21 23:00:00,4.0612683
2026-03-22 00:00:00,4.161374
2026-03-22 01:00:00,3.7262602
2026-03-22 02:00:00,3.2278154
2026-03-22 03:00:00,3.136051
2026-03-22 04:00:00,2.9289849
2026-03-22 05:00:00,2.4450939
2026-03-22 06:00:00,1.9922825
2026-03-22 07:00:00,1.2336223
2026-03-22 08:00:00,0.64925027
2026-03-22 09:00:00,0.8349433
2026-03-22 10:00:00,1.8447422
2026-03-22 11:00:00,2.4511478
2026-03-22 12:00:00,2.3543715
2026-03-22 13:00:00,2.1526725
2026-03-22 14:00:00,2.0341935
2026-03-22 15:00:00,2.0700676
2026-03-22 16:00:00,2.274342
2026-03-22 17:00:00,2.5690527
2026-03-22 18:00:00,2.9651358
2026-03-22 19:00:00,3.5069368
2026-03-22 20:00:00,3.555878
2026-03-22 21:00:00,3.335618
2026-03-22 22:00:00,4.1111045
2026-03-22 23:00:00,4.903525
2026-03-23 00:00:00,5.53117
2026-03-23 01:00:00,5.574385
2026-03-23 02:00:00,4.9497614
2026-03-23 03:00:00,4.807199
2026-03-23 04:00:00,4.1668153
2026-03-23 05:00:00,3.2415876
2026-03-23 06:00:00,4.0391097
2026-03-23 07:00:00,4.7394357
2026-03-23 08:00:00,3.8266234
2026-03-23 09:00:00,4.1795273
2026-03-23 10:00:00,3.9743752
2026-03-23 11:00:00,3.9423676
2026-03-23 12:00:00,3.7026575
2026-03-23 13:00:00,3.3258853
2026-03-23 14:00:00,3.280113
2026-03-23 15:00:00,3.4638715
2026-03-23 16:00:00,3.6521664
2026-03-23 17:00:00,4.4379444
2026-03-23 18:00:00,4.37137
2026-03-23 19:00:00,3.55187
2026-03-23 20:00:00,4.19087
2026-03-23 21:00:00,5.0891576
2026-03-23 22:00:00,4.275577
2026-03-23 23:00:00,3.6686764
2026-03-24 00:00:00,3.6231453
2026-03-24 01:00:00,3.5123358
2026-03-24 02:00:00,3.5526316
2026-03-24 03:00:00,3.6032288
2026-03-24 04:00:00,4.077102
2026-03-24 05:00:00,4.8463774
2026-03-24 06:00:00,4.9000335
2026-03-24 07:00:00,4.7110906
2026-03-24 08:00:00,4.726246
2026-03-24 09:00:00,4.6676726
2026-03-24 10:00:00,4.9909024
2026-03-24 11:00:00,4.6296706
2026-03-24 12:00:00,4.1298285
2026-03-24 13:00:00,4.868511
2026-03-24 14:00:00,3.8818948
2026-03-24 15:00:00,4.305631
2026-03-24 16:00:00,3.4857376
2026-03-24 17:00:00,2.754043
2026-03-24 18:00:00,3.225851
2026-03-24 19:00:00,4.8437037
2026-03-24 20:00:00,4.134217
2026-03-24 21:00:00,3.5088084
2026-03-24 22:00:00,3.3815763
2026-03-24 23:00:00,2.2266178
2026-03-25 00:00:00,2.009511
2026-03-25 01:00:00,1.1037506
2026-03-25 02:00:00,0.10387629
2026-03-25 03:00:00,1.139113
2026-03-25 04:00:00,2.7270606
2026-03-25 05:00:00,3.1937943
2026-03-25 06:00:00,3.4006195
2026-03-25 07:00:00,2.1694906
2026-03-25 08:00:00,2.6419356
2026-03-25 09:00:00,3.8134594
2026-03-25 10:00:00,4.371624
2026-03-25 11:00:00,4.747095
2026-03-25 12:00:00,4.8756332
2026-03-25 13:00:00,4.852084
2026-03-25 14:00:00,4.5397706
2026-03-25 15:00:00,4.3402452
2026-03-25 16:00:00,4.1420903
2026-03-25 17:00:00,3.8764114
2026-03-25 18:00:00,3.8284976
2026-03-25 19:00:00,3.7283454
2026-03-25 20:00:00,3.016712
2026-03-25 21:00:00,2.4902565
2026-03-25 22:00:00,3.0145092
2026-03-25 23:00:00,3.6777925
2026-03-26 00:00:00,4.4322405
2026-03-26 01:00:00,5.534647
2026-03-26 02:00:00,6.2344904
2026-03-26 03:00:00,6.719113
2026-03-26 04:00:00,6.847596
2026-03-26 05:00:00,6.6864357
2026-03-26 06:00:00,6.7036295
2026-03-26 07:00:00,6.3198643
2026-03-26 08:00:00,7.515848
2026-03-26 09:00:00,7.9793715
2026-03-26 10:00:00,7.87623
2026-03-26 11:00:00,7.1970463
2026-03-26 12:00:00,6.394109
2026-03-26 13:00:00,5.7791414
2026-03-26 14:00:00,5.3986554
2026-03-26 15:00:00,5.606258
2026-03-26 16:00:00,5.6745324
2026-03-26 17:00:00,5.4687047
2026-03-26 18:00:00,5.9808764
2026-03-26 19:00:00,7.4530535
2026-03-26 20:00:00,7.8565063
2026-03-26 21:00:00,8.433715
2026-03-26 22:00:00,8.902883
2026-03-26 23:00:00,8.809753
2026-03-27 00:00:00,8.437813
2026-03-27 01:00:00,8.467149
2026-03-27 02:00:00,8.6180525
2026-03-27 03:00:00,8.627371
2026-03-27 04:00:00,8.46335
2026-03-27 05:00:00,8.171783
2026-03-27 06:00:00,7.7920938
2026-03-27 07:00:00,6.8721437
2026-03-27 08:00:00,8.221307
2026-03-27 09:00:00,9.494828
2026-03-27 10:00:00,9.423682
2026-03-27 11:00:00,8.795189
2026-03-27 12:00:00,8.16304
2026-03-27 13:00:00,7.586137
2026-03-27 14:00:00,7.2210126
2026-03-27 15:00:00,6.9249296
2026-03-27 16:00:00,6.7415433
2026-03-27 17:00:00,6.1749506
2026-03-27 18:00:00,6.198425
2026-03-27 19:00:00,6.1530924
2026-03-27 20:00:00,6.6877437
2026-03-27 21:00:00,7.1749063
2026-03-27 22:00:00,7.2857413
2026-03-27 23:00:00,7.4470267
2026-03-28 00:00:00,7.5636387
2026-03-28 01:00:00,7.5777364
2026-03-28 02:00:00,7.606389
2026-03-28 03:00:00,7.7245064
2026-03-28 04:00:00,7.7210355
2026-03-28 05:00:00,7.6433296
2026-03-28 06:00:00,7.511086
2026-03-28 07:00:00,7.2498584
2026-03-28 08:00:00,9.445952
2026-03-28 09:00:00,10.086784
2026-03-28 10:00:00,9.763044
2026-03-28 11:00:00,9.181482
2026-03-28 12:00:00,8.578981
2026-03-28 13:00:00,7.7740355
2026-03-28 14:00:00,6.940998
2026-03-28 15:00:00,6.187372
2026-03-28 16:00:00,5.6405325
2026-03-28 17:00:00,4.9568033
2026-03-28 18:00:00,4.9044323
2026-03-28 19:00:00,5.475681
2026-03-28 20:00:00,6.248456
2026-03-28 21:00:00,7.0688987
2026-03-28 22:00:00,7.6366863
2026-03-28 23:00:00,7.5838118
2026-03-29 00:00:00,7.1702523
2026-03-29 01:00:00,6.907675
2026-03-29 02:00:00,6.8944774
2026-03-29 03:00:00,6.7578893
2026-03-29 04:00:00,6.934181
2026-03-29 05:00:00,7.0578628
2026-03-29 06:00:00,7.198282
2026-03-29 07:00:00,6.554829
2026-03-29 08:00:00,6.950157
2026-03-29 09:00:00,7.3854175
2026-03-29 10:00:00,7.747861
2026-03-29 11:00:00,7.327111
2026-03-29 12:00:00,6.7830377
2026-03-29 13:00:00,6.1750927
2026-03-29 14:00:00,5.8366814
2026-03-29 15:00:00,5.184506
2026-03-29 16:00:00,4.776405
2026-03-29 17:00:00,4.253827
2026-03-29 18:00:00,3.9894922
2026-03-29 19:00:00,4.1801133
2026-03-29 20:00:00,5.4705853
2026-03-29 21:00:00,6.681248
2026-03-29 22:00:00,7.6423926
2026-03-29 23:00:00,7.768343
2026-03-30 00:00:00,7.633428
2026-03-30 01:00:00,7.2049303
2026-03-30 02:00:00,6.734885
2026-03-30 03:00:00,6.628263
2026-03-30 04:00:00,6.733308
2026-03-30 05:00:00,6.807985
2026-03-30 06:00:00,6.9469895
2026-03-30 07:00:00,6.3207436
2026-03-30 08:00:00,7.450346
2026-03-30 09:00:00,7.4232802
2026-03-30 10:00:00,7.653627
2026-03-30 11:00:00,7.008989
2026-03-30 12:00:00,6.4641275
2026-03-30 13:00:00,5.773408
2026-03-30 14:00:00,5.001355
2026-03-30 15:00:00,4.560749
2026-03-30 16:00:00,4.4270267
2026-03-30 17:00:00,4.2592926
2026-03-30 18:00:00,4.9410596
2026-03-30 19:00:00,6.7501516
2026-03-30 20:00:00,7.344814
2026-03-30 21:00:00,5.83144
2026-03-30 22:00:00,5.302817
2026-03-30 23:00:00,5.3941207
2026-03-31 00:00:00,5.523067
2026-03-31 01:00:00,6.06148
2026-03-31 02:00:00,5.726604
2026-03-31 03:00:00,4.924738
2026-03-31 04:00:00,4.8229914
2026-03-31 05:00:00,4.6260595
2026-03-31 06:00:00,4.696094
2026-03-31 07:00:00,3.3169303
2026-03-31 08:00:00,4.211306
2026-03-31 09:00:00,4.831168
2026-03-31 10:00:00,5.522169
2026-03-31 11:00:00,5.463769
2026-03-31 12:00:00,5.355924
2026-03-31 13:00:00,5.2085657
2026-03-31 14:00:00,4.7490673
2026-03-31 15:00:00,4.309837
2026-03-31 16:00:00,3.9023535
2026-03-31 17:00:00,3.690787
2026-03-31 18:00:00,4.7219796
2026-03-31 19:00:00,4.127473
2026-03-31 20:00:00,4.6251345
2026-03-31 21:00:00,4.8123274
2026-03-31 22:00:00,4.864834
2026-03-31 23:00:00,5.0120983
2026-04-01 00:00:00,5.141063
2026-04-01 01:00:00,5.662429
2026-04-01 02:00:00,5.75704
2026-04-01 03:00:00,5.795585
2026-04-01 04:00:00,5.9595666
2026-04-01 05:00:00,6.04926
2026-04-01 06:00:00,5.9322147
2026-04-01 07:00:00,4.919615
2026-04-01 08:00:00,5.316443
2026-04-01 09:00:00,6.507695
2026-04-01 10:00:00,7.212207
2026-04-01 11:00:00,7.3479776
2026-04-01 12:00:00,6.8220544
2026-04-01 13:00:00,6.0871105
2026-04-01 14:00:00,5.671144
2026-04-01 15:00:00,6.3029494
2026-04-01 16:00:00,6.676566
2026-04-01 17:00:00,5.6478357
2026-04-01 18:00:00,6.6815104
2026-04-01 19:00:00,6.0933366
2026-04-01 20:00:00,6.2848363
2026-04-01 21:00:00,6.236125
2026-04-01 22:00:00,6.805829
2026-04-01 23:00:00,7.3622613
2026-04-02 00:00:00,7.236476
2026-04-02 01:00:00,7.0070596
2026-04-02 02:00:00,7.0801554
2026-04-02 03:00:00,7.2377224
2026-04-02 04:00:00,7.649444
2026-04-02 05:00:00,7.929693
2026-04-02 06:00:00,7.7974973
2026-04-02 07:00:00,7.8658547
2026-04-02 08:00:00,7.972869
2026-04-02 09:00:00,8.407195
2026-04-02 10:00:00,9.094961
2026-04-02 11:00:00,8.274617
2026-04-02 12:00:00,7.0329127
2026-04-02 13:00:00,5.85805
2026-04-02 14:00:00,5.138674
2026-04-02 15:00:00,4.611913
2026-04-02 16:00:00,4.367676
2026-04-02 17:00:00,4.205715
2026-04-02 18:00:00,4.0815444
2026-04-02 19:00:00,4.70778
2026-04-02 20:00:00,4.020647
2026-04-02 21:00:00,3.2871935
2026-04-02 22:00:00,4.372528
2026-04-02 23:00:00,4.5489182
2026-04-03 00:00:00,4.996784
2026-04-03 01:00:00,5.315709
2026-04-03 02:00:00,5.2784724
2026-04-03 03:00:00,5.299559
2026-04-03 04:00:00,5.052728
2026-04-03 05:00:00,4.7059197
2026-04-03 06:00:00,4.8912673
2026-04-03 07:00:00,3.7819192
2026-04-03 08:00:00,4.3304353
2026-04-03 09:00:00,4.615612
2026-04-03 10:00:00,4.880869
2026-04-03 11:00:00,4.9757204
2026-04-03 12:00:00,4.7958817
2026-04-03 13:00:00,4.5722256
2026-04-03 14:00:00,4.676987
2026-04-03 15:00:00,4.7754135
2026-04-03 16:00:00,4.818539
2026-04-03 17:00:00,4.594624
2026-04-03 18:00:00,4.3693547
2026-04-03 19:00:00,5.0430126
2026-04-03 20:00:00,5.728498
2026-04-03 21:00:00,6.737762
2026-04-03 22:00:00,7.425022
2026-04-03 23:00:00,7.624898
2026-04-04 00:00:00,7.661528
2026-04-04 01:00:00,7.853197
2026-04-04 02:00:00,7.917936
2026-04-04 03:00:00,7.831204
2026-04-04 04:00:00,7.6297035
2026-04-04 05:00:00,7.503578
2026-04-04 06:00:00,7.4312816
2026-04-04 07:00:00,7.58216
2026-04-04 08:00:00,8.394761
2026-04-04 09:00:00,8.098921
2026-04-04 10:00:00,7.701511
2026-04-04 11:00:00,7.4010553
2026-04-04 12:00:00,6.9799066
2026-04-04 13:00:00,6.3797107
2026-04-04 14:00:00,5.799946
2026-04-04 15:00:00,5.5034366
2026-04-04 16:00:00,5.214035
2026-04-04 17:00:00,4.62619
2026-04-04 18:00:00,5.0412936
2026-04-04 19:00:00,6.6704426
2026-04-04 20:00:00,6.8829813
2026-04-04 21:00:00,6.521238
2026-04-04 22:00:00,6.0837383
2026-04-04 23:00:00,5.88888
2026-04-05 00:00:00,5.791757
2026-04-05 01:00:00,5.9340806
2026-04-05 02:00:00,6.3578606
2026-04-05 03:00:00,6.753092
2026-04-05 04:00:00,7.0545964
2026-04-05 05:00:00,7.068762
2026-04-05 06:00:00,7.0205755
2026-04-05 07:00:00,6.5956535
2026-04-05 08:00:00,7.6865954
2026-04-05 09:00:00,7.8334503
2026-04-05 10:00:00,7.355158
2026-04-05 11:00:00,6.568336
2026-04-05 12:00:00,5.9911847
2026-04-05 13:00:00,5.6196795
2026-04-05 14:00:00,5.359559
2026-04-05 15:00:00,5.253547
2026-04-05 16:00:00,5.1076694
2026-04-05 17:00:00,4.9905543
2026-04-05 18:00:00,5.219738
2026-04-05 19:00:00,5.922086
2026-04-05 20:00:00,5.892492
2026-04-05 21:00:00,5.5210786
2026-04-05 22:00:00,5.7272897
2026-04-05 23:00:00,6.182977
2026-04-06 00:00:00,6.810315
2026-04-06 01:00:00,7.5096717
2026-04-06 02:00:00,8.002135
2026-04-06 03:00:00,7.935404
2026-04-06 04:00:00,7.559919
2026-04-06 05:00:00,7.0894766
2026-04-06 06:00:00,6.7055035
2026-04-06 07:00:00,6.303806
2026-04-06 08:00:00,7.0834937
2026-04-06 09:00:00,7.0908895
2026-04-06 10:00:00,6.8816485
2026-04-06 11:00:00,6.4474244
2026-04-06 12:00:00,6.27755
2026-04-06 13:00:00,5.970574
2026-04-06 14:00:00,5.561972
2026-04-06 15:00:00,5.007724
2026-04-06 16:00:00,4.7157907
2026-04-06 17:00:00,4.589102
2026-04-06 18:00:00,5.0125175
2026-04-06 19:00:00,4.686254
2026-04-06 20:00:00,5.1004586
2026-04-06 21:00:00,4.9812207
2026-04-06 22:00:00,4.785798
2026-04-06 23:00:00,5.235722
2026-04-07 00:00:00,5.9672523
2026-04-07 01:00:00,6.6291575
2026-04-07 02:00:00,7.07519
2026-04-07 03:00:00,7.1225133
2026-04-07 04:00:00,7.1300554
2026-04-07 05:00:00,7.2489257
2026-04-07 06:00:00,7.306505
2026-04-07 07:00:00,6.608094
2026-04-07 08:00:00,7.720502
2026-04-07 09:00:00,7.935006
2026-04-07 10:00:00,7.8222446
2026-04-07 11:00:00,7.6471043
2026-04-07 12:00:00,7.780186
2026-04-07 13:00:00,7.5416064
2026-04-07 14:00:00,7.195172
2026-04-07 15:00:00,6.709448
2026-04-07 16:00:00,5.767266
2026-04-07 17:00:00,4.6325073
2026-04-07 18:00:00,4.6255236
2026-04-07 19:00:00,5.858204
2026-04-07 20:00:00,6.847881
2026-04-07 21:00:00,7.1743197
2026-04-07 22:00:00,7.3109117
2026-04-07 23:00:00,7.421861
2026-04-08 00:00:00,7.4867496
2026-04-08 01:00:00,7.6564384
2026-04-08 02:00:00,7.555085
2026-04-08 03:00:00,7.2286096
2026-04-08 04:00:00,6.8242993
2026-04-08 05:00:00,6.5933733
2026-04-08 06:00:00,6.2603726
2026-04-08 07:00:00,5.637079
2026-04-08 08:00:00,6.723967
2026-04-08 09:00:00,6.8952065
2026-04-08 10:00:00,6.784847
2026-04-08 11:00:00,6.3989167
2026-04-08 12:00:00,6.016609
2026-04-08 13:00:00,5.7426534
2026-04-08 14:00:00,5.591953
2026-04-08 15:00:00,5.4158664
2026-04-08 16:00:00,5.4106507
2026-04-08 17:00:00,4.923764
2026-04-08 18:00:00,4.8409443
2026-04-08 19:00:00,5.6342044
2026-04-08 20:00:00,6.116527
2026-04-08 21:00:00,6.688453
2026-04-08 22:00:00,6.9889064
2026-04-08 23:00:00,6.902756
2026-04-09 00:00:00,6.350629
2026-04-09 01:00:00,5.8792257
2026-04-09 02:00:00,5.435304
2026-04-09 03:00:00,5.266199
2026-04-09 04:00:00,5.084252
2026-04-09 05:00:00,5.0426903
2026-04-09 06:00:00,5.3620505
2026-04-09 07:00:00,4.8283405
2026-04-09 08:00:00,5.761639
2026-04-09 09:00:00,5.9237647
2026-04-09 10:00:00,5.566177
2026-04-09 11:00:00,5.23485
2026-04-09 12:00:00,4.8563867
2026-04-09 13:00:00,4.2654867
2026-04-09 14:00:00,3.9346526
2026-04-09 15:00:00,3.7165258
2026-04-09 16:00:00,3.4844124
2026-04-09 17:00:00,3.4850783
2026-04-09 18:00:00,3.668018
2026-04-09 19:00:00,4.33717
2026-04-09 20:00:00,4.3056135
2026-04-09 21:00:00,3.6474261
2026-04-09 22:00:00,3.5435297
2026-04-09 23:00:00,3.921946
2026-04-10 00:00:00,4.386139
2026-04-10 01:00:00,4.852316
2026-04-10 02:00:00,4.6628275
2026-04-10 03:00:00,4.516396
2026-04-10 04:00:00,4.6512403
2026-04-10 05:00:00,4.9276686
2026-04-10 06:00:00,5.1758976
2026-04-10 07:00:00,4.441214
2026-04-10 08:00:00,4.4774046
2026-04-10 09:00:00,5.009866
2026-04-10 10:00:00,4.3574195
2026-04-10 11:00:00,3.7933664
2026-04-10 12:00:00,3.7967253
2026-04-10 13:00:00,3.7911012
2026-04-10 14:00:00,3.7482896
2026-04-10 15:00:00,3.5873983
2026-04-10 16:00:00,3.545949
2026-04-10 17:00:00,3.3741305
2026-04-10 18:00:00,3.7335303
2026-04-10 19:00:00,4.9662285
2026-04-10 20:00:00,6.0033526
2026-04-10 21:00:00,6.6362777
2026-04-10 22:00:00,6.737541
2026-04-10 23:00:00,7.048158
2026-04-11 00:00:00,6.9335637
2026-04-11 01:00:00,6.9569187
2026-04-11 02:00:00,7.339735
2026-04-11 03:00:00,7.792438
2026-04-11 04:00:00,8.059026
2026-04-11 05:00:00,7.876456
2026-04-11 06:00:00,7.610585
2026-04-11 07:00:00,6.712284
2026-04-11 08:00:00,8.174144
2026-04-11 09:00:00,7.9856544
2026-04-11 10:00:00,7.2424583
2026-04-11 11:00:00,6.965314
2026-04-11 12:00:00,6.451899
2026-04-11 13:00:00,6.033381
2026-04-11 14:00:00,5.7049
2026-04-11 15:00:00,5.5831656
2026-04-11 16:00:00,5.445422
2026-04-11 17:00:00,4.7645636
2026-04-11 18:00:00,4.79595
2026-04-11 19:00:00,5.596
2026-04-11 20:00:00,6.1228504
2026-04-11 21:00:00,7.1032424
2026-04-11 22:00:00,7.8370767
2026-04-11 23:00:00,7.9055142
2026-04-12 00:00:00,7.854506
2026-04-12 01:00:00,8.02057
2026-04-12 02:00:00,8.135848
2026-04-12 03:00:00,8.130794
2026-04-12 04:00:00,8.111828
2026-04-12 05:00:00,7.9050484
2026-04-12 06:00:00,7.6262884
2026-04-12 07:00:00,7.132794
2026-04-12 08:00:00,8.53911
2026-04-12 09:00:00,8.680675
2026-04-12 10:00:00,8.177012
2026-04-12 11:00:00,7.7744465
2026-04-12 12:00:00,7.273476
2026-04-12 13:00:00,6.5841107
2026-04-12 14:00:00,5.9883485
2026-04-12 15:00:00,5.581598
2026-04-12 16:00:00,5.435266
2026-04-12 17:00:00,5.1281176
2026-04-12 18:00:00,5.2331433
2026-04-12 19:00:00,5.7000766
2026-04-12 20:00:00,6.3438725
2026-04-12 21:00:00,6.845782
2026-04-12 22:00:00,7.164862
2026-04-12 23:00:00,7.285365
2026-04-13 00:00:00,7.241588
2026-04-13 01:00:00,7.5366187
2026-04-13 02:00:00,7.9177413
2026-04-13 03:00:00,8.189066
2026-04-13 04:00:00,8.177145
2026-04-13 05:00:00,8.018688
2026-04-13 06:00:00,7.7797747
2026-04-13 07:00:00,7.2763925
2026-04-13 08:00:00,8.495721
2026-04-13 09:00:00,8.651176
2026-04-13 10:00:00,8.038836
2026-04-13 11:00:00,7.4852047
2026-04-13 12:00:00,7.0793023
2026-04-13 13:00:00,6.5586696
2026-04-13 14:00:00,6.1742854
2026-04-13 15:00:00,5.7953563
2026-04-13 16:00:00,5.6387763
2026-04-13 17:00:00,5.402397
2026-04-13 18:00:00,5.5166445
2026-04-13 19:00:00,5.788676
2026-04-13 20:00:00,6.6456885
2026-04-13 21:00:00,7.4500513
2026-04-13 22:00:00,7.9464064
2026-04-13 23:00:00,8.012202
2026-04-14 00:00:00,8.143496
2026-04-14 01:00:00,8.307052
2026-04-14 02:00:00,8.39458
2026-04-14 03:00:00,8.379219
2026-04-14 04:00:00,8.166592
2026-04-14 05:00:00,7.896913
2026-04-14 06:00:00,7.7388754
2026-04-14 07:00:00,6.97161
2026-04-14 08:00:00,9.246881
2026-04-14 09:00:00,9.105819
2026-04-14 10:00:00,8.560181
2026-04-14 11:00:00,7.987196
2026-04-14 12:00:00,7.5981345
2026-04-14 13:00:00,7.2907743
2026-04-14 14:00:00,6.931693
2026-04-14 15:00:00,6.4722676
2026-04-14 16:00:00,6.27539
2026-04-14 17:00:00,5.9959173
2026-04-14 18:00:00,5.914743
2026-04-14 19:00:00,6.930506
2026-04-14 20:00:00,7.51911
2026-04-14 21:00:00,8.155777
2026-04-14 22:00:00,8.806275
2026-04-14 23:00:00,8.562785
2026-04-15 00:00:00,8.141203
2026-04-15 01:00:00,8.139319
2026-04-15 02:00:00,7.9290147
2026-04-15 03:00:00,7.7049623
2026-04-15 04:00:00,7.869014
2026-04-15 05:00:00,8.024657
2026-04-15 06:00:00,7.9645076
2026-04-15 07:00:00,8.437605
2026-04-15 08:00:00,8.862394
2026-04-15 09:00:00,8.690451
2026-04-15 10:00:00,8.153852
2026-04-15 11:00:00,7.866992
2026-04-15 12:00:00,7.709422
2026-04-15 13:00:00,7.183675
2026-04-15 14:00:00,6.727211
2026-04-15 15:00:00,6.1654606
2026-04-15 16:00:00,5.84847
2026-04-15 17:00:00,5.1761136
2026-04-15 18:00:00,4.9296937
2026-04-15 19:00:00,4.7753587
2026-04-15 20:00:00,5.6349716
2026-04-15 21:00:00,6.4400907
2026-04-15 22:00:00,7.1439476
2026-04-15 23:00:00,7.482408
2026-04-16 00:00:00,7.6455746
2026-04-16 01:00:00,7.4212937
2026-04-16 02:00:00,7.2799435
2026-04-16 03:00:00,7.4486656
2026-04-16 04:00:00,7.7081447
2026-04-16 05:00:00,7.683562
2026-04-16 06:00:00,7.2976193
2026-04-16 07:00:00,6.478022
2026-04-16 08:00:00,6.847014
2026-04-16 09:00:00,7.3026714
2026-04-16 10:00:00,7.5705347
2026-04-16 11:00:00,7.363816
2026-04-16 12:00:00,7.0236926
2026-04-16 13:00:00,6.2790017
2026-04-16 14:00:00,5.708429
2026-04-16 15:00:00,5.338897
2026-04-16 16:00:00,5.316346
2026-04-16 17:00:00,5.164483
2026-04-16 18:00:00,4.939052
2026-04-16 19:00:00,5.851035
2026-04-16 20:00:00,6.602751
2026-04-16 21:00:00,7.00467
2026-04-16 22:00:00,6.925535
2026-04-16 23:00:00,7.00781
2026-04-17 00:00:00,7.1769834
2026-04-17 01:00:00,7.127591
2026-04-17 02:00:00,7.048194
2026-04-17 03:00:00,7.1640477
2026-04-17 04:00:00,7.460247
2026-04-17 05:00:00,7.7422824
2026-04-17 06:00:00,7.9068913
2026-04-17 07:00:00,7.7476373
2026-04-17 08:00:00,8.420931
2026-04-17 09:00:00,8.092837
2026-04-17 10:00:00,7.53296
2026-04-17 11:00:00,7.1048474
2026-04-17 12:00:00,6.6860614
2026-04-17 13:00:00,6.2439003
2026-04-17 14:00:00,5.9408703
2026-04-17 15:00:00,5.685039
2026-04-17 16:00:00,5.6799107
2026-04-17 17:00:00,5.239483
2026-04-17 18:00:00,5.0039062
2026-04-17 19:00:00,6.649051
2026-04-17 20:00:00,7.1579895
2026-04-17 21:00:00,7.8851767
2026-04-17 22:00:00,8.173845
2026-04-17 23:00:00,7.7930775
2026-04-18 00:00:00,7.48673
2026-04-18 01:00:00,7.160303
2026-04-18 02:00:00,7.28046
2026-04-18 03:00:00,7.048353
2026-04-18 04:00:00,7.2858043
2026-04-18 05:00:00,7.755532
2026-04-18 06:00:00,7.791112
2026-04-18 07:00:00,7.386016
2026-04-18 08:00:00,7.2841716
2026-04-18 09:00:00,7.077016
2026-04-18 10:00:00,7.0180564
2026-04-18 11:00:00,6.6435356
2026-04-18 12:00:00,5.9622474
2026-04-18 13:00:00,5.346295
2026-04-18 14:00:00,4.964378
2026-04-18 15:00:00,4.788724
2026-04-18 16:00:00,4.8506904
2026-04-18 17:00:00,4.601375
2026-04-18 18:00:00,4.723694
2026-04-18 19:00:00,6.0830126
2026-04-18 20:00:00,6.1472917
2026-04-18 21:00:00,5.873505
2026-04-18 22:00:00,5.2453375
2026-04-18 23:00:00,5.5058885
2026-04-19 00:00:00,5.7453327
2026-04-19 01:00:00,5.847568
2026-04-19 02:00:00,6.3558407
2026-04-19 03:00:00,6.863917
2026-04-19 04:00:00,7.1974587
2026-04-19 05:00:00,6.9799466
2026-04-19 06:00:00,6.5994673
2026-04-19 07:00:00,5.9526935
2026-04-19 08:00:00,7.2456455
2026-04-19 09:00:00,6.612034
2026-04-19 10:00:00,6.011252
2026-04-19 11:00:00,5.5794654
2026-04-19 12:00:00,5.073557
2026-04-19 13:00:00,4.5454183
2026-04-19 14:00:00,4.357599
2026-04-19 15:00:00,4.0518723
2026-04-19 16:00:00,4.1123476
2026-04-19 17:00:00,4.1199846
2026-04-19 18:00:00,4.3971953
2026-04-19 19:00:00,5.106209
2026-04-19 20:00:00,5.3051853
2026-04-19 21:00:00,4.999541
2026-04-19 22:00:00,4.351089
2026-04-19 23:00:00,3.6637352
2026-04-20 00:00:00,3.0738003
2026-04-20 01:00:00,2.7743094
2026-04-20 02:00:00,2.6822717
2026-04-20 03:00:00,2.7335718
2026-04-20 04:00:00,2.7410805
2026-04-20 05:00:00,3.0402062
2026-04-20 06:00:00,3.7979221
2026-04-20 07:00:00,4.227563
2026-04-20 08:00:00,4.8723183
2026-04-20 09:00:00,4.420349
2026-04-20 10:00:00,4.000965
2026-04-20 11:00:00,4.0439143
2026-04-20 12:00:00,4.0272827
2026-04-20 13:00:00,3.956047
2026-04-20 14:00:00,3.9520748
2026-04-20 15:00:00,4.0019174
2026-04-20 16:00:00,3.9855502
2026-04-20 17:00:00,4.3778872
2026-04-20 18:00:00,4.173485
2026-04-20 19:00:00,4.3231688
2026-04-20 20:00:00,5.0380807
2026-04-20 21:00:00,6.040095
2026-04-20 22:00:00,6.8288145
2026-04-20 23:00:00,6.892836
2026-04-21 00:00:00,6.684758
